nom produit,numero AMM,Substances actives,identifiant usage,etat usage,dose retenue,dose retenue unite,delai avant recolte jour
NEMO,2080088,nicosulfuron (Nicosulfuron) 40.0 g/L,Maïs*Désherbage,Autorisé,1.5,L/ha,
SARACEN DELTA,2190312,florasulame (Florasulam) 50.0 g/L | diflufénicanil (Diflufenican) 500.0 g/L,Orge*Désherbage,Autorisé,0.075,L/ha,
SARACEN DELTA,2190312,florasulame (Florasulam) 50.0 g/L | diflufénicanil (Diflufenican) 500.0 g/L,Orge*Désherbage,Autorisé,0.1,L/ha,
SARACEN DELTA,2190312,florasulame (Florasulam) 50.0 g/L | diflufénicanil (Diflufenican) 500.0 g/L,Orge*Désherbage,Autorisé,0.1,L/ha,
SARACEN DELTA,2190312,florasulame (Florasulam) 50.0 g/L | diflufénicanil (Diflufenican) 500.0 g/L,Blé*Désherbage,Autorisé,0.075,L/ha,
SARACEN DELTA,2190312,florasulame (Florasulam) 50.0 g/L | diflufénicanil (Diflufenican) 500.0 g/L,Blé*Désherbage,Autorisé,0.1,L/ha,
SARACEN DELTA,2190312,florasulame (Florasulam) 50.0 g/L | diflufénicanil (Diflufenican) 500.0 g/L,Blé*Désherbage,Autorisé,0.1,L/ha,
"BELEM 0,8 MG",2090050,cyperméthrine (Cypermethrin) 8.0 g/kg,Maïs doux*Trt Sol*Ravageurs du sol,Autorisé,12.0,kg/ha,
"BELEM 0,8 MG",2090050,cyperméthrine (Cypermethrin) 8.0 g/kg,Maïs*Trt Sol*Ravageurs du sol,Autorisé,12.0,kg/ha,
"BELEM 0,8 MG",2090050,cyperméthrine (Cypermethrin) 8.0 g/kg,Tournesol*Trt Sol*Ravageurs du sol,Autorisé,12.0,kg/ha,
KORIT 420 FS,2120041,zirame (Ziram) 420.0 g/L,Maïs*Trt Sem.*Répulsif Corbeaux,Autorisé,0.6,L/q,
TYRAN,9400336,chlorure de chlorméquat (Chlormequat) 460.0 g/L,Blé*Trt Part.Aer.*Régul. Croiss. Org. Aériens,Autorisé,2.0,L/ha,
TYRAN,9400336,chlorure de chlorméquat (Chlormequat) 460.0 g/L,Blé*Trt Part.Aer.*Régul. Croiss. Org. Aériens,Autorisé,1.0,L/ha,
TYRAN,9400336,chlorure de chlorméquat (Chlormequat) 460.0 g/L,Blé*Trt Part.Aer.*Régul. Croiss. Org. Aériens,Autorisé,2.0,L/ha,
CUTER,2220646,mésotrione (Mesotrione) 100.0 g/L,Maïs doux*Désherbage,Autorisé,0.75,L/ha,
CUTER,2220646,mésotrione (Mesotrione) 100.0 g/L,Maïs*Désherbage,Autorisé,1.5,L/ha,
CUTER,2220646,mésotrione (Mesotrione) 100.0 g/L,Maïs doux*Désherbage,Autorisé,0.75,L/ha,
CUTER,2220646,mésotrione (Mesotrione) 100.0 g/L,Maïs*Désherbage,Autorisé,1.5,L/ha,
CUTER,2220646,mésotrione (Mesotrione) 100.0 g/L,Maïs*Désherbage,Autorisé,0.75,L/ha,
CUTER,2220646,mésotrione (Mesotrione) 100.0 g/L,Maïs*Désherbage,Autorisé,1.5,L/ha,
CUTER,2220646,mésotrione (Mesotrione) 100.0 g/L,Maïs*Désherbage,Autorisé,0.75,L/ha,
CUTER,2220646,mésotrione (Mesotrione) 100.0 g/L,Maïs*Désherbage,Autorisé,1.5,L/ha,
CUTER,2220646,mésotrione (Mesotrione) 100.0 g/L,Maïs*Désherbage,Autorisé,0.75,L/ha,
CUTER,2220646,mésotrione (Mesotrione) 100.0 g/L,Maïs*Désherbage,Autorisé,1.0,L/ha,
CUTER,2220646,mésotrione (Mesotrione) 100.0 g/L,Maïs*Désherbage,Autorisé,0.5,L/ha,
CUTER,2220646,mésotrione (Mesotrione) 100.0 g/L,Maïs*Désherbage,Autorisé,0.5,L/ha,
CUTER,2220646,mésotrione (Mesotrione) 100.0 g/L,Maïs*Désherbage,Autorisé,1.5,L/ha,
CUTER,2220646,mésotrione (Mesotrione) 100.0 g/L,Maïs*Désherbage,Autorisé,0.75,L/ha,
CUTER,2220646,mésotrione (Mesotrione) 100.0 g/L,Maïs*Désherbage,Autorisé,0.75,L/ha,
BAROUD SC,2030404,pendiméthaline (Pendimethalin) 400.0 g/L,Blé*Désherbage,Autorisé,2.5,L/ha,
BAROUD SC,2030404,pendiméthaline (Pendimethalin) 400.0 g/L,Orge*Désherbage,Autorisé,2.5,L/ha,
BAROUD SC,2030404,pendiméthaline (Pendimethalin) 400.0 g/L,Tournesol*Désherbage,Autorisé,3.0,L/ha,
NIKITA,2170358,nicosulfuron (Nicosulfuron) 100.0 g/kg | dicamba (Dicamba) 312.5 g/kg | mésotrione (Mesotrione) 150.0 g/kg,Maïs*Désherbage,Autorisé,0.6,kg/ha,
ALOHA,2190396,Metsulfuron-methyl (Metsulfuron-methyl) 200.0 g/kg,Orge*Désherbage,Autorisé,0.03,kg/ha,
MESOSTAR,2150084,mésotrione (Mesotrione) 100.0 g/L,Maïs doux*Désherbage,Autorisé,0.75,L/ha,
MESOSTAR,2150084,mésotrione (Mesotrione) 100.0 g/L,Maïs*Désherbage,Autorisé,1.5,L/ha,
MESOSTAR,2150084,mésotrione (Mesotrione) 100.0 g/L,Maïs doux*Désherbage,Autorisé,0.75,L/ha,
KIDEKA,2170360,mésotrione (Mesotrione) 100.0 g/L,Maïs*Désherbage,Autorisé,1.5,L/ha,
KIDEKA,2170360,mésotrione (Mesotrione) 100.0 g/L,Maïs doux*Désherbage,Autorisé,1.5,L/ha,
KIDEKA,2170360,mésotrione (Mesotrione) 100.0 g/L,Maïs doux*Désherbage,Autorisé,0.75,L/ha,
KIDEKA,2170360,mésotrione (Mesotrione) 100.0 g/L,Maïs doux*Désherbage,Autorisé,0.75,L/ha,
KIDEKA,2170360,mésotrione (Mesotrione) 100.0 g/L,Maïs*Désherbage,Autorisé,0.75,L/ha,
KIDEKA,2170360,mésotrione (Mesotrione) 100.0 g/L,Maïs*Désherbage,Autorisé,0.75,L/ha,
QUICK 5% EC,2140099,quizalofop-P-éthyl (Quizalofop-P-ethyl) 50.0 g/L,Tournesol*Désherbage,Autorisé,3.0,L/ha,
OLORIM WG,2150020,rimsulfuron (Rimsulfuron) 25.0 %,Maïs*Désherbage,Autorisé,0.06,kg/ha,
BACKPACK,2150845,florasulame (Florasulam) 1.0 g/L | fluroxypyr-méptyl (Fluroxypyr) 144.0 g/L,Maïs*Désherbage,Autorisé,1.2,L/ha,
BACKPACK,2150845,florasulame (Florasulam) 1.0 g/L | fluroxypyr-méptyl (Fluroxypyr) 144.0 g/L,Orge*Désherbage,Autorisé,1.8,L/ha,
BACKPACK,2150845,florasulame (Florasulam) 1.0 g/L | fluroxypyr-méptyl (Fluroxypyr) 144.0 g/L,Blé*Désherbage,Autorisé,1.8,L/ha,
BACKPACK,2150845,florasulame (Florasulam) 1.0 g/L | fluroxypyr-méptyl (Fluroxypyr) 144.0 g/L,Blé*Désherbage,Autorisé,1.8,L/ha,
BACKPACK,2150845,florasulame (Florasulam) 1.0 g/L | fluroxypyr-méptyl (Fluroxypyr) 144.0 g/L,Blé*Désherbage,Autorisé,1.8,L/ha,
BACKPACK,2150845,florasulame (Florasulam) 1.0 g/L | fluroxypyr-méptyl (Fluroxypyr) 144.0 g/L,Orge*Désherbage,Autorisé,1.8,L/ha,
GLOBUS,2150870,florasulame (Florasulam) 50.0 g/L,Orge*Désherbage,Autorisé,0.08,L/ha,
GLOBUS,2150870,florasulame (Florasulam) 50.0 g/L,Orge*Désherbage,Autorisé,0.15,L/ha,
GLOBUS,2150870,florasulame (Florasulam) 50.0 g/L,Blé*Désherbage,Autorisé,0.08,L/ha,
GLOBUS,2150870,florasulame (Florasulam) 50.0 g/L,Blé*Désherbage,Autorisé,0.15,L/ha,
GLOBUS,2150870,florasulame (Florasulam) 50.0 g/L,Blé*Désherbage,Autorisé,0.15,L/ha,
GLOBUS,2150870,florasulame (Florasulam) 50.0 g/L,Orge*Désherbage,Autorisé,0.15,L/ha,
GLOBUS,2150870,florasulame (Florasulam) 50.0 g/L,Blé*Désherbage,Autorisé,0.15,L/ha,
COMPLEXUGEC,6600501,"2,4-D sel de diéthanolamine (2,4-D) 275.0 g/L | MCPA sel de diméthylamine (MCPA) 275.0 g/L",Orge*Désherbage,Autorisé,1.3,L/ha,
COMPLEXUGEC,6600501,"2,4-D sel de diéthanolamine (2,4-D) 275.0 g/L | MCPA sel de diméthylamine (MCPA) 275.0 g/L",Orge*Désherbage,Autorisé,1.5,L/ha,
COMPLEXUGEC,6600501,"2,4-D sel de diéthanolamine (2,4-D) 275.0 g/L | MCPA sel de diméthylamine (MCPA) 275.0 g/L",Blé*Désherbage,Autorisé,1.3,L/ha,
COMPLEXUGEC,6600501,"2,4-D sel de diéthanolamine (2,4-D) 275.0 g/L | MCPA sel de diméthylamine (MCPA) 275.0 g/L",Blé*Désherbage,Autorisé,1.5,L/ha,
SARACEN,2140002,florasulame (Florasulam) 50.0 g/L,Orge*Désherbage,Autorisé,80.0,mL/ha,
SARACEN,2140002,florasulame (Florasulam) 50.0 g/L,Orge*Désherbage,Autorisé,150.0,mL/ha,
SARACEN,2140002,florasulame (Florasulam) 50.0 g/L,Orge*Désherbage,Autorisé,150.0,mL/ha,
SARACEN,2140002,florasulame (Florasulam) 50.0 g/L,Blé*Désherbage,Autorisé,150.0,mL/ha,
SARACEN,2140002,florasulame (Florasulam) 50.0 g/L,Blé*Désherbage,Autorisé,150.0,mL/ha,
SARACEN,2140002,florasulame (Florasulam) 50.0 g/L,Blé*Désherbage,Autorisé,80.0,mL/ha,
SARACEN,2140002,florasulame (Florasulam) 50.0 g/L,Blé*Désherbage,Autorisé,150.0,mL/ha,
RACER ME,8700020,flurochloridone (Flurochloridone) 250.0 g/L,Tournesol*Désherbage,Autorisé,3.0,L/ha,
MADISON,2100057,prothioconazole (Prothioconazole) 175.0 g/L | trifloxystrobine (Trifloxystrobin) 88.0 g/L,Orge*Trt Part.Aer.*Fusarioses,Autorisé,1.0,L/ha,
MADISON,2100057,prothioconazole (Prothioconazole) 175.0 g/L | trifloxystrobine (Trifloxystrobin) 88.0 g/L,Orge*Trt Part.Aer.*Helminthosporiose et ramulariose,Autorisé,1.0,L/ha,
MADISON,2100057,prothioconazole (Prothioconazole) 175.0 g/L | trifloxystrobine (Trifloxystrobin) 88.0 g/L,Orge*Trt Part.Aer.*Oïdium(s),Autorisé,1.0,L/ha,
MADISON,2100057,prothioconazole (Prothioconazole) 175.0 g/L | trifloxystrobine (Trifloxystrobin) 88.0 g/L,Orge*Trt Part.Aer.*Rhynchosporiose,Autorisé,1.0,L/ha,
MADISON,2100057,prothioconazole (Prothioconazole) 175.0 g/L | trifloxystrobine (Trifloxystrobin) 88.0 g/L,Orge*Trt Part.Aer.*Rouille(s),Autorisé,1.0,L/ha,
MADISON,2100057,prothioconazole (Prothioconazole) 175.0 g/L | trifloxystrobine (Trifloxystrobin) 88.0 g/L,Blé*Trt Part.Aer.*Fusarioses,Autorisé,1.0,L/ha,
MADISON,2100057,prothioconazole (Prothioconazole) 175.0 g/L | trifloxystrobine (Trifloxystrobin) 88.0 g/L,Blé*Trt Part.Aer.*Helminthosporiose,Autorisé,1.0,L/ha,
MADISON,2100057,prothioconazole (Prothioconazole) 175.0 g/L | trifloxystrobine (Trifloxystrobin) 88.0 g/L,Blé*Trt Part.Aer.*Oïdium(s),Autorisé,1.0,L/ha,
MADISON,2100057,prothioconazole (Prothioconazole) 175.0 g/L | trifloxystrobine (Trifloxystrobin) 88.0 g/L,Blé*Trt Part.Aer.*Piétin verse,Autorisé,1.0,L/ha,
MADISON,2100057,prothioconazole (Prothioconazole) 175.0 g/L | trifloxystrobine (Trifloxystrobin) 88.0 g/L,Blé*Trt Part.Aer.*Rouille(s),Autorisé,1.0,L/ha,
MADISON,2100057,prothioconazole (Prothioconazole) 175.0 g/L | trifloxystrobine (Trifloxystrobin) 88.0 g/L,Blé*Trt Part.Aer.*Septoriose(s),Autorisé,1.0,L/ha,
MADISON,2100057,prothioconazole (Prothioconazole) 175.0 g/L | trifloxystrobine (Trifloxystrobin) 88.0 g/L,Blé*Trt Part.Aer.*Fusariose à microdochium,Autorisé,1.0,L/ha,
MYCOSTOP,2140208,Streptomyces souche K61 (Streptomyces K61 (formerly S. griseoviridis)) 500000000 UFC/g,Maïs doux*Trt Sem. Plants*Champignons (pythiacées),Autorisé,8.0,g/kg,
MYCOSTOP,2140208,Streptomyces souche K61 (Streptomyces K61 (formerly S. griseoviridis)) 500000000 UFC/g,Porte graine - Maïs*Trt Sem. Plants*Champignons (pythiacées),Autorisé,8.0,g/kg,
KAMBA 480 SL,2180271,dicamba (Dicamba) 480.0 g/L,Maïs*Désherbage,Autorisé,0.6,L/ha,
KAMBA 480 SL,2180271,dicamba (Dicamba) 480.0 g/L,Maïs*Désherbage,Autorisé,0.5,L/ha,
ARCADIS SC,2150626,mésotrione (Mesotrione) 100.0 g/L,Maïs*Désherbage,Autorisé,1.5,L/ha,
ARCADIS SC,2150626,mésotrione (Mesotrione) 100.0 g/L,Maïs doux*Désherbage,Autorisé,0.75,L/ha,42.0
MONSOON ACTIVE,2130164,thiencarbazone-méthyl (Thiencarbazone) 10.0 g/L | foramsulfuron (Foramsulfuron) 30.0 g/L | cyprosulfamide (Cyprosulfamide) 15.0 g/L,Maïs*Désherbage,Autorisé,1.5,L/ha,
C5 FLEX,2030342,chlorure de chlorméquat (Chlormequat) 460.0 g/L,Blé*Trt Part.Aer.*Régul. Croiss. Org. Aériens,Autorisé,3.3,L/ha,
C5 FLEX,2030342,chlorure de chlorméquat (Chlormequat) 460.0 g/L,Blé*Trt Part.Aer.*Régul. Croiss. Org. Aériens,Autorisé,2.0,L/ha,
C3-CHOC,9300040,chlorure de chlorméquat (Chlormequat) 460.0 g/L,Blé*Trt Part.Aer.*Régul. Croiss. Org. Aériens,Autorisé,2.0,L/ha,
AGRICHEM MECOPROP-P 600 SL,2130011,mécoprop-P (Mecoprop-P) 600.0 g/L,Orge*Désherbage,Autorisé,1.33,L/ha,
AGRICHEM MECOPROP-P 600 SL,2130011,mécoprop-P (Mecoprop-P) 600.0 g/L,Orge*Désherbage,Autorisé,1.33,L/ha,
AGRICHEM MECOPROP-P 600 SL,2130011,mécoprop-P (Mecoprop-P) 600.0 g/L,Blé*Désherbage,Autorisé,1.33,L/ha,
AGRICHEM MECOPROP-P 600 SL,2130011,mécoprop-P (Mecoprop-P) 600.0 g/L,Blé*Désherbage,Autorisé,1.33,L/ha,
EMCEE,2190461,MCPA (MCPA) 750.0 g/L,Orge*Désherbage,Autorisé,1.0,L/ha,
EMCEE,2190461,MCPA (MCPA) 750.0 g/L,Orge*Désherbage,Autorisé,1.0,L/ha,
EMCEE,2190461,MCPA (MCPA) 750.0 g/L,Blé*Désherbage,Autorisé,1.0,L/ha,
EMCEE,2190461,MCPA (MCPA) 750.0 g/L,Blé*Désherbage,Autorisé,1.0,L/ha,
EVEREST,2200272,éthéphon (Ethephon) 480.0 g/L,Orge*Trt Part.Aer.*Régul. Croiss. Org. Aériens,Autorisé,0.75,L/ha,
EVEREST,2200272,éthéphon (Ethephon) 480.0 g/L,Orge*Trt Part.Aer.*Régul. Croiss. Org. Aériens,Autorisé,1.0,L/ha,
EVEREST,2200272,éthéphon (Ethephon) 480.0 g/L,Blé*Trt Part.Aer.*Régul. Croiss. Org. Aériens,Autorisé,0.6,L/ha,
EVEREST,2200272,éthéphon (Ethephon) 480.0 g/L,Blé*Trt Part.Aer.*Régul. Croiss. Org. Aériens,Autorisé,1.0,L/ha,
ANL-F004,2190264,hydrogénocarbonate de potassium (Potassium hydrogen carbonate) 850.0 g/kg,Blé*Trt Part.Aer.*Fusarioses,Autorisé,5.0,kg/ha,
ANL-F004,2190264,hydrogénocarbonate de potassium (Potassium hydrogen carbonate) 850.0 g/kg,Blé*Trt Part.Aer.*Septoriose(s),Autorisé,5.0,kg/ha,
ANL-F004,2190264,hydrogénocarbonate de potassium (Potassium hydrogen carbonate) 850.0 g/kg,Blé*Trt Part.Aer.*Rouille(s),Autorisé,5.0,kg/ha,
COPASTAR,2180733,azoxystrobine (Azoxystrobin) 250.0 g/L,Maïs*Trt Part.Aer.*Maladies des taches foliaires,Autorisé,1.0,L/ha,
COPASTAR,2180733,azoxystrobine (Azoxystrobin) 250.0 g/L,Orge*Trt Part.Aer.*Rouille(s),Autorisé,1.0,L/ha,
COPASTAR,2180733,azoxystrobine (Azoxystrobin) 250.0 g/L,Maïs*Trt Sol*Champignons (autres que pythiacées),Autorisé,1.0,L/ha,
COPASTAR,2180733,azoxystrobine (Azoxystrobin) 250.0 g/L,Orge*Trt Part.Aer.*Helminthosporiose et ramulariose,Autorisé,1.0,L/ha,
COPASTAR,2180733,azoxystrobine (Azoxystrobin) 250.0 g/L,Orge*Trt Part.Aer.*Rhynchosporiose,Autorisé,1.0,L/ha,
COPASTAR,2180733,azoxystrobine (Azoxystrobin) 250.0 g/L,Blé*Trt Part.Aer.*Rouille(s),Autorisé,1.0,L/ha,
CLYDE,2210142,florasulame (Florasulam) 250.0 g/kg,Orge*Désherbage,Autorisé,25.0,g/ha,
CLYDE,2210142,florasulame (Florasulam) 250.0 g/kg,Orge*Désherbage,Autorisé,25.0,g/ha,
CLYDE,2210142,florasulame (Florasulam) 250.0 g/kg,Blé*Désherbage,Autorisé,25.0,g/ha,
CLYDE,2210142,florasulame (Florasulam) 250.0 g/kg,Blé*Désherbage,Autorisé,25.0,g/ha,
CLEAVE,2200028,florasulame (Florasulam) 2.5 g/L | fluroxypyr-méptyl (Fluroxypyr) 144.0 g/L,Orge*Désherbage,Autorisé,1.8,L/ha,
CLEAVE,2200028,florasulame (Florasulam) 2.5 g/L | fluroxypyr-méptyl (Fluroxypyr) 144.0 g/L,Orge*Désherbage,Autorisé,1.8,L/ha,
CLEAVE,2200028,florasulame (Florasulam) 2.5 g/L | fluroxypyr-méptyl (Fluroxypyr) 144.0 g/L,Orge*Désherbage,Autorisé,1.8,L/ha,
CLEAVE,2200028,florasulame (Florasulam) 2.5 g/L | fluroxypyr-méptyl (Fluroxypyr) 144.0 g/L,Blé*Désherbage,Autorisé,1.8,L/ha,
CLEAVE,2200028,florasulame (Florasulam) 2.5 g/L | fluroxypyr-méptyl (Fluroxypyr) 144.0 g/L,Blé*Désherbage,Autorisé,1.8,L/ha,
CLEAVE,2200028,florasulame (Florasulam) 2.5 g/L | fluroxypyr-méptyl (Fluroxypyr) 144.0 g/L,Blé*Désherbage,Autorisé,1.8,L/ha,
CLEAVE,2200028,florasulame (Florasulam) 2.5 g/L | fluroxypyr-méptyl (Fluroxypyr) 144.0 g/L,Blé*Désherbage,Autorisé,1.8,L/ha,
AUSTRAL PLUS NET,2140078,téfluthrine (Tefluthrin) 40.0 g/L | fludioxonil (Fludioxonil) 10.0 g/L,Orge*Trt Sem.*Champignons (autres que pythiacées),Autorisé,0.5,L/q,
AUSTRAL PLUS NET,2140078,téfluthrine (Tefluthrin) 40.0 g/L | fludioxonil (Fludioxonil) 10.0 g/L,Blé*Trt Sem.*Champignons (autres que pythiacées),Autorisé,0.5,L/q,
UNICORN DF,2160705,soufre (Sulphur) 700.0 g/kg | tébuconazole (Tebuconazole) 45.0 g/kg,Blé*Trt Part.Aer.*Fusarioses,Autorisé,5.0,kg/ha,35.0
UNICORN DF,2160705,soufre (Sulphur) 700.0 g/kg | tébuconazole (Tebuconazole) 45.0 g/kg,Blé*Trt Part.Aer.*Oïdium(s),Autorisé,5.0,kg/ha,35.0
UNICORN DF,2160705,soufre (Sulphur) 700.0 g/kg | tébuconazole (Tebuconazole) 45.0 g/kg,Blé*Trt Part.Aer.*Rouille(s),Autorisé,5.0,kg/ha,35.0
UNICORN DF,2160705,soufre (Sulphur) 700.0 g/kg | tébuconazole (Tebuconazole) 45.0 g/kg,Blé*Trt Part.Aer.*Septoriose(s),Autorisé,5.0,kg/ha,35.0
VIP,9600273,cloquintocet-mexyl (Cloquintocet mexyl) 20.0 g/L | clodinafop-propargyl (Clodinafop) 80.0 g/L,Blé*Désherbage,Autorisé,0.6,L/ha,42.0
FEZAN,2120208,tébuconazole (Tebuconazole) 250.0 g/L,Orge*Trt Part.Aer.*Helminthosporiose et ramulariose,Autorisé,1.0,L/ha,35.0
FEZAN,2120208,tébuconazole (Tebuconazole) 250.0 g/L,Orge*Trt Part.Aer.*Oïdium(s),Autorisé,1.0,L/ha,35.0
FEZAN,2120208,tébuconazole (Tebuconazole) 250.0 g/L,Orge*Trt Part.Aer.*Rhynchosporiose,Autorisé,1.0,L/ha,35.0
FEZAN,2120208,tébuconazole (Tebuconazole) 250.0 g/L,Orge*Trt Part.Aer.*Rouille(s),Autorisé,1.0,L/ha,35.0
FEZAN,2120208,tébuconazole (Tebuconazole) 250.0 g/L,Blé*Trt Part.Aer.*Fusarioses,Autorisé,1.0,L/ha,35.0
FEZAN,2120208,tébuconazole (Tebuconazole) 250.0 g/L,Blé*Trt Part.Aer.*Oïdium(s),Autorisé,1.0,L/ha,35.0
FEZAN,2120208,tébuconazole (Tebuconazole) 250.0 g/L,Blé*Trt Part.Aer.*Rouille(s),Autorisé,1.0,L/ha,35.0
FEZAN,2120208,tébuconazole (Tebuconazole) 250.0 g/L,Blé*Trt Part.Aer.*Septoriose(s),Autorisé,1.0,L/ha,35.0
KEYNYL,2210059,fluroxypyr-méptyl (Fluroxypyr) 288.0 g/L,Maïs*Désherbage,Autorisé,1.0,L/ha,
KEYNYL,2210059,fluroxypyr-méptyl (Fluroxypyr) 288.0 g/L,Orge*Désherbage,Autorisé,1.0,L/ha,
KEYNYL,2210059,fluroxypyr-méptyl (Fluroxypyr) 288.0 g/L,Blé*Désherbage,Autorisé,1.0,L/ha,
AURORA 40 WG,2010537,carfentrazone-éthyl (Carfentrazone-ethyl) 400.0 g/kg,Orge*Désherbage,Autorisé,0.05,kg/ha,60.0
AURORA 40 WG,2010537,carfentrazone-éthyl (Carfentrazone-ethyl) 400.0 g/kg,Blé*Désherbage,Autorisé,0.05,kg/ha,60.0
BORDER,2160312,mésotrione (Mesotrione) 100.0 g/L,Maïs*Désherbage,Autorisé,1.5,L/ha,
RIZA,2150279,tébuconazole (Tebuconazole) 200.0 g/L,Orge*Trt Part.Aer.*Helminthosporiose et ramulariose,Autorisé,1.25,L/ha,35.0
RIZA,2150279,tébuconazole (Tebuconazole) 200.0 g/L,Orge*Trt Part.Aer.*Oïdium(s),Autorisé,1.25,L/ha,35.0
RIZA,2150279,tébuconazole (Tebuconazole) 200.0 g/L,Orge*Trt Part.Aer.*Rhynchosporiose,Autorisé,1.25,L/ha,35.0
RIZA,2150279,tébuconazole (Tebuconazole) 200.0 g/L,Orge*Trt Part.Aer.*Rouille(s),Autorisé,1.25,L/ha,35.0
RIZA,2150279,tébuconazole (Tebuconazole) 200.0 g/L,Orge*Trt Part.Aer.*Fusarioses,Autorisé,1.25,L/ha,35.0
RIZA,2150279,tébuconazole (Tebuconazole) 200.0 g/L,Blé*Trt Part.Aer.*Fusarioses,Autorisé,1.25,L/ha,35.0
RIZA,2150279,tébuconazole (Tebuconazole) 200.0 g/L,Blé*Trt Part.Aer.*Oïdium(s),Autorisé,1.25,L/ha,35.0
RIZA,2150279,tébuconazole (Tebuconazole) 200.0 g/L,Blé*Trt Part.Aer.*Rouille(s),Autorisé,1.25,L/ha,35.0
RIZA,2150279,tébuconazole (Tebuconazole) 200.0 g/L,Blé*Trt Part.Aer.*Septoriose(s),Autorisé,1.25,L/ha,35.0
CERALL,2080056,Pseudomonas chlororaphis MA342 (Pseudomonas chlororaphis MA342) 204.0 g/L,Blé*Trt Sem.*Champignons (autres que pythiacées),Autorisé,10.0,mL/kg,
CELIO,9100645,clodinafop-propargyl (Clodinafop) 100.0 g/L | cloquintocet-mexyl (Cloquintocet mexyl) 25.0 g/L,Blé*Désherbage,Autorisé,0.6,L/ha,42.0
TIKANO 50 EC,2161028,Quizalofop-P-ethyl (Quizalofop-P-ethyl) 50.0 g/L,Tournesol*Désherbage,Autorisé,1.2,L/ha,90.0
FENOVA SUPER,2110077,fénoxaprop-P-éthyle (Fenoxaprop-P) 69.0 g/L | cloquintocet-mexyl (Cloquintocet mexyl) 34.5 g/L,Orge*Désherbage,Autorisé,1.0,L/ha,
FENOVA SUPER,2110077,fénoxaprop-P-éthyle (Fenoxaprop-P) 69.0 g/L | cloquintocet-mexyl (Cloquintocet mexyl) 34.5 g/L,Blé*Désherbage,Autorisé,1.0,L/ha,
FENOVA SUPER,2110077,fénoxaprop-P-éthyle (Fenoxaprop-P) 69.0 g/L | cloquintocet-mexyl (Cloquintocet mexyl) 34.5 g/L,Blé*Désherbage,Autorisé,1.0,L/ha,
FENOVA SUPER,2110077,fénoxaprop-P-éthyle (Fenoxaprop-P) 69.0 g/L | cloquintocet-mexyl (Cloquintocet mexyl) 34.5 g/L,Blé*Désherbage,Autorisé,1.2,L/ha,
FENOVA SUPER,2110077,fénoxaprop-P-éthyle (Fenoxaprop-P) 69.0 g/L | cloquintocet-mexyl (Cloquintocet mexyl) 34.5 g/L,Blé*Désherbage,Autorisé,1.2,L/ha,
FENOVA SUPER,2110077,fénoxaprop-P-éthyle (Fenoxaprop-P) 69.0 g/L | cloquintocet-mexyl (Cloquintocet mexyl) 34.5 g/L,Blé*Désherbage,Autorisé,1.2,L/ha,
BUZZ ULTRA DF,2161082,tébuconazole (Tebuconazole) 750.0 g/kg,Blé*Trt Part.Aer.*Oïdium(s),Autorisé,0.33,kg/ha,35.0
BUZZ ULTRA DF,2161082,tébuconazole (Tebuconazole) 750.0 g/kg,Blé*Trt Part.Aer.*Rouille(s),Autorisé,0.33,kg/ha,35.0
BUZZ ULTRA DF,2161082,tébuconazole (Tebuconazole) 750.0 g/kg,Blé*Trt Part.Aer.*Septoriose(s),Autorisé,0.33,kg/ha,35.0
DIFLANIL SD,2150125,diflufénicanil (Diflufenican) 500.0 g/L,Orge*Désherbage,Autorisé,0.25,L/ha,
DIFLANIL SD,2150125,diflufénicanil (Diflufenican) 500.0 g/L,Blé*Désherbage,Autorisé,0.375,L/ha,
DIFLANIL SD,2150125,diflufénicanil (Diflufenican) 500.0 g/L,Blé*Désherbage,Autorisé,0.25,L/ha,
BELCOCEL,9400536,chlorure de chlorméquat (Chlormequat) 460.0 g/L,Blé*Trt Part.Aer.*Régul. Croiss. Org. Aériens,Autorisé,2.0,L/ha,
COLT,2180619,aclonifène (Aclonifen) 600.0 g/L,Tournesol*Désherbage,Autorisé,4.5,L/ha,
ARKTIS,2180318,florasulame (Florasulam) 5.0 g/L | bifénox (Bifenox) 480.0 g/L,Orge*Désherbage,Autorisé,1.0,L/ha,
ARKTIS,2180318,florasulame (Florasulam) 5.0 g/L | bifénox (Bifenox) 480.0 g/L,Orge*Désherbage,Autorisé,1.5,L/ha,
ARKTIS,2180318,florasulame (Florasulam) 5.0 g/L | bifénox (Bifenox) 480.0 g/L,Orge*Désherbage,Autorisé,1.5,L/ha,
ARKTIS,2180318,florasulame (Florasulam) 5.0 g/L | bifénox (Bifenox) 480.0 g/L,Blé*Désherbage,Autorisé,1.5,L/ha,
ARKTIS,2180318,florasulame (Florasulam) 5.0 g/L | bifénox (Bifenox) 480.0 g/L,Blé*Désherbage,Autorisé,1.0,L/ha,
ARKTIS,2180318,florasulame (Florasulam) 5.0 g/L | bifénox (Bifenox) 480.0 g/L,Blé*Désherbage,Autorisé,1.5,L/ha,
PREPPER,2190559,fludioxonil (Fludioxonil) 25.0 g/L,Orge*Trt Sem.*Champignons (autres que pythiacées),Autorisé,0.2,L/q,
PREPPER,2190559,fludioxonil (Fludioxonil) 25.0 g/L,Blé*Trt Sem.*Champignons (autres que pythiacées),Autorisé,0.2,L/q,
ATHLET,8700118,bifénox (Bifenox) 200.0 g/L | Chlortoluron (Chlorotoluron) 500.0 g/L,Orge*Désherbage,Autorisé,3.6,L/ha,
ATHLET,8700118,bifénox (Bifenox) 200.0 g/L | Chlortoluron (Chlorotoluron) 500.0 g/L,Blé*Désherbage,Autorisé,3.6,L/ha,
FLUNID,2160793,diflufénicanil (Diflufenican) 500.0 g/L,Orge*Désherbage,Autorisé,0.25,L/ha,
FLUNID,2160793,diflufénicanil (Diflufenican) 500.0 g/L,Blé*Désherbage,Autorisé,0.25,L/ha,
FLUNID,2160793,diflufénicanil (Diflufenican) 500.0 g/L,Blé*Désherbage,Autorisé,0.375,L/ha,
ALLIANCE WG,2110082,metsulfuron-méthyl (Metsulfuron-methyl) 60.0 g/kg | diflufénicanil (Diflufenican) 600.0 g/kg,Orge*Désherbage,Autorisé,75.0,g/ha,
ALLIANCE WG,2110082,metsulfuron-méthyl (Metsulfuron-methyl) 60.0 g/kg | diflufénicanil (Diflufenican) 600.0 g/kg,Orge*Désherbage,Autorisé,50.0,g/ha,
ALLIANCE WG,2110082,metsulfuron-méthyl (Metsulfuron-methyl) 60.0 g/kg | diflufénicanil (Diflufenican) 600.0 g/kg,Blé*Désherbage,Autorisé,75.0,g/ha,
ALLIANCE WG,2110082,metsulfuron-méthyl (Metsulfuron-methyl) 60.0 g/kg | diflufénicanil (Diflufenican) 600.0 g/kg,Blé*Désherbage,Autorisé,50.0,g/ha,
APRON XL,2000122,métalaxyl-M (Metalaxyl-M) 339.2 g/L,Porte graine - Maïs*Trt Sem. Plants*Champignons (pythiacées),Autorisé,0.15,L/q,
APRON XL,2000122,métalaxyl-M (Metalaxyl-M) 339.2 g/L,Tournesol*Trt Sem.*Champignons (pythiacées),Autorisé,0.3,L/q,
ARPEGE EW,9500579,tétraconazole (Tetraconazole) 125.0 g/L,Blé*Trt Part.Aer.*Oïdium(s),Autorisé,1.0,L/ha,
ARPEGE EW,9500579,tétraconazole (Tetraconazole) 125.0 g/L,Blé*Trt Part.Aer.*Rouille(s),Autorisé,1.0,L/ha,
ARPEGE EW,9500579,tétraconazole (Tetraconazole) 125.0 g/L,Blé*Trt Part.Aer.*Septoriose(s),Autorisé,1.0,L/ha,
KING 25 EW,2170032,tébuconazole (Tebuconazole) 250.0 g/L,Orge*Trt Part.Aer.*Oïdium(s),Autorisé,1.0,L/ha,
KING 25 EW,2170032,tébuconazole (Tebuconazole) 250.0 g/L,Orge*Trt Part.Aer.*Rouille(s),Autorisé,1.0,L/ha,
KING 25 EW,2170032,tébuconazole (Tebuconazole) 250.0 g/L,Blé*Trt Part.Aer.*Fusarioses,Autorisé,1.0,L/ha,
KING 25 EW,2170032,tébuconazole (Tebuconazole) 250.0 g/L,Blé*Trt Part.Aer.*Oïdium(s),Autorisé,1.0,L/ha,
KING 25 EW,2170032,tébuconazole (Tebuconazole) 250.0 g/L,Blé*Trt Part.Aer.*Rouille(s),Autorisé,1.0,L/ha,
FLORABUST,2211106,florasulame (Florasulam) 250.0 g/kg,Orge*Désherbage,Autorisé,25.0,g/ha,
FLORABUST,2211106,florasulame (Florasulam) 250.0 g/kg,Orge*Désherbage,Autorisé,25.0,g/ha,
FLORABUST,2211106,florasulame (Florasulam) 250.0 g/kg,Blé*Désherbage,Autorisé,25.0,g/ha,
FLORABUST,2211106,florasulame (Florasulam) 250.0 g/kg,Blé*Désherbage,Autorisé,25.0,g/ha,
PROFI TRINEX 250 ME,2200532,trinéxapac-éthyl (Trinexapac) 250.0 g/L,Orge*Trt Part.Aer.*Régul. Croiss. Org. Aériens,Autorisé,0.8,L/ha,
PROFI TRINEX 250 ME,2200532,trinéxapac-éthyl (Trinexapac) 250.0 g/L,Orge*Trt Part.Aer.*Régul. Croiss. Org. Aériens,Autorisé,0.6,L/ha,
PROFI TRINEX 250 ME,2200532,trinéxapac-éthyl (Trinexapac) 250.0 g/L,Blé*Trt Part.Aer.*Régul. Croiss. Org. Aériens,Autorisé,0.5,L/ha,
DICASH,2171058,dicamba sel de sodium et de potassium (Dicamba) 480.0 g/L,Maïs*Désherbage,Autorisé,0.6,L/ha,
NICOSH 4% SC,2130252,nicosulfuron (Nicosulfuron) 40.0 g/L,Maïs*Désherbage,Autorisé,1.5,L/ha,
LYSKAMM 500 SC,2171344,diflufénicanil (Diflufenican) 500.0 g/L,Orge*Désherbage,Autorisé,0.125,L/ha,
LYSKAMM 500 SC,2171344,diflufénicanil (Diflufenican) 500.0 g/L,Orge*Désherbage,Autorisé,0.25,L/ha,
LYSKAMM 500 SC,2171344,diflufénicanil (Diflufenican) 500.0 g/L,Blé*Désherbage,Autorisé,0.25,L/ha,
PROFI PTZ 250 EC,2210452,prothioconazole (Prothioconazole) 250.0 g/L,Orge*Trt Part.Aer.*Rouille(s),Autorisé,0.8,L/ha,35.0
PROFI PTZ 250 EC,2210452,prothioconazole (Prothioconazole) 250.0 g/L,Orge*Trt Part.Aer.*Rhynchosporiose,Autorisé,0.8,L/ha,35.0
PROFI PTZ 250 EC,2210452,prothioconazole (Prothioconazole) 250.0 g/L,Orge*Trt Part.Aer.*Piétin verse,Autorisé,0.8,L/ha,35.0
PROFI PTZ 250 EC,2210452,prothioconazole (Prothioconazole) 250.0 g/L,Orge*Trt Part.Aer.*Oïdium(s),Autorisé,0.8,L/ha,35.0
PROFI PTZ 250 EC,2210452,prothioconazole (Prothioconazole) 250.0 g/L,Orge*Trt Part.Aer.*Helminthosporiose et ramulariose,Autorisé,0.8,L/ha,35.0
PROFI PTZ 250 EC,2210452,prothioconazole (Prothioconazole) 250.0 g/L,Orge*Trt Part.Aer.*Fusarioses,Autorisé,0.8,L/ha,35.0
PROFI PTZ 250 EC,2210452,prothioconazole (Prothioconazole) 250.0 g/L,Blé*Trt Part.Aer.*Fusarioses,Autorisé,0.8,L/ha,
PROFI PTZ 250 EC,2210452,prothioconazole (Prothioconazole) 250.0 g/L,Blé*Trt Part.Aer.*Oïdium(s),Autorisé,0.8,L/ha,
PROFI PTZ 250 EC,2210452,prothioconazole (Prothioconazole) 250.0 g/L,Blé*Trt Part.Aer.*Piétin verse,Autorisé,0.8,L/ha,
PROFI PTZ 250 EC,2210452,prothioconazole (Prothioconazole) 250.0 g/L,Blé*Trt Part.Aer.*Rouille(s),Autorisé,0.8,L/ha,
PROFI PTZ 250 EC,2210452,prothioconazole (Prothioconazole) 250.0 g/L,Blé*Trt Part.Aer.*Septoriose(s),Autorisé,0.8,L/ha,
AZAKA,2160695,azoxystrobine (Azoxystrobin) 250.0 g/L,Orge*Trt Part.Aer.*Rouille(s),Autorisé,1.0,L/ha,
AZAKA,2160695,azoxystrobine (Azoxystrobin) 250.0 g/L,Orge*Trt Part.Aer.*Rhynchosporiose,Autorisé,1.0,L/ha,
AZAKA,2160695,azoxystrobine (Azoxystrobin) 250.0 g/L,Orge*Trt Part.Aer.*Helminthosporiose et ramulariose,Autorisé,1.0,L/ha,
AZAKA,2160695,azoxystrobine (Azoxystrobin) 250.0 g/L,Orge*Trt Part.Aer.*Rhynchosporiose,Autorisé,1.0,L/ha,
AZAKA,2160695,azoxystrobine (Azoxystrobin) 250.0 g/L,Orge*Trt Part.Aer.*Rouille(s),Autorisé,1.0,L/ha,
AZAKA,2160695,azoxystrobine (Azoxystrobin) 250.0 g/L,Orge*Trt Part.Aer.*Helminthosporiose et ramulariose,Autorisé,1.0,L/ha,
AZAKA,2160695,azoxystrobine (Azoxystrobin) 250.0 g/L,Blé*Trt Part.Aer.*Helminthosporiose,Autorisé,1.0,L/ha,
AZAKA,2160695,azoxystrobine (Azoxystrobin) 250.0 g/L,Blé*Trt Part.Aer.*Helminthosporiose,Autorisé,1.0,L/ha,
AZAKA,2160695,azoxystrobine (Azoxystrobin) 250.0 g/L,Blé*Trt Part.Aer.*Rouille(s),Autorisé,1.0,L/ha,
AZAKA,2160695,azoxystrobine (Azoxystrobin) 250.0 g/L,Blé*Trt Part.Aer.*Rouille(s),Autorisé,1.0,L/ha,
HELICOVEX,2140094,nucléopolyhédrovirus de Helicoverpa armigera (Helicoverpa armigera nucleopolyhedrovirus) 7500000000000 OB/L,Maïs doux*Trt Part.Aer.*Chenilles phytophages,Autorisé,0.2,L/ha,1.0
HELICOVEX,2140094,nucléopolyhédrovirus de Helicoverpa armigera (Helicoverpa armigera nucleopolyhedrovirus) 7500000000000 OB/L,Maïs*Trt Part.Aer.*Autres chenilles phytophages (1),Autorisé,0.2,L/ha,1.0
HELICOVEX,2140094,nucléopolyhédrovirus de Helicoverpa armigera (Helicoverpa armigera nucleopolyhedrovirus) 7500000000000 OB/L,Tournesol*Trt Part.Aer.*Chenilles phytophages,Autorisé,0.2,L/ha,1.0
PICOTOP,2120066,picolinafène (Picolinafen) 20.0 g/L | dichlorprop-P sels de potassium (Dichlorprop-P) 697.2 g/L,Orge*Désherbage,Autorisé,1.33,L/ha,
PICOTOP,2120066,picolinafène (Picolinafen) 20.0 g/L | dichlorprop-P sels de potassium (Dichlorprop-P) 697.2 g/L,Blé*Désherbage,Autorisé,1.33,L/ha,
MANIVEL 480,2140148,dicamba sel de diméthylamine (Dicamba) 656.7 g/L,Maïs*Désherbage,Autorisé,0.6,L/ha,
QUALY,2130243,cyprodinil (Cyprodinil) 300.0 g/L,Orge*Trt Part.Aer.*Helminthosporiose et ramulariose,Autorisé,2.0,L/ha,
QUALY,2130243,cyprodinil (Cyprodinil) 300.0 g/L,Orge*Trt Part.Aer.*Rhynchosporiose,Autorisé,2.0,L/ha,
QUALY,2130243,cyprodinil (Cyprodinil) 300.0 g/L,Blé*Trt Part.Aer.*Piétin verse,Autorisé,2.5,L/ha,
BELURE-T,2150215,tribénuron-méthyl (Tribenuron) 750.0 g/kg,Orge*Désherbage,Autorisé,0.03,kg/ha,
BELURE-T,2150215,tribénuron-méthyl (Tribenuron) 750.0 g/kg,Orge*Désherbage,Autorisé,0.02,kg/ha,
BELURE-T,2150215,tribénuron-méthyl (Tribenuron) 750.0 g/kg,Orge*Désherbage,Autorisé,0.03,kg/ha,
BELURE-T,2150215,tribénuron-méthyl (Tribenuron) 750.0 g/kg,Blé*Désherbage,Autorisé,0.03,kg/ha,
BELURE-T,2150215,tribénuron-méthyl (Tribenuron) 750.0 g/kg,Blé*Désherbage,Autorisé,0.02,kg/ha,
TARIKA,2150216,tribénuron-méthyl (Tribenuron) 750.0 g/kg,Orge*Désherbage,Autorisé,0.03,kg/ha,
TARIKA,2150216,tribénuron-méthyl (Tribenuron) 750.0 g/kg,Orge*Désherbage,Autorisé,0.02,kg/ha,
TARIKA,2150216,tribénuron-méthyl (Tribenuron) 750.0 g/kg,Orge*Désherbage,Autorisé,0.03,kg/ha,
TARIKA,2150216,tribénuron-méthyl (Tribenuron) 750.0 g/kg,Blé*Désherbage,Autorisé,0.03,kg/ha,
TARIKA,2150216,tribénuron-méthyl (Tribenuron) 750.0 g/kg,Blé*Désherbage,Autorisé,0.02,kg/ha,
TRAILER,2159994,tribénuron-méthyl (Tribenuron) 750.0 g/kg,Orge*Désherbage,Autorisé,0.03,kg/ha,
TRAILER,2159994,tribénuron-méthyl (Tribenuron) 750.0 g/kg,Orge*Désherbage,Autorisé,0.02,kg/ha,
TRAILER,2159994,tribénuron-méthyl (Tribenuron) 750.0 g/kg,Orge*Désherbage,Autorisé,0.03,kg/ha,
TRAILER,2159994,tribénuron-méthyl (Tribenuron) 750.0 g/kg,Blé*Désherbage,Autorisé,0.03,kg/ha,
TRAILER,2159994,tribénuron-méthyl (Tribenuron) 750.0 g/kg,Blé*Désherbage,Autorisé,0.02,kg/ha,
DECANO,2090080,sulcotrione (Sulcotrione) 300.0 g/L,Maïs doux*Désherbage,Autorisé,1.0,L/ha,
DECANO,2090080,sulcotrione (Sulcotrione) 300.0 g/L,Maïs*Désherbage,Autorisé,1.5,L/ha,
TOMIGAN 20,9900412,fluroxypyr ester 1-méthylheptyl (Fluroxypyr) 200.0 g/L,Maïs*Désherbage,Autorisé,1.0,L/ha,
TOMIGAN 20,9900412,fluroxypyr ester 1-méthylheptyl (Fluroxypyr) 200.0 g/L,Orge*Désherbage,Autorisé,1.0,L/ha,
TOMIGAN 20,9900412,fluroxypyr ester 1-méthylheptyl (Fluroxypyr) 200.0 g/L,Blé*Désherbage,Autorisé,1.0,L/ha,
RETRIEVE 20,9900411,fluroxypyr ester 1-méthylheptyl (Fluroxypyr) 200.0 g/L,Maïs*Désherbage,Autorisé,1.0,L/ha,
RETRIEVE 20,9900411,fluroxypyr ester 1-méthylheptyl (Fluroxypyr) 200.0 g/L,Orge*Désherbage,Autorisé,1.0,L/ha,
RETRIEVE 20,9900411,fluroxypyr ester 1-méthylheptyl (Fluroxypyr) 200.0 g/L,Blé*Désherbage,Autorisé,1.0,L/ha,
DIMBO SUPER 480 SL,2210057,dicamba acide (Dicamba) 480.0 g/L,Maïs*Désherbage,Autorisé,0.5,L/ha,
TOMIGAN,2211108,fluroxypyr (Fluroxypyr) 200.0 g/L,Orge*Désherbage,Autorisé,1.0,L/ha,
TOMIGAN,2211108,fluroxypyr (Fluroxypyr) 200.0 g/L,Maïs*Désherbage,Autorisé,1.0,L/ha,
TOMIGAN,2211108,fluroxypyr (Fluroxypyr) 200.0 g/L,Blé*Désherbage,Autorisé,1.0,L/ha,
RETRIEVE,2220001,fluroxypyr (Fluroxypyr) 200.0 g/L,Maïs*Désherbage,Autorisé,1.0,L/ha,
RETRIEVE,2220001,fluroxypyr (Fluroxypyr) 200.0 g/L,Orge*Désherbage,Autorisé,1.0,L/ha,
RETRIEVE,2220001,fluroxypyr (Fluroxypyr) 200.0 g/L,Blé*Désherbage,Autorisé,1.0,L/ha,
TEFLIX,2200038,téfluthrine (Tefluthrin) 15.0 g/kg,Maïs doux*Trt Sol*Ravageurs du sol,Autorisé,12.2,kg/ha,
TEFLIX,2200038,téfluthrine (Tefluthrin) 15.0 g/kg,Maïs*Trt Sol*Ravageurs du sol,Autorisé,12.2,kg/ha,
TEFLIX,2200038,téfluthrine (Tefluthrin) 15.0 g/kg,Tournesol*Trt Sol*Ravageurs du sol,Autorisé,10.0,kg/ha,
TEFLIX,2200038,téfluthrine (Tefluthrin) 15.0 g/kg,Maïs*Trt Sol*Ravageurs du sol,Autorisé,10.0,kg/ha,
TEFLIX,2200038,téfluthrine (Tefluthrin) 15.0 g/kg,Maïs doux*Trt Sol*Ravageurs du sol,Autorisé,10.0,kg/ha,
RINIDI WG,2171251,dicamba sel de sodium et de potassium (Dicamba) 550.0 g/kg | rimsulfuron (Rimsulfuron) 23.0 g/kg | nicosulfuron (Nicosulfuron) 92.0 g/kg,Maïs*Désherbage,Autorisé,0.44,kg/ha,
MELUCINE 25SC,2160839,azoxystrobine (Azoxystrobin) 250.0 g/L,Orge*Trt Part.Aer.*Rhynchosporiose,Autorisé,1.0,L/ha,
MELUCINE 25SC,2160839,azoxystrobine (Azoxystrobin) 250.0 g/L,Orge*Trt Part.Aer.*Rouille(s),Autorisé,1.0,L/ha,
MELUCINE 25SC,2160839,azoxystrobine (Azoxystrobin) 250.0 g/L,Orge*Trt Part.Aer.*Helminthosporiose et ramulariose,Autorisé,1.0,L/ha,
MELUCINE 25SC,2160839,azoxystrobine (Azoxystrobin) 250.0 g/L,Orge*Trt Part.Aer.*Rhynchosporiose,Autorisé,1.0,L/ha,
MELUCINE 25SC,2160839,azoxystrobine (Azoxystrobin) 250.0 g/L,Orge*Trt Part.Aer.*Rouille(s),Autorisé,1.0,L/ha,
MELUCINE 25SC,2160839,azoxystrobine (Azoxystrobin) 250.0 g/L,Orge*Trt Part.Aer.*Helminthosporiose et ramulariose,Autorisé,1.0,L/ha,
MELUCINE 25SC,2160839,azoxystrobine (Azoxystrobin) 250.0 g/L,Blé*Trt Part.Aer.*Rouille(s),Autorisé,1.0,L/ha,
MELUCINE 25SC,2160839,azoxystrobine (Azoxystrobin) 250.0 g/L,Blé*Trt Part.Aer.*Rouille(s),Autorisé,1.0,L/ha,
TOISEAU,2130091,diflufénicanil (Diflufenican) 500.0 g/L,Orge*Désherbage,Autorisé,0.375,L/ha,
TOISEAU,2130091,diflufénicanil (Diflufenican) 500.0 g/L,Blé*Désherbage,Autorisé,0.375,L/ha,
TOISEAU,2130091,diflufénicanil (Diflufenican) 500.0 g/L,Blé*Désherbage,Autorisé,0.25,L/ha,
VERIGAL D+,2160005,bifénox (Bifenox) 250.0 g/L | mécoprop-P (Mecoprop-P) 308.0 g/L,Orge*Désherbage,Autorisé,2.0,L/ha,
VERIGAL D+,2160005,bifénox (Bifenox) 250.0 g/L | mécoprop-P (Mecoprop-P) 308.0 g/L,Orge*Désherbage,Autorisé,2.0,L/ha,
VERIGAL D+,2160005,bifénox (Bifenox) 250.0 g/L | mécoprop-P (Mecoprop-P) 308.0 g/L,Blé*Désherbage,Autorisé,2.0,L/ha,
VERIGAL D+,2160005,bifénox (Bifenox) 250.0 g/L | mécoprop-P (Mecoprop-P) 308.0 g/L,Blé*Désherbage,Autorisé,2.0,L/ha,
ZOXIS 250 SC,2170781,azoxystrobine (Azoxystrobin) 250.0 g/L,Orge*Trt Part.Aer.*Rouille(s),Autorisé,1.0,L/ha,
ZOXIS 250 SC,2170781,azoxystrobine (Azoxystrobin) 250.0 g/L,Orge*Trt Part.Aer.*Helminthosporiose et ramulariose,Autorisé,1.0,L/ha,
ZOXIS 250 SC,2170781,azoxystrobine (Azoxystrobin) 250.0 g/L,Orge*Trt Part.Aer.*Rhynchosporiose,Autorisé,1.0,L/ha,
ZOXIS 250 SC,2170781,azoxystrobine (Azoxystrobin) 250.0 g/L,Blé*Trt Part.Aer.*Rouille(s),Autorisé,1.0,L/ha,
TEKTON,2220184,téfluthrine (Tefluthrin) 15.0 g/kg,Maïs doux*Trt Sol*Ravageurs du sol,Autorisé,12.2,kg/ha,
TEKTON,2220184,téfluthrine (Tefluthrin) 15.0 g/kg,Maïs doux*Trt Sol*Ravageurs du sol,Autorisé,10.0,kg/ha,
TEKTON,2220184,téfluthrine (Tefluthrin) 15.0 g/kg,Maïs*Trt Sol*Ravageurs du sol,Autorisé,12.2,kg/ha,
TEKTON,2220184,téfluthrine (Tefluthrin) 15.0 g/kg,Maïs*Trt Sol*Ravageurs du sol,Autorisé,10.0,kg/ha,
TEKTON,2220184,téfluthrine (Tefluthrin) 15.0 g/kg,Tournesol*Trt Sol*Ravageurs du sol,Autorisé,10.0,kg/ha,
PATRAS,2200196,azoxystrobine (Azoxystrobin) 120.0 g/L | tébuconazole (Tebuconazole) 240.0 g/L,Maïs*Trt Part.Aer.*Rouille(s),Autorisé,1.0,L/ha,
PATRAS,2200196,azoxystrobine (Azoxystrobin) 120.0 g/L | tébuconazole (Tebuconazole) 240.0 g/L,Maïs*Trt Part.Aer.*Maladies des taches foliaires,Autorisé,1.0,L/ha,
PATRAS,2200196,azoxystrobine (Azoxystrobin) 120.0 g/L | tébuconazole (Tebuconazole) 240.0 g/L,Maïs*Trt Part.Aer.*Fusarioses,Autorisé,1.0,L/ha,
PATRAS,2200196,azoxystrobine (Azoxystrobin) 120.0 g/L | tébuconazole (Tebuconazole) 240.0 g/L,Maïs doux*Trt Part.Aer.*Rouille(s),Autorisé,1.0,L/ha,35.0
PATRAS,2200196,azoxystrobine (Azoxystrobin) 120.0 g/L | tébuconazole (Tebuconazole) 240.0 g/L,Maïs doux*Trt Part.Aer.*Maladies des taches foliaires,Autorisé,1.0,L/ha,35.0
PATRAS,2200196,azoxystrobine (Azoxystrobin) 120.0 g/L | tébuconazole (Tebuconazole) 240.0 g/L,Maïs doux*Trt Part.Aer.*Fusarioses,Autorisé,1.0,L/ha,35.0
AZUPEC 80 GD,2160475,soufre (Sulphur) 800.0 g/kg,Orge*Trt Part.Aer.*Oïdium(s),Autorisé,10.0,kg/ha,3.0
AZUPEC 80 GD,2160475,soufre (Sulphur) 800.0 g/kg,Blé*Trt Part.Aer.*Oïdium(s),Autorisé,10.0,kg/ha,3.0
ELIPTONE,2150489,chlorotoluron (Chlorotoluron) 500.0 g/L,Orge*Désherbage,Autorisé,3.6,L/ha,
ELIPTONE,2150489,chlorotoluron (Chlorotoluron) 500.0 g/L,Blé*Désherbage,Autorisé,3.6,L/ha,
AZOR,2180196,azoxystrobine (Azoxystrobin) 250.0 g/L,Orge*Trt Part.Aer.*Helminthosporiose et ramulariose,Autorisé,1.0,L/ha,
AZOR,2180196,azoxystrobine (Azoxystrobin) 250.0 g/L,Orge*Trt Part.Aer.*Rhynchosporiose,Autorisé,1.0,L/ha,
AZOR,2180196,azoxystrobine (Azoxystrobin) 250.0 g/L,Orge*Trt Part.Aer.*Rouille(s),Autorisé,1.0,L/ha,
AZOR,2180196,azoxystrobine (Azoxystrobin) 250.0 g/L,Blé*Trt Part.Aer.*Rouille(s),Autorisé,1.0,L/ha,
HATCHET XTRA,2100029,fluroxypyr-méptyl (Fluroxypyr) 288.0 g/L,Orge*Désherbage,Autorisé,1.0,L/ha,
HATCHET XTRA,2100029,fluroxypyr-méptyl (Fluroxypyr) 288.0 g/L,Maïs*Désherbage,Autorisé,1.0,L/ha,
HATCHET XTRA,2100029,fluroxypyr-méptyl (Fluroxypyr) 288.0 g/L,Orge*Désherbage,Autorisé,1.0,L/ha,
HATCHET XTRA,2100029,fluroxypyr-méptyl (Fluroxypyr) 288.0 g/L,Blé*Désherbage,Autorisé,1.0,L/ha,
HATCHET XTRA,2100029,fluroxypyr-méptyl (Fluroxypyr) 288.0 g/L,Blé*Désherbage,Autorisé,1.0,L/ha,
CHALLENGE 600,8600243,aclonifène (Aclonifen) 600.0 g/L,Tournesol*Désherbage,Autorisé,4.0,L/ha,
TWIST 500 SC,2020099,trifloxystrobine (Trifloxystrobin) 500.0 g/L,Orge*Trt Part.Aer.*Helminthosporiose et ramulariose,Autorisé,0.5,L/ha,42.0
TWIST 500 SC,2020099,trifloxystrobine (Trifloxystrobin) 500.0 g/L,Orge*Trt Part.Aer.*Rhynchosporiose,Autorisé,0.5,L/ha,42.0
TWIST 500 SC,2020099,trifloxystrobine (Trifloxystrobin) 500.0 g/L,Orge*Trt Part.Aer.*Rouille(s),Autorisé,0.5,L/ha,42.0
TWIST 500 SC,2020099,trifloxystrobine (Trifloxystrobin) 500.0 g/L,Orge*Trt Part.Aer.*Helminthosporiose et ramulariose,Autorisé,0.24,L/ha,42.0
TWIST 500 SC,2020099,trifloxystrobine (Trifloxystrobin) 500.0 g/L,Orge*Trt Part.Aer.*Helminthosporiose et ramulariose,Autorisé,0.5,L/ha,42.0
TWIST 500 SC,2020099,trifloxystrobine (Trifloxystrobin) 500.0 g/L,Orge*Trt Part.Aer.*Rhynchosporiose,Autorisé,0.5,L/ha,42.0
TWIST 500 SC,2020099,trifloxystrobine (Trifloxystrobin) 500.0 g/L,Orge*Trt Part.Aer.*Rouille(s),Autorisé,0.5,L/ha,42.0
CLAYTON TENDRIL,2250001,spiroxamine (Spiroxamine) 300.0 g/L | prothioconazole (Prothioconazole) 160.0 g/L,Blé*Trt Part.Aer.*Fusariose à microdochium,Autorisé,1.25,L/ha,42.0
CLAYTON TENDRIL,2250001,spiroxamine (Spiroxamine) 300.0 g/L | prothioconazole (Prothioconazole) 160.0 g/L,Blé*Trt Part.Aer.*Fusarioses,Autorisé,1.25,L/ha,42.0
CLAYTON TENDRIL,2250001,spiroxamine (Spiroxamine) 300.0 g/L | prothioconazole (Prothioconazole) 160.0 g/L,Blé*Trt Part.Aer.*Helminthosporiose,Autorisé,1.25,L/ha,42.0
CLAYTON TENDRIL,2250001,spiroxamine (Spiroxamine) 300.0 g/L | prothioconazole (Prothioconazole) 160.0 g/L,Blé*Trt Part.Aer.*Oïdium(s),Autorisé,1.25,L/ha,42.0
CLAYTON TENDRIL,2250001,spiroxamine (Spiroxamine) 300.0 g/L | prothioconazole (Prothioconazole) 160.0 g/L,Blé*Trt Part.Aer.*Piétin verse,Autorisé,1.25,L/ha,42.0
CLAYTON TENDRIL,2250001,spiroxamine (Spiroxamine) 300.0 g/L | prothioconazole (Prothioconazole) 160.0 g/L,Blé*Trt Part.Aer.*Rouille(s),Autorisé,1.25,L/ha,42.0
CLAYTON TENDRIL,2250001,spiroxamine (Spiroxamine) 300.0 g/L | prothioconazole (Prothioconazole) 160.0 g/L,Blé*Trt Part.Aer.*Septoriose(s),Autorisé,1.25,L/ha,42.0
CLAYTON TENDRIL,2250001,spiroxamine (Spiroxamine) 300.0 g/L | prothioconazole (Prothioconazole) 160.0 g/L,Orge*Trt Part.Aer.*Fusariose à microdochium,Autorisé,1.25,L/ha,42.0
CLAYTON TENDRIL,2250001,spiroxamine (Spiroxamine) 300.0 g/L | prothioconazole (Prothioconazole) 160.0 g/L,Orge*Trt Part.Aer.*Fusarioses,Autorisé,1.25,L/ha,42.0
CLAYTON TENDRIL,2250001,spiroxamine (Spiroxamine) 300.0 g/L | prothioconazole (Prothioconazole) 160.0 g/L,Orge*Trt Part.Aer.*Helminthosporiose et ramulariose,Autorisé,1.25,L/ha,42.0
CLAYTON TENDRIL,2250001,spiroxamine (Spiroxamine) 300.0 g/L | prothioconazole (Prothioconazole) 160.0 g/L,Orge*Trt Part.Aer.*Oïdium(s),Autorisé,1.25,L/ha,42.0
CLAYTON TENDRIL,2250001,spiroxamine (Spiroxamine) 300.0 g/L | prothioconazole (Prothioconazole) 160.0 g/L,Orge*Trt Part.Aer.*Rhynchosporiose,Autorisé,1.25,L/ha,42.0
CLAYTON TENDRIL,2250001,spiroxamine (Spiroxamine) 300.0 g/L | prothioconazole (Prothioconazole) 160.0 g/L,Orge*Trt Part.Aer.*Rouille(s),Autorisé,1.25,L/ha,42.0
PROPERTY 180 SC,2140180,pyriofénone (Pyriofenone) 180.0 g/L,Orge*Trt Part.Aer.*Oïdium(s),Autorisé,0.5,L/ha,
PROPERTY 180 SC,2140180,pyriofénone (Pyriofenone) 180.0 g/L,Blé*Trt Part.Aer.*Oïdium(s),Autorisé,0.5,L/ha,
LS METSULF 200,2240555,metsulfuron-méthyle (Metsulfuron-methyl) 200.0 g/kg,Orge*Désherbage,Autorisé,0.02,kg/ha,
LS METSULF 200,2240555,metsulfuron-méthyle (Metsulfuron-methyl) 200.0 g/kg,Orge*Désherbage,Autorisé,0.03,kg/ha,
LS METSULF 200,2240555,metsulfuron-méthyle (Metsulfuron-methyl) 200.0 g/kg,Blé*Désherbage,Autorisé,0.03,kg/ha,
LS METSULF 200,2240555,metsulfuron-méthyle (Metsulfuron-methyl) 200.0 g/kg,Blé*Désherbage,Autorisé,0.02,kg/ha,
FERODIUM,2250200,prothioconazole (Prothioconazole) 175.0 g/L | trifloxystrobine (Trifloxystrobin) 88.0 g/L,Blé*Trt Part.Aer.*Septoriose(s),Autorisé,1.0,L/ha,
FERODIUM,2250200,prothioconazole (Prothioconazole) 175.0 g/L | trifloxystrobine (Trifloxystrobin) 88.0 g/L,Blé*Trt Part.Aer.*Oïdium(s),Autorisé,1.0,L/ha,
FERODIUM,2250200,prothioconazole (Prothioconazole) 175.0 g/L | trifloxystrobine (Trifloxystrobin) 88.0 g/L,Blé*Trt Part.Aer.*Fusarioses,Autorisé,1.0,L/ha,
FERODIUM,2250200,prothioconazole (Prothioconazole) 175.0 g/L | trifloxystrobine (Trifloxystrobin) 88.0 g/L,Orge*Trt Part.Aer.*Helminthosporiose et ramulariose,Autorisé,1.0,L/ha,
FERODIUM,2250200,prothioconazole (Prothioconazole) 175.0 g/L | trifloxystrobine (Trifloxystrobin) 88.0 g/L,Blé*Trt Part.Aer.*Fusariose à microdochium,Autorisé,1.0,L/ha,
FERODIUM,2250200,prothioconazole (Prothioconazole) 175.0 g/L | trifloxystrobine (Trifloxystrobin) 88.0 g/L,Orge*Trt Part.Aer.*Rhynchosporiose,Autorisé,1.0,L/ha,
FERODIUM,2250200,prothioconazole (Prothioconazole) 175.0 g/L | trifloxystrobine (Trifloxystrobin) 88.0 g/L,Orge*Trt Part.Aer.*Fusarioses,Autorisé,1.0,L/ha,
FERODIUM,2250200,prothioconazole (Prothioconazole) 175.0 g/L | trifloxystrobine (Trifloxystrobin) 88.0 g/L,Blé*Trt Part.Aer.*Helminthosporiose,Autorisé,1.0,L/ha,
FERODIUM,2250200,prothioconazole (Prothioconazole) 175.0 g/L | trifloxystrobine (Trifloxystrobin) 88.0 g/L,Orge*Trt Part.Aer.*Rouille(s),Autorisé,1.0,L/ha,
FERODIUM,2250200,prothioconazole (Prothioconazole) 175.0 g/L | trifloxystrobine (Trifloxystrobin) 88.0 g/L,Orge*Trt Part.Aer.*Oïdium(s),Autorisé,1.0,L/ha,
FERODIUM,2250200,prothioconazole (Prothioconazole) 175.0 g/L | trifloxystrobine (Trifloxystrobin) 88.0 g/L,Blé*Trt Part.Aer.*Rouille(s),Autorisé,1.0,L/ha,
FERODIUM,2250200,prothioconazole (Prothioconazole) 175.0 g/L | trifloxystrobine (Trifloxystrobin) 88.0 g/L,Blé*Trt Part.Aer.*Piétin verse,Autorisé,1.0,L/ha,
ECOPART FLEX,2250181,pyraflufène-éthyle (Pyraflufen-ethyl) 42.0 g/L,Orge*Désherbage,Autorisé,0.1,L/ha,
ECOPART FLEX,2250181,pyraflufène-éthyle (Pyraflufen-ethyl) 42.0 g/L,Blé*Désherbage,Autorisé,0.1,L/ha,
SULPHURYA LIQUIDE,2250158,soufre (Sulphur) 800.0 g/L,Blé*Trt Part.Aer.*Septoriose(s),Autorisé,10.0,L/ha,35.0
SULPHURYA LIQUIDE,2250158,soufre (Sulphur) 800.0 g/L,Blé*Trt Part.Aer.*Oïdium(s),Autorisé,10.0,L/ha,35.0
INFLUX XL,9800344,fludioxonil (Fludioxonil) 25.0 g/L | métalaxyl-M (Metalaxyl-M) 9.7 g/L,Maïs doux*Trt Sem. Plants*Champignons (pythiacées),Autorisé,0.1,L/q,
INFLUX XL,9800344,fludioxonil (Fludioxonil) 25.0 g/L | métalaxyl-M (Metalaxyl-M) 9.7 g/L,Maïs*Trt Sem.*Champignons (pythiacées),Autorisé,0.1,L/q,
INFLUX XL,9800344,fludioxonil (Fludioxonil) 25.0 g/L | métalaxyl-M (Metalaxyl-M) 9.7 g/L,Maïs*Trt Sem.*Champignons (autres que pythiacées),Autorisé,0.1,L/q,
INFLUX XL,9800344,fludioxonil (Fludioxonil) 25.0 g/L | métalaxyl-M (Metalaxyl-M) 9.7 g/L,Maïs doux*Trt Sem. Plants*Champignons (autres que pythiacées),Autorisé,0.1,L/q,
EROIK,2260074,mésotrione (Mesotrione) 75.0 g/L | nicosulfuron (Nicosulfuron) 30.0 g/L,Maïs*Désherbage,Autorisé,1.5,L/ha,
PRINCIPAL,2110114,nicosulfuron (Nicosulfuron) 429.0 g/kg | rimsulfuron (Rimsulfuron) 107.0 g/kg,Maïs*Désherbage,Autorisé,0.09,kg/ha,
LIFE SCIENTIFIC CLODINAFOP,2140207,cloquintocet-mexyl (Cloquintocet mexyl) 25.0 g/L | clodinafop-propargyl (Clodinafop) 100.0 g/L,Blé*Désherbage,Autorisé,0.6,L/ha,42.0
SEMPRA,2160305,diflufénican (Diflufenican) 500.0 g/L,Orge*Désherbage,Autorisé,0.375,L/ha,
SEMPRA,2160305,diflufénican (Diflufenican) 500.0 g/L,Orge*Désherbage,Autorisé,0.125,L/ha,
SEMPRA,2160305,diflufénican (Diflufenican) 500.0 g/L,Blé*Désherbage,Autorisé,0.375,L/ha,
LS PROTHIO-TEBUC,2250357,tébuconazole (Tebuconazole) 125.0 g/L | prothioconazole (Prothioconazole) 125.0 g/L,Blé*Trt Part.Aer.*Fusarioses,Autorisé,1.0,L/ha,35.0
LS PROTHIO-TEBUC,2250357,tébuconazole (Tebuconazole) 125.0 g/L | prothioconazole (Prothioconazole) 125.0 g/L,Blé*Trt Part.Aer.*Oïdium(s),Autorisé,1.0,L/ha,35.0
LS PROTHIO-TEBUC,2250357,tébuconazole (Tebuconazole) 125.0 g/L | prothioconazole (Prothioconazole) 125.0 g/L,Blé*Trt Part.Aer.*Rouille(s),Autorisé,1.0,L/ha,35.0
LS PROTHIO-TEBUC,2250357,tébuconazole (Tebuconazole) 125.0 g/L | prothioconazole (Prothioconazole) 125.0 g/L,Blé*Trt Part.Aer.*Septoriose(s),Autorisé,1.0,L/ha,35.0
LS PROTHIO-TEBUC,2250357,tébuconazole (Tebuconazole) 125.0 g/L | prothioconazole (Prothioconazole) 125.0 g/L,Orge*Trt Part.Aer.*Fusarioses,Autorisé,1.0,L/ha,35.0
LS PROTHIO-TEBUC,2250357,tébuconazole (Tebuconazole) 125.0 g/L | prothioconazole (Prothioconazole) 125.0 g/L,Orge*Trt Part.Aer.*Helminthosporiose et ramulariose,Autorisé,1.0,L/ha,35.0
LS PROTHIO-TEBUC,2250357,tébuconazole (Tebuconazole) 125.0 g/L | prothioconazole (Prothioconazole) 125.0 g/L,Orge*Trt Part.Aer.*Oïdium(s),Autorisé,1.0,L/ha,35.0
LS PROTHIO-TEBUC,2250357,tébuconazole (Tebuconazole) 125.0 g/L | prothioconazole (Prothioconazole) 125.0 g/L,Orge*Trt Part.Aer.*Rhynchosporiose,Autorisé,1.0,L/ha,35.0
LS PROTHIO-TEBUC,2250357,tébuconazole (Tebuconazole) 125.0 g/L | prothioconazole (Prothioconazole) 125.0 g/L,Orge*Trt Part.Aer.*Rouille(s),Autorisé,1.0,L/ha,35.0
CONROD,2160387,tébuconazole (Tebuconazole) 250.0 g/L,Orge*Trt Part.Aer.*Oïdium(s),Autorisé,1.0,L/ha,
CONROD,2160387,tébuconazole (Tebuconazole) 250.0 g/L,Orge*Trt Part.Aer.*Rouille(s),Autorisé,1.0,L/ha,
CONROD,2160387,tébuconazole (Tebuconazole) 250.0 g/L,Blé*Trt Part.Aer.*Fusarioses,Autorisé,1.0,L/ha,
CONROD,2160387,tébuconazole (Tebuconazole) 250.0 g/L,Blé*Trt Part.Aer.*Oïdium(s),Autorisé,1.0,L/ha,
CONROD,2160387,tébuconazole (Tebuconazole) 250.0 g/L,Blé*Trt Part.Aer.*Rouille(s),Autorisé,1.0,L/ha,
TEBUCUR 250,2030255,tébuconazole (Tebuconazole) 250.0 g/L,Orge*Trt Part.Aer.*Helminthosporiose et ramulariose,Autorisé,1.0,L/ha,35.0
TEBUCUR 250,2030255,tébuconazole (Tebuconazole) 250.0 g/L,Orge*Trt Part.Aer.*Oïdium(s),Autorisé,1.0,L/ha,35.0
TEBUCUR 250,2030255,tébuconazole (Tebuconazole) 250.0 g/L,Orge*Trt Part.Aer.*Rhynchosporiose,Autorisé,1.0,L/ha,35.0
TEBUCUR 250,2030255,tébuconazole (Tebuconazole) 250.0 g/L,Orge*Trt Part.Aer.*Rouille(s),Autorisé,1.0,L/ha,35.0
TEBUCUR 250,2030255,tébuconazole (Tebuconazole) 250.0 g/L,Orge*Trt Part.Aer.*Helminthosporiose et ramulariose,Autorisé,1.0,L/ha,35.0
TEBUCUR 250,2030255,tébuconazole (Tebuconazole) 250.0 g/L,Orge*Trt Part.Aer.*Oïdium(s),Autorisé,1.0,L/ha,35.0
TEBUCUR 250,2030255,tébuconazole (Tebuconazole) 250.0 g/L,Orge*Trt Part.Aer.*Rhynchosporiose,Autorisé,1.0,L/ha,35.0
TEBUCUR 250,2030255,tébuconazole (Tebuconazole) 250.0 g/L,Orge*Trt Part.Aer.*Rouille(s),Autorisé,1.0,L/ha,35.0
TEBUCUR 250,2030255,tébuconazole (Tebuconazole) 250.0 g/L,Blé*Trt Part.Aer.*Fusarioses,Autorisé,1.0,L/ha,35.0
TEBUCUR 250,2030255,tébuconazole (Tebuconazole) 250.0 g/L,Blé*Trt Part.Aer.*Fusarioses,Autorisé,1.0,L/ha,35.0
TEBUCUR 250,2030255,tébuconazole (Tebuconazole) 250.0 g/L,Blé*Trt Part.Aer.*Oïdium(s),Autorisé,1.0,L/ha,35.0
TEBUCUR 250,2030255,tébuconazole (Tebuconazole) 250.0 g/L,Blé*Trt Part.Aer.*Oïdium(s),Autorisé,1.0,L/ha,35.0
TEBUCUR 250,2030255,tébuconazole (Tebuconazole) 250.0 g/L,Blé*Trt Part.Aer.*Rouille(s),Autorisé,1.0,L/ha,35.0
TEBUCUR 250,2030255,tébuconazole (Tebuconazole) 250.0 g/L,Blé*Trt Part.Aer.*Rouille(s),Autorisé,1.0,L/ha,35.0
TEBUCUR 250,2030255,tébuconazole (Tebuconazole) 250.0 g/L,Blé*Trt Part.Aer.*Septoriose(s),Autorisé,1.0,L/ha,35.0
TEBUCUR 250,2030255,tébuconazole (Tebuconazole) 250.0 g/L,Blé*Trt Part.Aer.*Septoriose(s),Autorisé,1.0,L/ha,35.0
ACLON,2220155,aclonifène (Aclonifen) 600.0 g/L,Tournesol*Désherbage,Autorisé,4.0,L/ha,
THORE,2110148,bixafène (Bixafen) 125.0 g/L,Orge*Trt Part.Aer.*Helminthosporiose et ramulariose,Autorisé,1.0,L/ha,
THORE,2110148,bixafène (Bixafen) 125.0 g/L,Orge*Trt Part.Aer.*Rhynchosporiose,Autorisé,1.0,L/ha,
THORE,2110148,bixafène (Bixafen) 125.0 g/L,Orge*Trt Part.Aer.*Rouille(s),Autorisé,1.0,L/ha,
THORE,2110148,bixafène (Bixafen) 125.0 g/L,Blé*Trt Part.Aer.*Rouille(s),Autorisé,1.0,L/ha,
THORE,2110148,bixafène (Bixafen) 125.0 g/L,Blé*Trt Part.Aer.*Septoriose(s),Autorisé,1.0,L/ha,
MONOLITH,2170524,mésosulfuron-méthyl (Mesosulfuron) 45.0 g/kg | propoxycarbazone sodium (Propoxycarbazone) 67.5 g/kg | méfenpyr-diéthyl (Mefenpyr) 90.0 g/kg,Blé*Désherbage,Autorisé,0.33,kg/ha,
OXYBELE,2260144,prosulfocarbe (Prosulfocarb) 800.0 g/L,Blé*Désherbage,Autorisé,3.0,L/ha,
OXYBELE,2260144,prosulfocarbe (Prosulfocarb) 800.0 g/L,Blé*Désherbage,Autorisé,3.0,L/ha,
OXYBELE,2260144,prosulfocarbe (Prosulfocarb) 800.0 g/L,Orge*Désherbage,Autorisé,3.0,L/ha,
PROSARO,2100108,tébuconazole (Tebuconazole) 125.0 g/L | prothioconazole (Prothioconazole) 125.0 g/L,Orge*Trt Part.Aer.*Fusarioses,Autorisé,1.0,L/ha,35.0
PROSARO,2100108,tébuconazole (Tebuconazole) 125.0 g/L | prothioconazole (Prothioconazole) 125.0 g/L,Orge*Trt Part.Aer.*Helminthosporiose et ramulariose,Autorisé,1.0,L/ha,35.0
PROSARO,2100108,tébuconazole (Tebuconazole) 125.0 g/L | prothioconazole (Prothioconazole) 125.0 g/L,Orge*Trt Part.Aer.*Oïdium(s),Autorisé,1.0,L/ha,35.0
PROSARO,2100108,tébuconazole (Tebuconazole) 125.0 g/L | prothioconazole (Prothioconazole) 125.0 g/L,Orge*Trt Part.Aer.*Rhynchosporiose,Autorisé,1.0,L/ha,35.0
PROSARO,2100108,tébuconazole (Tebuconazole) 125.0 g/L | prothioconazole (Prothioconazole) 125.0 g/L,Orge*Trt Part.Aer.*Rouille(s),Autorisé,1.0,L/ha,35.0
PROSARO,2100108,tébuconazole (Tebuconazole) 125.0 g/L | prothioconazole (Prothioconazole) 125.0 g/L,Blé*Trt Part.Aer.*Fusarioses,Autorisé,1.0,L/ha,35.0
PROSARO,2100108,tébuconazole (Tebuconazole) 125.0 g/L | prothioconazole (Prothioconazole) 125.0 g/L,Blé*Trt Part.Aer.*Oïdium(s),Autorisé,1.0,L/ha,35.0
PROSARO,2100108,tébuconazole (Tebuconazole) 125.0 g/L | prothioconazole (Prothioconazole) 125.0 g/L,Blé*Trt Part.Aer.*Rouille(s),Autorisé,1.0,L/ha,35.0
PROSARO,2100108,tébuconazole (Tebuconazole) 125.0 g/L | prothioconazole (Prothioconazole) 125.0 g/L,Blé*Trt Part.Aer.*Septoriose(s),Autorisé,1.0,L/ha,35.0
JOAO,2060116,prothioconazole (Prothioconazole) 250.0 g/L,Orge*Trt Part.Aer.*Fusarioses,Autorisé,0.8,L/ha,35.0
JOAO,2060116,prothioconazole (Prothioconazole) 250.0 g/L,Orge*Trt Part.Aer.*Helminthosporiose et ramulariose,Autorisé,0.8,L/ha,35.0
JOAO,2060116,prothioconazole (Prothioconazole) 250.0 g/L,Orge*Trt Part.Aer.*Oïdium(s),Autorisé,0.8,L/ha,35.0
JOAO,2060116,prothioconazole (Prothioconazole) 250.0 g/L,Orge*Trt Part.Aer.*Piétin verse,Autorisé,0.8,L/ha,35.0
JOAO,2060116,prothioconazole (Prothioconazole) 250.0 g/L,Orge*Trt Part.Aer.*Rhynchosporiose,Autorisé,0.8,L/ha,35.0
JOAO,2060116,prothioconazole (Prothioconazole) 250.0 g/L,Orge*Trt Part.Aer.*Rouille(s),Autorisé,0.8,L/ha,35.0
JOAO,2060116,prothioconazole (Prothioconazole) 250.0 g/L,Blé*Trt Part.Aer.*Oïdium(s),Autorisé,0.8,L/ha,35.0
JOAO,2060116,prothioconazole (Prothioconazole) 250.0 g/L,Blé*Trt Part.Aer.*Fusarioses,Autorisé,0.8,L/ha,35.0
JOAO,2060116,prothioconazole (Prothioconazole) 250.0 g/L,Blé*Trt Part.Aer.*Piétin verse,Autorisé,0.8,L/ha,35.0
JOAO,2060116,prothioconazole (Prothioconazole) 250.0 g/L,Blé*Trt Part.Aer.*Rouille(s),Autorisé,0.8,L/ha,35.0
JOAO,2060116,prothioconazole (Prothioconazole) 250.0 g/L,Blé*Trt Part.Aer.*Septoriose(s),Autorisé,0.8,L/ha,35.0
REDIGO PRO,2170700,prothioconazole (Prothioconazole) 150.0 g/L | tébuconazole (Tebuconazole) 20.0 g/L,Orge*Trt Sem.*Champignons (autres que pythiacées),Autorisé,0.067,L/q,
REDIGO PRO,2170700,prothioconazole (Prothioconazole) 150.0 g/L | tébuconazole (Tebuconazole) 20.0 g/L,Blé*Trt Sem.*Champignons (autres que pythiacées),Autorisé,0.05,L/q,
ATTRIBUT,2000205,propoxycarbazone sodium (Propoxycarbazone) 700.0 g/kg,Blé*Désherbage,Autorisé,60.0,g/ha,
SIVAR,2161017,azoxystrobine (Azoxystrobin) 250.0 g/L,Orge*Trt Part.Aer.*Rhynchosporiose,Autorisé,1.0,L/ha,
SIVAR,2161017,azoxystrobine (Azoxystrobin) 250.0 g/L,Orge*Trt Part.Aer.*Rhynchosporiose,Autorisé,1.0,L/ha,
SIVAR,2161017,azoxystrobine (Azoxystrobin) 250.0 g/L,Orge*Trt Part.Aer.*Rouille(s),Autorisé,1.0,L/ha,
SIVAR,2161017,azoxystrobine (Azoxystrobin) 250.0 g/L,Orge*Trt Part.Aer.*Rouille(s),Autorisé,1.0,L/ha,
SIVAR,2161017,azoxystrobine (Azoxystrobin) 250.0 g/L,Orge*Trt Part.Aer.*Helminthosporiose et ramulariose,Autorisé,1.0,L/ha,
SIVAR,2161017,azoxystrobine (Azoxystrobin) 250.0 g/L,Orge*Trt Part.Aer.*Helminthosporiose et ramulariose,Autorisé,1.0,L/ha,
SIVAR,2161017,azoxystrobine (Azoxystrobin) 250.0 g/L,Blé*Trt Part.Aer.*Rouille(s),Autorisé,1.0,L/ha,
SIVAR,2161017,azoxystrobine (Azoxystrobin) 250.0 g/L,Blé*Trt Part.Aer.*Rouille(s),Autorisé,1.0,L/ha,
CALLIPRIME XTRA,2150012,mésotrione (Mesotrione) 480.0 g/L,Maïs doux*Désherbage,Autorisé,0.3,L/ha,
CALLIPRIME XTRA,2150012,mésotrione (Mesotrione) 480.0 g/L,Maïs*Désherbage,Autorisé,0.3,L/ha,
CALLIPRIME XTRA,2150012,mésotrione (Mesotrione) 480.0 g/L,Maïs*Désherbage,Autorisé,0.2,L/ha,
ATLANTIS PROGRESS,2240903,iodosulfuron-méthyl-sodium (Iodosulfuron) 2.0 g/L | mésosulfuron-méthyl (Mesosulfuron) 10.0 g/L | méfenpyr-diéthyl (Mefenpyr) 30.0 g/L,Blé*Désherbage,Autorisé,1.0,L/ha,
ATLANTIS PROGRESS,2240903,iodosulfuron-méthyl-sodium (Iodosulfuron) 2.0 g/L | mésosulfuron-méthyl (Mesosulfuron) 10.0 g/L | méfenpyr-diéthyl (Mefenpyr) 30.0 g/L,Blé*Désherbage,Autorisé,1.5,L/ha,
JADEX-O-460,9100034,chlorméquat (Chlormequat) 460.0 g/L,Blé*Trt Part.Aer.*Régul. Croiss. Org. Aériens,Autorisé,2.0,L/ha,
POL-SULPHUR800SC,2170538,soufre (Sulphur) 800.0 g/L,Orge*Trt Part.Aer.*Oïdium(s),Autorisé,10.0,L/ha,35.0
POL-SULPHUR800SC,2170538,soufre (Sulphur) 800.0 g/L,Blé*Trt Part.Aer.*Oïdium(s),Autorisé,10.0,L/ha,35.0
PROFI TEBUPRO,2240694,tébuconazole (Tebuconazole) 125.0 g/L | prothioconazole (Prothioconazole) 125.0 g/L,Blé*Trt Part.Aer.*Septoriose(s),Autorisé,1.0,L/ha,35.0
PROFI TEBUPRO,2240694,tébuconazole (Tebuconazole) 125.0 g/L | prothioconazole (Prothioconazole) 125.0 g/L,Blé*Trt Part.Aer.*Fusarioses,Autorisé,1.0,L/ha,35.0
PROFI TEBUPRO,2240694,tébuconazole (Tebuconazole) 125.0 g/L | prothioconazole (Prothioconazole) 125.0 g/L,Orge*Trt Part.Aer.*Helminthosporiose et ramulariose,Autorisé,1.0,L/ha,35.0
PROFI TEBUPRO,2240694,tébuconazole (Tebuconazole) 125.0 g/L | prothioconazole (Prothioconazole) 125.0 g/L,Orge*Trt Part.Aer.*Rouille(s),Autorisé,1.0,L/ha,35.0
PROFI TEBUPRO,2240694,tébuconazole (Tebuconazole) 125.0 g/L | prothioconazole (Prothioconazole) 125.0 g/L,Orge*Trt Part.Aer.*Fusarioses,Autorisé,1.0,L/ha,35.0
PROFI TEBUPRO,2240694,tébuconazole (Tebuconazole) 125.0 g/L | prothioconazole (Prothioconazole) 125.0 g/L,Blé*Trt Part.Aer.*Rouille(s),Autorisé,1.0,L/ha,35.0
PROFI TEBUPRO,2240694,tébuconazole (Tebuconazole) 125.0 g/L | prothioconazole (Prothioconazole) 125.0 g/L,Blé*Trt Part.Aer.*Oïdium(s),Autorisé,1.0,L/ha,35.0
PROFI TEBUPRO,2240694,tébuconazole (Tebuconazole) 125.0 g/L | prothioconazole (Prothioconazole) 125.0 g/L,Orge*Trt Part.Aer.*Oïdium(s),Autorisé,1.0,L/ha,35.0
PROFI TEBUPRO,2240694,tébuconazole (Tebuconazole) 125.0 g/L | prothioconazole (Prothioconazole) 125.0 g/L,Orge*Trt Part.Aer.*Rhynchosporiose,Autorisé,1.0,L/ha,35.0
CASPER,2090037,dicamba (Dicamba) 500.0 g/kg | prosulfuron (Prosulfuron) 50.0 g/kg,Maïs*Désherbage,Autorisé,0.3,kg/ha,60.0
CASPER,2090037,dicamba (Dicamba) 500.0 g/kg | prosulfuron (Prosulfuron) 50.0 g/kg,Maïs*Désherbage,Autorisé,0.3,kg/ha,90.0
CASPER,2090037,dicamba (Dicamba) 500.0 g/kg | prosulfuron (Prosulfuron) 50.0 g/kg,Maïs*Désherbage,Autorisé,0.3,kg/ha,60.0
CASPER,2090037,dicamba (Dicamba) 500.0 g/kg | prosulfuron (Prosulfuron) 50.0 g/kg,Maïs*Désherbage,Autorisé,0.3,kg/ha,90.0
PELICAN DELTA,2120091,diflufénicanil (Diflufenican) 600.0 g/kg | metsulfuron-méthyl (Metsulfuron-methyl) 60.0 g/kg,Orge*Désherbage,Autorisé,0.07,kg/ha,
PELICAN DELTA,2120091,diflufénicanil (Diflufenican) 600.0 g/kg | metsulfuron-méthyl (Metsulfuron-methyl) 60.0 g/kg,Blé*Désherbage,Autorisé,0.07,kg/ha,
LS BASILICOSTAR,2240337,mésotrione (Mesotrione) 100.0 g/L,Maïs*Désherbage,Autorisé,1.5,L/ha,
LS BASILICOSTAR,2240337,mésotrione (Mesotrione) 100.0 g/L,Maïs doux*Désherbage,Autorisé,0.75,L/ha,
LS BASILICOSTAR,2240337,mésotrione (Mesotrione) 100.0 g/L,Maïs*Désherbage,Autorisé,1.5,L/ha,
LS BASILICOSTAR,2240337,mésotrione (Mesotrione) 100.0 g/L,Maïs*Désherbage,Autorisé,0.75,L/ha,
KARATE AVEC TECHNOLOGIE ZEON,9800336,lambda-cyhalothrine (Lambda-Cyhalothrin) 100.0 g/L,Maïs doux*Trt Part.Aer.*Chenilles phytophages,Autorisé,0.075,L/ha,7.0
KARATE AVEC TECHNOLOGIE ZEON,9800336,lambda-cyhalothrine (Lambda-Cyhalothrin) 100.0 g/L,"Maïs doux*Trt Part.Aer.*Cicadelles, punaises et psylles",Autorisé,0.2,L/ha,7.0
KARATE AVEC TECHNOLOGIE ZEON,9800336,lambda-cyhalothrine (Lambda-Cyhalothrin) 100.0 g/L,Maïs doux*Trt Part.Aer.*Coléoptères phytophages,Autorisé,0.05,L/ha,7.0
KARATE AVEC TECHNOLOGIE ZEON,9800336,lambda-cyhalothrine (Lambda-Cyhalothrin) 100.0 g/L,Maïs*Trt Part.Aer.*Chenilles phytophages,Autorisé,0.15,L/ha,7.0
KARATE AVEC TECHNOLOGIE ZEON,9800336,lambda-cyhalothrine (Lambda-Cyhalothrin) 100.0 g/L,Maïs*Trt Part.Aer.*Cicadelles,Autorisé,0.2,L/ha,7.0
KARATE AVEC TECHNOLOGIE ZEON,9800336,lambda-cyhalothrine (Lambda-Cyhalothrin) 100.0 g/L,Maïs*Trt Part.Aer.*Pucerons,Autorisé,0.075,L/ha,7.0
KARATE AVEC TECHNOLOGIE ZEON,9800336,lambda-cyhalothrine (Lambda-Cyhalothrin) 100.0 g/L,Maïs*Trt Part.Aer.*Pyrale(s) (1),Autorisé,0.2,L/ha,7.0
KARATE AVEC TECHNOLOGIE ZEON,9800336,lambda-cyhalothrine (Lambda-Cyhalothrin) 100.0 g/L,Maïs*Trt Sol*Ravageurs du sol,Autorisé,0.075,L/ha,28.0
KARATE AVEC TECHNOLOGIE ZEON,9800336,lambda-cyhalothrine (Lambda-Cyhalothrin) 100.0 g/L,Maïs doux*Trt Part.Aer.*Chenilles phytophages,Autorisé,0.15,L/ha,7.0
KARATE AVEC TECHNOLOGIE ZEON,9800336,lambda-cyhalothrine (Lambda-Cyhalothrin) 100.0 g/L,Maïs doux*Trt Part.Aer.*Chenilles phytophages,Autorisé,0.2,L/ha,7.0
SUPARAST,2220022,clodinafop-propargyl (Clodinafop) 100.0 g/L | cloquintocet-mexyl (Cloquintocet mexyl) 25.0 g/L,Blé*Désherbage,Autorisé,0.6,L/ha,42.0
PIXXARO EC,2160936,halauxifène-méthyl (Halauxifen-methyl) 12.5 g/L | fluroxypyr (Fluroxypyr) 403.0 g/L | cloquintocet-mexyl (Cloquintocet mexyl) 12.0 g/L,Orge*Désherbage,Autorisé,0.5,L/ha,
PIXXARO EC,2160936,halauxifène-méthyl (Halauxifen-methyl) 12.5 g/L | fluroxypyr (Fluroxypyr) 403.0 g/L | cloquintocet-mexyl (Cloquintocet mexyl) 12.0 g/L,Blé*Désherbage,Autorisé,0.5,L/ha,
TREZAC,2190249,halauxifène-méthyl (Halauxifen-methyl) 31.27 g/L | aminopyralide (Aminopyralid) 25.0 g/L | cloquintocet-mexyl (Cloquintocet mexyl) 30.0 g/L,Orge*Désherbage,Autorisé,0.2,L/ha,
TREZAC,2190249,halauxifène-méthyl (Halauxifen-methyl) 31.27 g/L | aminopyralide (Aminopyralid) 25.0 g/L | cloquintocet-mexyl (Cloquintocet mexyl) 30.0 g/L,Orge*Désherbage,Autorisé,0.2,L/ha,
TREZAC,2190249,halauxifène-méthyl (Halauxifen-methyl) 31.27 g/L | aminopyralide (Aminopyralid) 25.0 g/L | cloquintocet-mexyl (Cloquintocet mexyl) 30.0 g/L,Blé*Désherbage,Autorisé,0.2,L/ha,
TREZAC,2190249,halauxifène-méthyl (Halauxifen-methyl) 31.27 g/L | aminopyralide (Aminopyralid) 25.0 g/L | cloquintocet-mexyl (Cloquintocet mexyl) 30.0 g/L,Blé*Désherbage,Autorisé,0.2,L/ha,
PENTIUM FLO,2100215,pendiméthaline (Pendimethalin) 400.0 g/L,Orge*Désherbage,Autorisé,2.5,L/ha,
PENTIUM FLO,2100215,pendiméthaline (Pendimethalin) 400.0 g/L,Blé*Désherbage,Autorisé,2.5,L/ha,
HADES 250,2171173,tébuconazole (Tebuconazole) 250.0 g/L,Orge*Trt Part.Aer.*Oïdium(s),Autorisé,1.0,L/ha,
HADES 250,2171173,tébuconazole (Tebuconazole) 250.0 g/L,Orge*Trt Part.Aer.*Rouille(s),Autorisé,1.0,L/ha,
HADES 250,2171173,tébuconazole (Tebuconazole) 250.0 g/L,Blé*Trt Part.Aer.*Fusarioses,Autorisé,1.0,L/ha,
HADES 250,2171173,tébuconazole (Tebuconazole) 250.0 g/L,Blé*Trt Part.Aer.*Oïdium(s),Autorisé,1.0,L/ha,
HADES 250,2171173,tébuconazole (Tebuconazole) 250.0 g/L,Blé*Trt Part.Aer.*Rouille(s),Autorisé,1.0,L/ha,
ALCANCE SYNC TEC,2160817,clomazone (Clomazone) 43.0 g/L | pendiméthaline (Pendimethalin) 298.0 g/L,Maïs*Désherbage,Autorisé,2.5,L/ha,
MAZA 4% SL,2171025,imazamox (Imazamox) 40.0 g/L,Tournesol*Désherbage,Autorisé,1.25,L/ha,
DELFIN,9200482,Bacillus thuringiensis subsp. Kurstaki souche SA 11  (Bacillus thuringiensis subsp. Kurstaki strain SA 11) 32000000 UI/g,Maïs doux*Trt Part.Aer.*Chenilles phytophages,Autorisé,1.5,kg/ha,3.0
ATLANTIS STAR,2170236,iodosulfuron-méthyl-sodium (Iodosulfuron) 9.0 g/kg | mésosulfuron-méthyl (Mesosulfuron) 45.0 g/kg | thiencarbazone-méthyl (Thiencarbazone) 22.5 g/kg | méfenpyr-diéthyl (Mefenpyr) 135.0 g/kg,Blé*Désherbage,Autorisé,0.33,kg/ha,
FOX,2180672,bifénox (Bifenox) 480.0 g/L,Orge*Désherbage,Autorisé,1.5,L/ha,
FOX,2180672,bifénox (Bifenox) 480.0 g/L,Blé*Désherbage,Autorisé,1.5,L/ha,
TEMSA SC,2170425,mésotrione (Mesotrione) 100.0 g/L,Maïs*Désherbage,Autorisé,1.5,L/ha,
TEMSA SC,2170425,mésotrione (Mesotrione) 100.0 g/L,Maïs doux*Désherbage,Autorisé,0.75,L/ha,
TEMSA SC,2170425,mésotrione (Mesotrione) 100.0 g/L,Maïs*Désherbage,Autorisé,0.75,L/ha,
TEMSA SC,2170425,mésotrione (Mesotrione) 100.0 g/L,Maïs*Désherbage,Autorisé,1.5,L/ha,
VELOURS,2220168,soufre (Sulphur) 700.0 g/L,Orge*Trt Part.Aer.*Helminthosporiose et ramulariose,Autorisé,6.0,L/ha,
VELOURS,2220168,soufre (Sulphur) 700.0 g/L,Orge*Trt Part.Aer.*Rhynchosporiose,Autorisé,6.0,L/ha,
VELOURS,2220168,soufre (Sulphur) 700.0 g/L,Blé*Trt Part.Aer.*Septoriose(s),Autorisé,6.0,L/ha,
ZONOR,2200521,tébuconazole (Tebuconazole) 250.0 g/L,Orge*Trt Part.Aer.*Oïdium(s),Autorisé,1.0,L/ha,
ZONOR,2200521,tébuconazole (Tebuconazole) 250.0 g/L,Orge*Trt Part.Aer.*Rouille(s),Autorisé,1.0,L/ha,
ZONOR,2200521,tébuconazole (Tebuconazole) 250.0 g/L,Orge*Trt Part.Aer.*Fusarioses,Autorisé,1.0,L/ha,
ZONOR,2200521,tébuconazole (Tebuconazole) 250.0 g/L,Blé*Trt Part.Aer.*Fusarioses,Autorisé,1.0,L/ha,
ZONOR,2200521,tébuconazole (Tebuconazole) 250.0 g/L,Blé*Trt Part.Aer.*Oïdium(s),Autorisé,1.0,L/ha,
ZONOR,2200521,tébuconazole (Tebuconazole) 250.0 g/L,Blé*Trt Part.Aer.*Rouille(s),Autorisé,1.0,L/ha,
TRACIAFIN PLUS,2190882,prothioconazole (Prothioconazole) 250.0 g/L,Orge*Trt Part.Aer.*Oïdium(s),Autorisé,0.8,L/ha,35.0
TRACIAFIN PLUS,2190882,prothioconazole (Prothioconazole) 250.0 g/L,Orge*Trt Part.Aer.*Rouille(s),Autorisé,0.8,L/ha,35.0
TRACIAFIN PLUS,2190882,prothioconazole (Prothioconazole) 250.0 g/L,Orge*Trt Part.Aer.*Piétin verse,Autorisé,0.8,L/ha,35.0
TRACIAFIN PLUS,2190882,prothioconazole (Prothioconazole) 250.0 g/L,Orge*Trt Part.Aer.*Helminthosporiose et ramulariose,Autorisé,0.8,L/ha,35.0
TRACIAFIN PLUS,2190882,prothioconazole (Prothioconazole) 250.0 g/L,Orge*Trt Part.Aer.*Rhynchosporiose,Autorisé,0.8,L/ha,35.0
TRACIAFIN PLUS,2190882,prothioconazole (Prothioconazole) 250.0 g/L,Orge*Trt Part.Aer.*Fusarioses,Autorisé,0.8,L/ha,35.0
TRACIAFIN PLUS,2190882,prothioconazole (Prothioconazole) 250.0 g/L,Blé*Trt Part.Aer.*Fusarioses,Autorisé,0.8,L/ha,35.0
TRACIAFIN PLUS,2190882,prothioconazole (Prothioconazole) 250.0 g/L,Blé*Trt Part.Aer.*Oïdium(s),Autorisé,0.8,L/ha,35.0
TRACIAFIN PLUS,2190882,prothioconazole (Prothioconazole) 250.0 g/L,Blé*Trt Part.Aer.*Piétin verse,Autorisé,0.8,L/ha,35.0
TRACIAFIN PLUS,2190882,prothioconazole (Prothioconazole) 250.0 g/L,Blé*Trt Part.Aer.*Rouille(s),Autorisé,0.8,L/ha,35.0
TRACIAFIN PLUS,2190882,prothioconazole (Prothioconazole) 250.0 g/L,Blé*Trt Part.Aer.*Septoriose(s),Autorisé,0.8,L/ha,35.0
ARCHIPEL DUO,2140258,mésosulfuron-méthyl (Mesosulfuron) 7.5 g/L | iodosulfuron-méthyl-sodium (Iodosulfuron) 7.5 g/L | méfenpyr-diéthyl (Mefenpyr) 22.5 g/L,Blé*Désherbage,Autorisé,1.0,L/ha,
VISUL WG,2190652,soufre (Sulphur) 800.0 g/kg,Orge*Trt Part.Aer.*Oïdium(s),Autorisé,10.0,kg/ha,3.0
VISUL WG,2190652,soufre (Sulphur) 800.0 g/kg,Blé*Trt Part.Aer.*Oïdium(s),Autorisé,10.0,kg/ha,3.0
TENSTAR,2200063,tébuconazole (Tebuconazole) 250.0 g/L,Orge*Trt Part.Aer.*Rouille(s),Autorisé,1.0,L/ha,
TENSTAR,2200063,tébuconazole (Tebuconazole) 250.0 g/L,Orge*Trt Part.Aer.*Oïdium(s),Autorisé,1.0,L/ha,
TENSTAR,2200063,tébuconazole (Tebuconazole) 250.0 g/L,Blé*Trt Part.Aer.*Fusarioses,Autorisé,1.0,L/ha,
TENSTAR,2200063,tébuconazole (Tebuconazole) 250.0 g/L,Blé*Trt Part.Aer.*Oïdium(s),Autorisé,1.0,L/ha,
TENSTAR,2200063,tébuconazole (Tebuconazole) 250.0 g/L,Blé*Trt Part.Aer.*Rouille(s),Autorisé,1.0,L/ha,
BOBINO,2220666,phosphonates de potassium (Potassium phosphonates) 755.0 g/L,Blé*Trt Part.Aer.*Septoriose(s),Autorisé,4.0,L/ha,
CITOYEN,2220667,phosphonates de potassium (Potassium phosphonates) 755.0 g/L,Blé*Trt Part.Aer.*Septoriose(s),Autorisé,4.0,L/ha,
TAMPRESAN,2220670,phosphonates de potassium (Potassium phosphonates) 755.0 g/L,Blé*Trt Part.Aer.*Septoriose(s),Autorisé,4.0,L/ha,
ATLANTIS PRO,2140257,iodosulfuron-méthyl-sodium (Iodosulfuron) 2.0 g/L | mésosulfuron-méthyl (Mesosulfuron) 10.0 g/L | méfenpyr-diéthyl (Mefenpyr) 30.0 g/L,Blé*Désherbage,Autorisé,1.5,L/ha,
ATLANTIS PRO,2140257,iodosulfuron-méthyl-sodium (Iodosulfuron) 2.0 g/L | mésosulfuron-méthyl (Mesosulfuron) 10.0 g/L | méfenpyr-diéthyl (Mefenpyr) 30.0 g/L,Blé*Désherbage,Autorisé,1.0,L/ha,
DECIS PROTECH,2010023,deltaméthrine (Deltamethrin) 15.0 g/L,Maïs doux*Trt Part.Aer.*Chenilles phytophages,Autorisé,0.5,L/ha,3.0
DECIS PROTECH,2010023,deltaméthrine (Deltamethrin) 15.0 g/L,"Maïs doux*Trt Part.Aer.*Cicadelles, punaises et psylles",Autorisé,0.83,L/ha,3.0
DECIS PROTECH,2010023,deltaméthrine (Deltamethrin) 15.0 g/L,Maïs doux*Trt Part.Aer.*Coléoptères phytophages,Autorisé,0.33,L/ha,3.0
DECIS PROTECH,2010023,deltaméthrine (Deltamethrin) 15.0 g/L,Maïs*Trt Part.Aer.*Chenilles phytophages,Autorisé,0.83,L/ha,30.0
DECIS PROTECH,2010023,deltaméthrine (Deltamethrin) 15.0 g/L,Maïs*Trt Part.Aer.*Cicadelles,Autorisé,0.83,L/ha,30.0
DECIS PROTECH,2010023,deltaméthrine (Deltamethrin) 15.0 g/L,Maïs*Trt Part.Aer.*Pyrale(s) (1),Autorisé,0.83,L/ha,30.0
DECIS PROTECH,2010023,deltaméthrine (Deltamethrin) 15.0 g/L,Maïs*Trt Sol*Ravageurs du sol,Autorisé,0.5,L/ha,30.0
DECIS PROTECH,2010023,deltaméthrine (Deltamethrin) 15.0 g/L,Maïs doux*Trt Part.Aer.*Chenilles phytophages,Autorisé,0.83,L/ha,3.0
LAUNCHER,2260085,zoxamide (Zoxamide) 460.0 g/L,Tournesol*Trt Sem.*Champignons (pythiacées),Autorisé,0.01,L/q,
METFIN 90,2190907,metconazole (Metconazole) 90.0 g/L,Orge*Trt Part.Aer.*Oïdium(s),Autorisé,1.0,L/ha,35.0
METFIN 90,2190907,metconazole (Metconazole) 90.0 g/L,Orge*Trt Part.Aer.*Rhynchosporiose,Autorisé,1.0,L/ha,35.0
METFIN 90,2190907,metconazole (Metconazole) 90.0 g/L,Orge*Trt Part.Aer.*Rouille(s),Autorisé,1.0,L/ha,35.0
METFIN 90,2190907,metconazole (Metconazole) 90.0 g/L,Blé*Trt Part.Aer.*Fusarioses,Autorisé,1.0,L/ha,35.0
METFIN 90,2190907,metconazole (Metconazole) 90.0 g/L,Blé*Trt Part.Aer.*Oïdium(s),Autorisé,1.0,L/ha,35.0
METFIN 90,2190907,metconazole (Metconazole) 90.0 g/L,Blé*Trt Part.Aer.*Rouille(s),Autorisé,1.0,L/ha,35.0
METFIN 90,2190907,metconazole (Metconazole) 90.0 g/L,Blé*Trt Part.Aer.*Septoriose(s),Autorisé,1.0,L/ha,35.0
SPIRATO 25 FS,2170703,fludioxonil (Fludioxonil) 25.0 g/L,Tournesol*Trt Sem.*Champignons (autres que pythiacées),Autorisé,0.6,L/q,
SPIRATO 25 FS,2170703,fludioxonil (Fludioxonil) 25.0 g/L,Orge*Trt Sem.*Champignons (autres que pythiacées),Autorisé,0.2,L/q,
SPIRATO 25 FS,2170703,fludioxonil (Fludioxonil) 25.0 g/L,Blé*Trt Sem.*Champignons (autres que pythiacées),Autorisé,0.2,L/q,
PRIAM TOP,2150253,tébuconazole (Tebuconazole) 250.0 g/L,Orge*Trt Part.Aer.*Rhynchosporiose,Autorisé,1.0,L/ha,35.0
PRIAM TOP,2150253,tébuconazole (Tebuconazole) 250.0 g/L,Blé*Trt Part.Aer.*Fusarioses,Autorisé,1.0,L/ha,35.0
PRIAM TOP,2150253,tébuconazole (Tebuconazole) 250.0 g/L,Blé*Trt Part.Aer.*Rouille(s),Autorisé,1.0,L/ha,35.0
NICOZEA,2090101,nicosulfuron (Nicosulfuron) 40.0 g/L,Maïs*Désherbage,Autorisé,1.5,L/ha,
BASTION,2010240,florasulame (Florasulam) 2.5 g/L | fluroxypyr-méptyl (Fluroxypyr) 144.1 g/L,Orge*Désherbage,Autorisé,1.5,L/ha,
BASTION,2010240,florasulame (Florasulam) 2.5 g/L | fluroxypyr-méptyl (Fluroxypyr) 144.1 g/L,Orge*Désherbage,Autorisé,1.5,L/ha,
BASTION,2010240,florasulame (Florasulam) 2.5 g/L | fluroxypyr-méptyl (Fluroxypyr) 144.1 g/L,Blé*Désherbage,Autorisé,1.5,L/ha,
BASTION,2010240,florasulame (Florasulam) 2.5 g/L | fluroxypyr-méptyl (Fluroxypyr) 144.1 g/L,Blé*Désherbage,Autorisé,1.5,L/ha,
SOUVERAIN OD,2150247,nicosulfuron (Nicosulfuron) 20.0 g/L | sulcotrione (Sulcotrione) 150.0 g/L,Maïs*Désherbage,Autorisé,2.0,L/ha,
SOUVERAIN OD,2150247,nicosulfuron (Nicosulfuron) 20.0 g/L | sulcotrione (Sulcotrione) 150.0 g/L,Maïs*Désherbage,Autorisé,1.0,L/ha,
ATIC AQUA,2090011,pendiméthaline (Pendimethalin) 455.0 g/L,Maïs*Désherbage,Autorisé,2.6,L/ha,120.0
ATIC AQUA,2090011,pendiméthaline (Pendimethalin) 455.0 g/L,Tournesol*Désherbage,Autorisé,2.6,L/ha,
ATIC AQUA,2090011,pendiméthaline (Pendimethalin) 455.0 g/L,Maïs*Désherbage,Autorisé,2.6,L/ha,90.0
ATIC AQUA,2090011,pendiméthaline (Pendimethalin) 455.0 g/L,Maïs*Désherbage,Autorisé,2.6,L/ha,90.0
ATIC AQUA,2090011,pendiméthaline (Pendimethalin) 455.0 g/L,Maïs*Désherbage,Autorisé,2.6,L/ha,120.0
ULTRALINE,2190883,prothioconazole (Prothioconazole) 250.0 g/L,Orge*Trt Part.Aer.*Fusarioses,Autorisé,0.8,L/ha,35.0
ULTRALINE,2190883,prothioconazole (Prothioconazole) 250.0 g/L,Orge*Trt Part.Aer.*Rhynchosporiose,Autorisé,0.8,L/ha,35.0
ULTRALINE,2190883,prothioconazole (Prothioconazole) 250.0 g/L,Orge*Trt Part.Aer.*Rouille(s),Autorisé,0.8,L/ha,35.0
ULTRALINE,2190883,prothioconazole (Prothioconazole) 250.0 g/L,Orge*Trt Part.Aer.*Oïdium(s),Autorisé,0.8,L/ha,35.0
ULTRALINE,2190883,prothioconazole (Prothioconazole) 250.0 g/L,Orge*Trt Part.Aer.*Piétin verse,Autorisé,0.8,L/ha,35.0
ULTRALINE,2190883,prothioconazole (Prothioconazole) 250.0 g/L,Orge*Trt Part.Aer.*Helminthosporiose et ramulariose,Autorisé,0.8,L/ha,35.0
ULTRALINE,2190883,prothioconazole (Prothioconazole) 250.0 g/L,Blé*Trt Part.Aer.*Fusarioses,Autorisé,0.8,L/ha,35.0
ULTRALINE,2190883,prothioconazole (Prothioconazole) 250.0 g/L,Blé*Trt Part.Aer.*Oïdium(s),Autorisé,0.8,L/ha,35.0
ULTRALINE,2190883,prothioconazole (Prothioconazole) 250.0 g/L,Blé*Trt Part.Aer.*Piétin verse,Autorisé,0.8,L/ha,35.0
ULTRALINE,2190883,prothioconazole (Prothioconazole) 250.0 g/L,Blé*Trt Part.Aer.*Rouille(s),Autorisé,0.8,L/ha,35.0
ULTRALINE,2190883,prothioconazole (Prothioconazole) 250.0 g/L,Blé*Trt Part.Aer.*Septoriose(s),Autorisé,0.8,L/ha,35.0
PROMAN,2150028,métobromuron (Metobromuron) 500.0 g/L,Tournesol*Désherbage,Autorisé,3.0,L/ha,
PULSAR 40,2090064,imazamox (Imazamox) 40.0 g/L,Tournesol*Désherbage,Autorisé,1.25,L/ha,90.0
PRIMERO,2130063,nicosulfuron (Nicosulfuron) 40.0 g/L,Maïs*Désherbage,Autorisé,1.5,L/ha,
ANTHOLOGY PRO,2250020,mésosulfuron-méthyl (Mesosulfuron) 10.0 g/L | iodosulfuron-méthyl-sodium (Iodosulfuron) 2.0 g/L | méfenpyr-diéthyl (Mefenpyr) 30.0 g/L,Blé*Désherbage,Autorisé,1.0,L/ha,
ANTHOLOGY PRO,2250020,mésosulfuron-méthyl (Mesosulfuron) 10.0 g/L | iodosulfuron-méthyl-sodium (Iodosulfuron) 2.0 g/L | méfenpyr-diéthyl (Mefenpyr) 30.0 g/L,Blé*Désherbage,Autorisé,1.5,L/ha,
JIVE,2220049,prothioconazole (Prothioconazole) 125.0 g/L | tébuconazole (Tebuconazole) 125.0 g/L,Orge*Trt Part.Aer.*Rouille(s),Autorisé,1.0,L/ha,35.0
JIVE,2220049,prothioconazole (Prothioconazole) 125.0 g/L | tébuconazole (Tebuconazole) 125.0 g/L,Orge*Trt Part.Aer.*Helminthosporiose et ramulariose,Autorisé,1.0,L/ha,35.0
JIVE,2220049,prothioconazole (Prothioconazole) 125.0 g/L | tébuconazole (Tebuconazole) 125.0 g/L,Orge*Trt Part.Aer.*Fusarioses,Autorisé,1.0,L/ha,35.0
JIVE,2220049,prothioconazole (Prothioconazole) 125.0 g/L | tébuconazole (Tebuconazole) 125.0 g/L,Orge*Trt Part.Aer.*Rhynchosporiose,Autorisé,1.0,L/ha,35.0
JIVE,2220049,prothioconazole (Prothioconazole) 125.0 g/L | tébuconazole (Tebuconazole) 125.0 g/L,Orge*Trt Part.Aer.*Oïdium(s),Autorisé,1.0,L/ha,35.0
JIVE,2220049,prothioconazole (Prothioconazole) 125.0 g/L | tébuconazole (Tebuconazole) 125.0 g/L,Blé*Trt Part.Aer.*Fusarioses,Autorisé,1.0,L/ha,35.0
JIVE,2220049,prothioconazole (Prothioconazole) 125.0 g/L | tébuconazole (Tebuconazole) 125.0 g/L,Blé*Trt Part.Aer.*Oïdium(s),Autorisé,1.0,L/ha,35.0
JIVE,2220049,prothioconazole (Prothioconazole) 125.0 g/L | tébuconazole (Tebuconazole) 125.0 g/L,Blé*Trt Part.Aer.*Rouille(s),Autorisé,1.0,L/ha,35.0
JIVE,2220049,prothioconazole (Prothioconazole) 125.0 g/L | tébuconazole (Tebuconazole) 125.0 g/L,Blé*Trt Part.Aer.*Septoriose(s),Autorisé,1.0,L/ha,35.0
SOLEIL,2130266,bromuconazole (Bromuconazole) 167.0 g/L | tébuconazole (Tebuconazole) 107.0 g/L,Porte graine - Maïs*Trt Part.Aer.*Fusarioses,Autorisé,1.2,L/ha,
SOLEIL,2130266,bromuconazole (Bromuconazole) 167.0 g/L | tébuconazole (Tebuconazole) 107.0 g/L,Blé*Trt Part.Aer.*Fusarioses,Autorisé,1.2,L/ha,
SOLEIL,2130266,bromuconazole (Bromuconazole) 167.0 g/L | tébuconazole (Tebuconazole) 107.0 g/L,Blé*Trt Part.Aer.*Rouille(s),Autorisé,1.2,L/ha,
SOLEIL,2130266,bromuconazole (Bromuconazole) 167.0 g/L | tébuconazole (Tebuconazole) 107.0 g/L,Blé*Trt Part.Aer.*Septoriose(s),Autorisé,1.2,L/ha,
VALCURE,2210063,Bacillus amyloliquefaciens ssp. plantarum souche D747  (Bacillus amyloliquefaciens subsp. plantarum D747) 10000000000 UFC/mL,Maïs doux*Trt Sol*Champignons (autres que pythiacées),Autorisé,5.0,L/ha,1.0
VALCURE,2210063,Bacillus amyloliquefaciens ssp. plantarum souche D747  (Bacillus amyloliquefaciens subsp. plantarum D747) 10000000000 UFC/mL,Maïs doux*Trt Sol*Champignons (pythiacées),Autorisé,5.0,L/ha,1.0
DELTASTAR,2140147,deltaméthrine (Deltamethrin) 15.0 g/L,Maïs doux*Trt Part.Aer.*Chenilles phytophages,Autorisé,0.83,L/ha,3.0
DELTASTAR,2140147,deltaméthrine (Deltamethrin) 15.0 g/L,Maïs doux*Trt Part.Aer.*Chenilles phytophages,Autorisé,0.5,L/ha,3.0
DELTASTAR,2140147,deltaméthrine (Deltamethrin) 15.0 g/L,"Maïs doux*Trt Part.Aer.*Cicadelles, punaises et psylles",Autorisé,0.83,L/ha,3.0
DELTASTAR,2140147,deltaméthrine (Deltamethrin) 15.0 g/L,Maïs doux*Trt Part.Aer.*Coléoptères phytophages,Autorisé,0.33,L/ha,3.0
DELTASTAR,2140147,deltaméthrine (Deltamethrin) 15.0 g/L,Maïs*Trt Part.Aer.*Chenilles phytophages,Autorisé,0.83,L/ha,30.0
DELTASTAR,2140147,deltaméthrine (Deltamethrin) 15.0 g/L,Maïs*Trt Part.Aer.*Cicadelles,Autorisé,0.83,L/ha,30.0
DELTASTAR,2140147,deltaméthrine (Deltamethrin) 15.0 g/L,Maïs*Trt Part.Aer.*Pyrale(s) (1),Autorisé,0.83,L/ha,30.0
DELTASTAR,2140147,deltaméthrine (Deltamethrin) 15.0 g/L,Maïs*Trt Sol*Ravageurs du sol,Autorisé,0.5,L/ha,30.0
NIMBLE,2110072,tribénuron-méthyl (Tribenuron) 250.0 g/kg | Thifensulfuron (Thifensulfuron-methyl) 500.0 g/kg,Orge*Désherbage,Autorisé,50.0,g/ha,
NIMBLE,2110072,tribénuron-méthyl (Tribenuron) 250.0 g/kg | Thifensulfuron (Thifensulfuron-methyl) 500.0 g/kg,Blé*Désherbage,Autorisé,50.0,g/ha,
TRIMAXX,2140082,trinéxapac-éthyl (Trinexapac) 175.0 g/L,Orge*Trt Part.Aer.*Régul. Croiss. Org. Aériens,Autorisé,0.6,L/ha,
TRIMAXX,2140082,trinéxapac-éthyl (Trinexapac) 175.0 g/L,Orge*Trt Part.Aer.*Régul. Croiss. Org. Aériens,Autorisé,0.8,L/ha,70.0
TRIMAXX,2140082,trinéxapac-éthyl (Trinexapac) 175.0 g/L,Blé*Trt Part.Aer.*Régul. Croiss. Org. Aériens,Autorisé,0.5,L/ha,60.0
TRIMAXX,2140082,trinéxapac-éthyl (Trinexapac) 175.0 g/L,Blé*Trt Part.Aer.*Régul. Croiss. Org. Aériens,Autorisé,0.5,L/ha,70.0
GLASGO,2170979,pyroxsulam (Pyroxsulam) 70.8 g/kg | florasulame (Florasulam) 14.2 g/kg | cloquintocet-mexyl (Cloquintocet mexyl) 70.8 g/kg,Blé*Désherbage,Autorisé,265.0,g/ha,
GLASGO,2170979,pyroxsulam (Pyroxsulam) 70.8 g/kg | florasulame (Florasulam) 14.2 g/kg | cloquintocet-mexyl (Cloquintocet mexyl) 70.8 g/kg,Blé*Désherbage,Autorisé,265.0,g/ha,
OCTOGON,2090042,florasulame (Florasulam) 22.8 g/kg | pyroxsulam (Pyroxsulam) 68.3 g/kg | cloquintocet-mexyl (Cloquintocet mexyl) 68.3 g/kg,Blé*Désherbage,Autorisé,0.275,kg/ha,
SINSTAR,2170430,azoxystrobine (Azoxystrobin) 250.0 g/L,Orge*Trt Part.Aer.*Helminthosporiose et ramulariose,Autorisé,1.0,L/ha,42.0
SINSTAR,2170430,azoxystrobine (Azoxystrobin) 250.0 g/L,Orge*Trt Part.Aer.*Rhynchosporiose,Autorisé,1.0,L/ha,42.0
SINSTAR,2170430,azoxystrobine (Azoxystrobin) 250.0 g/L,Orge*Trt Part.Aer.*Rouille(s),Autorisé,1.0,L/ha,42.0
SINSTAR,2170430,azoxystrobine (Azoxystrobin) 250.0 g/L,Blé*Trt Part.Aer.*Rouille(s),Autorisé,1.0,L/ha,42.0
MICROTHIOL SPECIAL DISPERSS,9800245,soufre (Sulphur) 800.0 g/kg,Orge*Trt Part.Aer.*Oïdium(s),Autorisé,10.0,kg/ha,3.0
MICROTHIOL SPECIAL DISPERSS,9800245,soufre (Sulphur) 800.0 g/kg,Blé*Trt Part.Aer.*Oïdium(s),Autorisé,10.0,kg/ha,3.0
MAÏSOTRIONE,2170424,mésotrione (Mesotrione) 100.0 g/L,Maïs*Désherbage,Autorisé,1.5,L/ha,
MAÏSOTRIONE,2170424,mésotrione (Mesotrione) 100.0 g/L,Maïs doux*Désherbage,Autorisé,0.75,L/ha,
MAÏSOTRIONE,2170424,mésotrione (Mesotrione) 100.0 g/L,Maïs*Désherbage,Autorisé,0.75,L/ha,
MAÏSOTRIONE,2170424,mésotrione (Mesotrione) 100.0 g/L,Maïs*Désherbage,Autorisé,1.5,L/ha,
MAÏSOTRIONE,2170424,mésotrione (Mesotrione) 100.0 g/L,Maïs doux*Désherbage,Autorisé,1.5,L/ha,
FUSAROPRO,2230338,prothioconazole (Prothioconazole) 125.0 g/L | tébuconazole (Tebuconazole) 125.0 g/L,Orge*Trt Part.Aer.*Fusarioses,Autorisé,1.0,L/ha,35.0
FUSAROPRO,2230338,prothioconazole (Prothioconazole) 125.0 g/L | tébuconazole (Tebuconazole) 125.0 g/L,Orge*Trt Part.Aer.*Helminthosporiose et ramulariose,Autorisé,1.0,L/ha,35.0
FUSAROPRO,2230338,prothioconazole (Prothioconazole) 125.0 g/L | tébuconazole (Tebuconazole) 125.0 g/L,Orge*Trt Part.Aer.*Oïdium(s),Autorisé,1.0,L/ha,35.0
FUSAROPRO,2230338,prothioconazole (Prothioconazole) 125.0 g/L | tébuconazole (Tebuconazole) 125.0 g/L,Orge*Trt Part.Aer.*Rhynchosporiose,Autorisé,1.0,L/ha,35.0
FUSAROPRO,2230338,prothioconazole (Prothioconazole) 125.0 g/L | tébuconazole (Tebuconazole) 125.0 g/L,Orge*Trt Part.Aer.*Rouille(s),Autorisé,1.0,L/ha,35.0
FUSAROPRO,2230338,prothioconazole (Prothioconazole) 125.0 g/L | tébuconazole (Tebuconazole) 125.0 g/L,Blé*Trt Part.Aer.*Fusarioses,Autorisé,1.0,L/ha,35.0
FUSAROPRO,2230338,prothioconazole (Prothioconazole) 125.0 g/L | tébuconazole (Tebuconazole) 125.0 g/L,Blé*Trt Part.Aer.*Oïdium(s),Autorisé,1.0,L/ha,35.0
FUSAROPRO,2230338,prothioconazole (Prothioconazole) 125.0 g/L | tébuconazole (Tebuconazole) 125.0 g/L,Blé*Trt Part.Aer.*Rouille(s),Autorisé,1.0,L/ha,35.0
FUSAROPRO,2230338,prothioconazole (Prothioconazole) 125.0 g/L | tébuconazole (Tebuconazole) 125.0 g/L,Blé*Trt Part.Aer.*Septoriose(s),Autorisé,1.0,L/ha,35.0
HAUBAN,2080094,florasulame (Florasulam) 40.0 g/kg | isoxabène (Isoxaben) 610.0 g/kg,Orge*Désherbage,Autorisé,95.0,g/ha,
HAUBAN,2080094,florasulame (Florasulam) 40.0 g/kg | isoxabène (Isoxaben) 610.0 g/kg,Blé*Désherbage,Autorisé,95.0,g/ha,
DECLINE 1.5 EW,2140183,Deltamethrin (Deltamethrin) 15.0 g/L,Maïs doux*Trt Part.Aer.*Chenilles phytophages,Autorisé,0.83,L/ha,3.0
DECLINE 1.5 EW,2140183,Deltamethrin (Deltamethrin) 15.0 g/L,Maïs doux*Trt Part.Aer.*Chenilles phytophages,Autorisé,0.5,L/ha,3.0
DECLINE 1.5 EW,2140183,Deltamethrin (Deltamethrin) 15.0 g/L,"Maïs doux*Trt Part.Aer.*Cicadelles, punaises et psylles",Autorisé,0.83,L/ha,3.0
DECLINE 1.5 EW,2140183,Deltamethrin (Deltamethrin) 15.0 g/L,Maïs doux*Trt Part.Aer.*Coléoptères phytophages,Autorisé,0.33,L/ha,3.0
DECLINE 1.5 EW,2140183,Deltamethrin (Deltamethrin) 15.0 g/L,Maïs*Trt Part.Aer.*Chenilles phytophages,Autorisé,0.83,L/ha,30.0
DECLINE 1.5 EW,2140183,Deltamethrin (Deltamethrin) 15.0 g/L,Maïs*Trt Part.Aer.*Cicadelles,Autorisé,0.83,L/ha,30.0
DECLINE 1.5 EW,2140183,Deltamethrin (Deltamethrin) 15.0 g/L,Maïs*Trt Part.Aer.*Pyrale(s) (1),Autorisé,0.83,L/ha,30.0
DECLINE 1.5 EW,2140183,Deltamethrin (Deltamethrin) 15.0 g/L,Maïs*Trt Sol*Ravageurs du sol,Autorisé,0.5,L/ha,30.0
PROFI DICAMBA,2230582,dicamba (Dicamba) 480.0 g/L,Maïs*Désherbage,Autorisé,0.6,L/ha,
CLOPY SL PLUS,2210368,clopyralid diméthylamine (Clopyralid) 741.0 g/L,Maïs*Désherbage,Autorisé,0.2,L/ha,60.0
CLOPY SL PLUS,2210368,clopyralid diméthylamine (Clopyralid) 741.0 g/L,Maïs*Désherbage,Autorisé,0.2,L/ha,90.0
SUNBRIGHT,2220867,imazamox (Imazamox) 20.0 g/L | aclonifène (Aclonifen) 300.0 g/L,Tournesol*Désherbage,Autorisé,1.35,L/ha,
PYGMALION,2210128,phosphonates de potassium (Potassium phosphonates) 755.0 g/L,Blé*Trt Part.Aer.*Septoriose(s),Autorisé,4.0,L/ha,
FREQUENT,2190019,fluazifop-P-butyl (Fluazifop-P) 125.0 g/L,Tournesol*Désherbage,Autorisé,3.0,L/ha,90.0
COSTAR JARDIN,2170465,Bacillus thuringiensis subsp. kurstaki SA-12 (Bacillus thuringiensis subsp. kurstaki SA-12) 90000.0 UI/mg,Tournesol*Trt Part.Aer.*Chenilles phytophages,Autorisé,1.0,g/10 m²,3.0
NEGEV,2160064,tébuconazole (Tebuconazole) 10.0 g/L | fludioxonil (Fludioxonil) 50.0 g/L,Orge*Trt Sem.*Champignons (autres que pythiacées),Autorisé,0.1,L/q,
NEGEV,2160064,tébuconazole (Tebuconazole) 10.0 g/L | fludioxonil (Fludioxonil) 50.0 g/L,Blé*Trt Sem.*Champignons (autres que pythiacées),Autorisé,0.1,L/q,
BARRACUDA,2170423,mésotrione (Mesotrione) 100.0 g/L,Maïs*Désherbage,Autorisé,1.5,L/ha,
BARRACUDA,2170423,mésotrione (Mesotrione) 100.0 g/L,Maïs doux*Désherbage,Autorisé,0.75,L/ha,
BARRACUDA,2170423,mésotrione (Mesotrione) 100.0 g/L,Maïs*Désherbage,Autorisé,0.75,L/ha,
BARRACUDA,2170423,mésotrione (Mesotrione) 100.0 g/L,Maïs doux*Désherbage,Autorisé,0.75,L/ha,
BARRACUDA,2170423,mésotrione (Mesotrione) 100.0 g/L,Maïs*Désherbage,Autorisé,1.5,L/ha,
BARRACUDA,2170423,mésotrione (Mesotrione) 100.0 g/L,Maïs*Désherbage,Autorisé,1.5,L/ha,
BARRACUDA,2170423,mésotrione (Mesotrione) 100.0 g/L,Maïs*Désherbage,Autorisé,1.5,L/ha,
BARRACUDA,2170423,mésotrione (Mesotrione) 100.0 g/L,Maïs*Désherbage,Autorisé,0.75,L/ha,
BARRACUDA,2170423,mésotrione (Mesotrione) 100.0 g/L,Maïs*Désherbage,Autorisé,0.75,L/ha,
BARRACUDA,2170423,mésotrione (Mesotrione) 100.0 g/L,Maïs*Désherbage,Autorisé,1.0,L/ha,
BARRACUDA,2170423,mésotrione (Mesotrione) 100.0 g/L,Maïs*Désherbage,Autorisé,0.5,L/ha,
BARRACUDA,2170423,mésotrione (Mesotrione) 100.0 g/L,Maïs*Désherbage,Autorisé,0.5,L/ha,
BARRACUDA,2170423,mésotrione (Mesotrione) 100.0 g/L,Maïs*Désherbage,Autorisé,1.5,L/ha,
BARRACUDA,2170423,mésotrione (Mesotrione) 100.0 g/L,Maïs*Désherbage,Autorisé,0.75,L/ha,
BARRACUDA,2170423,mésotrione (Mesotrione) 100.0 g/L,Maïs*Désherbage,Autorisé,0.75,L/ha,
DANEVA,2170421,mésotrione (Mesotrione) 100.0 g/L,Maïs doux*Désherbage,Autorisé,1.5,L/ha,
DANEVA,2170421,mésotrione (Mesotrione) 100.0 g/L,Maïs*Désherbage,Autorisé,1.5,L/ha,
DANEVA,2170421,mésotrione (Mesotrione) 100.0 g/L,Maïs doux*Désherbage,Autorisé,0.75,L/ha,
DANEVA,2170421,mésotrione (Mesotrione) 100.0 g/L,Maïs*Désherbage,Autorisé,0.75,L/ha,
MINSTREL 200,2210131,fluroxypyr-méptyl (Fluroxypyr) 288.0 g/L,Orge*Désherbage,Autorisé,1.0,L/ha,
MINSTREL 200,2210131,fluroxypyr-méptyl (Fluroxypyr) 288.0 g/L,Maïs*Désherbage,Autorisé,1.0,L/ha,
MINSTREL 200,2210131,fluroxypyr-méptyl (Fluroxypyr) 288.0 g/L,Orge*Désherbage,Autorisé,1.0,L/ha,
MINSTREL 200,2210131,fluroxypyr-méptyl (Fluroxypyr) 288.0 g/L,Blé*Désherbage,Autorisé,1.0,L/ha,
MINSTREL 200,2210131,fluroxypyr-méptyl (Fluroxypyr) 288.0 g/L,Blé*Désherbage,Autorisé,1.0,L/ha,
MONALIZA 250 SC,2220129,azoxystrobine (Azoxystrobin) 250.0 g/L,Orge*Trt Part.Aer.*Rhynchosporiose,Autorisé,1.0,L/ha,
MONALIZA 250 SC,2220129,azoxystrobine (Azoxystrobin) 250.0 g/L,Orge*Trt Part.Aer.*Helminthosporiose et ramulariose,Autorisé,1.0,L/ha,
MONALIZA 250 SC,2220129,azoxystrobine (Azoxystrobin) 250.0 g/L,Orge*Trt Part.Aer.*Rouille(s),Autorisé,1.0,L/ha,
MONALIZA 250 SC,2220129,azoxystrobine (Azoxystrobin) 250.0 g/L,Orge*Trt Part.Aer.*Rhynchosporiose,Autorisé,1.0,L/ha,
MONALIZA 250 SC,2220129,azoxystrobine (Azoxystrobin) 250.0 g/L,Orge*Trt Part.Aer.*Helminthosporiose et ramulariose,Autorisé,1.0,L/ha,
MONALIZA 250 SC,2220129,azoxystrobine (Azoxystrobin) 250.0 g/L,Orge*Trt Part.Aer.*Rouille(s),Autorisé,1.0,L/ha,
MONALIZA 250 SC,2220129,azoxystrobine (Azoxystrobin) 250.0 g/L,Blé*Trt Part.Aer.*Rouille(s),Autorisé,1.0,L/ha,
MONALIZA 250 SC,2220129,azoxystrobine (Azoxystrobin) 250.0 g/L,Blé*Trt Part.Aer.*Rouille(s),Autorisé,1.0,L/ha,
TESORO 250,2190956,tébuconazole (Tebuconazole) 250.0 g/L,Orge*Trt Part.Aer.*Oïdium(s),Autorisé,1.0,L/ha,
TESORO 250,2190956,tébuconazole (Tebuconazole) 250.0 g/L,Orge*Trt Part.Aer.*Rouille(s),Autorisé,1.0,L/ha,
TESORO 250,2190956,tébuconazole (Tebuconazole) 250.0 g/L,Blé*Trt Part.Aer.*Fusarioses,Autorisé,1.0,L/ha,
TESORO 250,2190956,tébuconazole (Tebuconazole) 250.0 g/L,Blé*Trt Part.Aer.*Oïdium(s),Autorisé,1.0,L/ha,
TESORO 250,2190956,tébuconazole (Tebuconazole) 250.0 g/L,Blé*Trt Part.Aer.*Rouille(s),Autorisé,1.0,L/ha,
TEBUCUR 250 EW,2170995,tébuconazole (Tebuconazole) 250.0 g/L,Orge*Trt Part.Aer.*Oïdium(s),Autorisé,1.0,L/ha,
TEBUCUR 250 EW,2170995,tébuconazole (Tebuconazole) 250.0 g/L,Orge*Trt Part.Aer.*Rouille(s),Autorisé,1.0,L/ha,
TEBUCUR 250 EW,2170995,tébuconazole (Tebuconazole) 250.0 g/L,Blé*Trt Part.Aer.*Fusarioses,Autorisé,1.0,L/ha,
TEBUCUR 250 EW,2170995,tébuconazole (Tebuconazole) 250.0 g/L,Blé*Trt Part.Aer.*Oïdium(s),Autorisé,1.0,L/ha,
TEBUCUR 250 EW,2170995,tébuconazole (Tebuconazole) 250.0 g/L,Blé*Trt Part.Aer.*Rouille(s),Autorisé,1.0,L/ha,
REST,2220055,rimsulfuron (Rimsulfuron) 250.0 g/kg,Maïs*Désherbage,Autorisé,0.06,kg/ha,
REST,2220055,rimsulfuron (Rimsulfuron) 250.0 g/kg,Maïs*Désherbage,Autorisé,0.06,kg/ha,
DELTASTAR EW,2210543,deltaméthrine (Deltamethrin) 15.0 g/L,Maïs doux*Trt Part.Aer.*Chenilles phytophages,Autorisé,0.83,L/ha,3.0
DELTASTAR EW,2210543,deltaméthrine (Deltamethrin) 15.0 g/L,Maïs doux*Trt Part.Aer.*Chenilles phytophages,Autorisé,0.5,L/ha,3.0
DELTASTAR EW,2210543,deltaméthrine (Deltamethrin) 15.0 g/L,"Maïs doux*Trt Part.Aer.*Cicadelles, punaises et psylles",Autorisé,0.83,L/ha,3.0
DELTASTAR EW,2210543,deltaméthrine (Deltamethrin) 15.0 g/L,Maïs doux*Trt Part.Aer.*Coléoptères phytophages,Autorisé,0.33,L/ha,3.0
DELTASTAR EW,2210543,deltaméthrine (Deltamethrin) 15.0 g/L,Maïs*Trt Part.Aer.*Chenilles phytophages,Autorisé,0.83,L/ha,30.0
DELTASTAR EW,2210543,deltaméthrine (Deltamethrin) 15.0 g/L,Maïs*Trt Part.Aer.*Cicadelles,Autorisé,0.83,L/ha,30.0
DELTASTAR EW,2210543,deltaméthrine (Deltamethrin) 15.0 g/L,Maïs*Trt Part.Aer.*Pyrale(s) (1),Autorisé,0.83,L/ha,30.0
DELTASTAR EW,2210543,deltaméthrine (Deltamethrin) 15.0 g/L,Maïs*Trt Sol*Ravageurs du sol,Autorisé,0.5,L/ha,30.0
MAMUT,2130069,diflufénican (Diflufenican) 500.0 g/L,Orge*Désherbage,Autorisé,0.25,L/ha,
MAMUT,2130069,diflufénican (Diflufenican) 500.0 g/L,Blé*Désherbage,Autorisé,0.375,L/ha,
MAMUT,2130069,diflufénican (Diflufenican) 500.0 g/L,Blé*Désherbage,Autorisé,0.25,L/ha,
TURBAN,2170035,tribénuron-méthyl (Tribenuron) 750.0 g/kg,Orge*Désherbage,Autorisé,0.02,kg/ha,
TURBAN,2170035,tribénuron-méthyl (Tribenuron) 750.0 g/kg,Orge*Désherbage,Autorisé,0.03,kg/ha,
TURBAN,2170035,tribénuron-méthyl (Tribenuron) 750.0 g/kg,Blé*Désherbage,Autorisé,0.03,kg/ha,
TURBAN,2170035,tribénuron-méthyl (Tribenuron) 750.0 g/kg,Blé*Désherbage,Autorisé,0.02,kg/ha,
PREPARE,2200518,prothioconazole (Prothioconazole) 250.0 g/L,Orge*Trt Part.Aer.*Oïdium(s),Autorisé,0.8,L/ha,35.0
PREPARE,2200518,prothioconazole (Prothioconazole) 250.0 g/L,Orge*Trt Part.Aer.*Rhynchosporiose,Autorisé,0.8,L/ha,35.0
PREPARE,2200518,prothioconazole (Prothioconazole) 250.0 g/L,Orge*Trt Part.Aer.*Helminthosporiose et ramulariose,Autorisé,0.8,L/ha,35.0
PREPARE,2200518,prothioconazole (Prothioconazole) 250.0 g/L,Orge*Trt Part.Aer.*Fusarioses,Autorisé,0.8,L/ha,35.0
PREPARE,2200518,prothioconazole (Prothioconazole) 250.0 g/L,Orge*Trt Part.Aer.*Rouille(s),Autorisé,0.8,L/ha,35.0
PREPARE,2200518,prothioconazole (Prothioconazole) 250.0 g/L,Orge*Trt Part.Aer.*Piétin verse,Autorisé,0.8,L/ha,35.0
PREPARE,2200518,prothioconazole (Prothioconazole) 250.0 g/L,Blé*Trt Part.Aer.*Fusarioses,Autorisé,0.8,L/ha,35.0
PREPARE,2200518,prothioconazole (Prothioconazole) 250.0 g/L,Blé*Trt Part.Aer.*Oïdium(s),Autorisé,0.8,L/ha,35.0
PREPARE,2200518,prothioconazole (Prothioconazole) 250.0 g/L,Blé*Trt Part.Aer.*Piétin verse,Autorisé,0.8,L/ha,35.0
PREPARE,2200518,prothioconazole (Prothioconazole) 250.0 g/L,Blé*Trt Part.Aer.*Rouille(s),Autorisé,0.8,L/ha,35.0
PREPARE,2200518,prothioconazole (Prothioconazole) 250.0 g/L,Blé*Trt Part.Aer.*Septoriose(s),Autorisé,0.8,L/ha,35.0
JOUST,2240042,prothioconazole (Prothioconazole) 250.0 g/L,Orge*Trt Part.Aer.*Helminthosporiose et ramulariose,Autorisé,0.6,L/ha,35.0
JOUST,2240042,prothioconazole (Prothioconazole) 250.0 g/L,Orge*Trt Part.Aer.*Rouille(s),Autorisé,0.6,L/ha,35.0
JOUST,2240042,prothioconazole (Prothioconazole) 250.0 g/L,Orge*Trt Part.Aer.*Oïdium(s),Autorisé,0.6,L/ha,35.0
JOUST,2240042,prothioconazole (Prothioconazole) 250.0 g/L,Orge*Trt Part.Aer.*Rhynchosporiose,Autorisé,0.6,L/ha,35.0
JOUST,2240042,prothioconazole (Prothioconazole) 250.0 g/L,Blé*Trt Part.Aer.*Septoriose(s),Autorisé,0.8,L/ha,35.0
JOUST,2240042,prothioconazole (Prothioconazole) 250.0 g/L,Blé*Trt Part.Aer.*Rouille(s),Autorisé,0.8,L/ha,35.0
JOUST,2240042,prothioconazole (Prothioconazole) 250.0 g/L,Blé*Trt Part.Aer.*Oïdium(s),Autorisé,0.8,L/ha,35.0
JOUST,2240042,prothioconazole (Prothioconazole) 250.0 g/L,Blé*Trt Part.Aer.*Fusarioses,Autorisé,0.8,L/ha,35.0
JOUST,2240042,prothioconazole (Prothioconazole) 250.0 g/L,Blé*Trt Part.Aer.*Piétin verse,Autorisé,0.8,L/ha,35.0
STARANE GOLD,2010239,fluroxypyr-méptyl (Fluroxypyr) 144.1 g/L | florasulame (Florasulam) 1.0 g/L,Maïs*Désherbage,Autorisé,1.2,L/ha,
STARANE GOLD,2010239,fluroxypyr-méptyl (Fluroxypyr) 144.1 g/L | florasulame (Florasulam) 1.0 g/L,Orge*Désherbage,Autorisé,1.5,L/ha,
STARANE GOLD,2010239,fluroxypyr-méptyl (Fluroxypyr) 144.1 g/L | florasulame (Florasulam) 1.0 g/L,Orge*Désherbage,Autorisé,1.5,L/ha,
STARANE GOLD,2010239,fluroxypyr-méptyl (Fluroxypyr) 144.1 g/L | florasulame (Florasulam) 1.0 g/L,Maïs*Désherbage,Autorisé,1.2,L/ha,
STARANE GOLD,2010239,fluroxypyr-méptyl (Fluroxypyr) 144.1 g/L | florasulame (Florasulam) 1.0 g/L,Blé*Désherbage,Autorisé,1.5,L/ha,
STARANE GOLD,2010239,fluroxypyr-méptyl (Fluroxypyr) 144.1 g/L | florasulame (Florasulam) 1.0 g/L,Blé*Désherbage,Autorisé,1.5,L/ha,
AFESUL LIQUIDE 800 SUPER MICRONISE,8300488,soufre (Sulphur) 800.0 g/L,Blé*Trt Part.Aer.*Oïdium(s),Autorisé,10.0,L/ha,35.0
AFESUL LIQUIDE 800 SUPER MICRONISE,8300488,soufre (Sulphur) 800.0 g/L,Blé*Trt Part.Aer.*Septoriose(s),Autorisé,10.0,L/ha,35.0
TOSCANA,2180041,tribénuron-méthyl (Tribenuron) 750.0 g/kg,Orge*Désherbage,Autorisé,0.03,kg/ha,
TOSCANA,2180041,tribénuron-méthyl (Tribenuron) 750.0 g/kg,Orge*Désherbage,Autorisé,0.02,kg/ha,
TOSCANA,2180041,tribénuron-méthyl (Tribenuron) 750.0 g/kg,Blé*Désherbage,Autorisé,0.03,kg/ha,
TOSCANA,2180041,tribénuron-méthyl (Tribenuron) 750.0 g/kg,Blé*Désherbage,Autorisé,0.02,kg/ha,
COSTAR WG,2170466,Bacillus thuringiensis subsp. kurstaki SA-12 (Bacillus thuringiensis subsp. kurstaki SA-12) 90000.0 UI/mg,Tournesol*Trt Part.Aer.*Chenilles phytophages,Autorisé,1.0,kg/ha,3.0
COSTAR WG,2170466,Bacillus thuringiensis subsp. kurstaki SA-12 (Bacillus thuringiensis subsp. kurstaki SA-12) 90000.0 UI/mg,Maïs*Trt Part.Aer.*Chenilles phytophages,Autorisé,1.0,kg/ha,3.0
AZUPEC LIQUID,2250791,soufre (Sulphur) 800.0 g/L,Blé*Trt Part.Aer.*Septoriose(s),Autorisé,10.0,L/ha,35.0
AZUPEC LIQUID,2250791,soufre (Sulphur) 800.0 g/L,Blé*Trt Part.Aer.*Oïdium(s),Autorisé,10.0,L/ha,35.0
LAMBDASTAR,2130083,lambda-cyhalothrine (Lambda-Cyhalothrin) 100.0 g/L,Maïs doux*Trt Part.Aer.*Chenilles phytophages,Autorisé,0.15,L/ha,7.0
LAMBDASTAR,2130083,lambda-cyhalothrine (Lambda-Cyhalothrin) 100.0 g/L,Maïs doux*Trt Part.Aer.*Chenilles phytophages,Autorisé,0.2,L/ha,7.0
LAMBDASTAR,2130083,lambda-cyhalothrine (Lambda-Cyhalothrin) 100.0 g/L,"Maïs doux*Trt Part.Aer.*Cicadelles, punaises et psylles",Autorisé,0.2,L/ha,7.0
LAMBDASTAR,2130083,lambda-cyhalothrine (Lambda-Cyhalothrin) 100.0 g/L,Maïs doux*Trt Part.Aer.*Coléoptères phytophages,Autorisé,0.05,L/ha,7.0
LAMBDASTAR,2130083,lambda-cyhalothrine (Lambda-Cyhalothrin) 100.0 g/L,Maïs doux*Trt Part.Aer.*Chenilles phytophages,Autorisé,0.075,L/ha,7.0
LAMBDASTAR,2130083,lambda-cyhalothrine (Lambda-Cyhalothrin) 100.0 g/L,Maïs*Trt Part.Aer.*Chenilles phytophages,Autorisé,0.15,L/ha,7.0
LAMBDASTAR,2130083,lambda-cyhalothrine (Lambda-Cyhalothrin) 100.0 g/L,Maïs*Trt Part.Aer.*Cicadelles,Autorisé,0.2,L/ha,7.0
LAMBDASTAR,2130083,lambda-cyhalothrine (Lambda-Cyhalothrin) 100.0 g/L,Maïs*Trt Part.Aer.*Pucerons,Autorisé,0.075,L/ha,7.0
LAMBDASTAR,2130083,lambda-cyhalothrine (Lambda-Cyhalothrin) 100.0 g/L,Maïs*Trt Part.Aer.*Pyrale(s) (1),Autorisé,0.2,L/ha,7.0
LAMBDASTAR,2130083,lambda-cyhalothrine (Lambda-Cyhalothrin) 100.0 g/L,Maïs*Trt Sol*Ravageurs du sol,Autorisé,0.075,L/ha,28.0
LATIFAM,2250006,silthiofame (Silthiofam) 125.0 g/L,Orge*Trt Sem.*Champignons (autres que pythiacées),Autorisé,0.2,L/q,
LATIFAM,2250006,silthiofame (Silthiofam) 125.0 g/L,Blé*Trt Sem.*Champignons (autres que pythiacées),Autorisé,0.2,L/q,
HARMONY EXTRA SX,2100009,thifensulfuron-méthyl (Thifensulfuron-methyl) 333.0 g/kg | tribénuron-méthyl (Tribenuron) 167.0 g/kg,Orge*Désherbage,Autorisé,0.075,kg/ha,
HARMONY EXTRA SX,2100009,thifensulfuron-méthyl (Thifensulfuron-methyl) 333.0 g/kg | tribénuron-méthyl (Tribenuron) 167.0 g/kg,Blé*Désherbage,Autorisé,75.0,g/ha,
HARMONY M SX,2100016,thifensulfuron-méthyl (Thifensulfuron-methyl) 400.0 g/kg | Metsulfuron-methyl (Metsulfuron-methyl) 40.0 g/kg,Orge*Désherbage,Autorisé,0.15,kg/ha,
HARMONY M SX,2100016,thifensulfuron-méthyl (Thifensulfuron-methyl) 400.0 g/kg | Metsulfuron-methyl (Metsulfuron-methyl) 40.0 g/kg,Blé*Désherbage,Autorisé,0.15,kg/ha,
OMNERA LQM,2160920,metsulfuron-méthyle (Metsulfuron-methyl) 5.0 g/L | thifensulfuron-méthyl (Thifensulfuron-methyl) 30.0 g/L | fluroxypyr-méptyl (Fluroxypyr) 194.5 g/L,Orge*Désherbage,Autorisé,1.0,L/ha,
OMNERA LQM,2160920,metsulfuron-méthyle (Metsulfuron-methyl) 5.0 g/L | thifensulfuron-méthyl (Thifensulfuron-methyl) 30.0 g/L | fluroxypyr-méptyl (Fluroxypyr) 194.5 g/L,Orge*Désherbage,Autorisé,1.0,L/ha,
OMNERA LQM,2160920,metsulfuron-méthyle (Metsulfuron-methyl) 5.0 g/L | thifensulfuron-méthyl (Thifensulfuron-methyl) 30.0 g/L | fluroxypyr-méptyl (Fluroxypyr) 194.5 g/L,Blé*Désherbage,Autorisé,1.0,L/ha,
OMNERA LQM,2160920,metsulfuron-méthyle (Metsulfuron-methyl) 5.0 g/L | thifensulfuron-méthyl (Thifensulfuron-methyl) 30.0 g/L | fluroxypyr-méptyl (Fluroxypyr) 194.5 g/L,Blé*Désherbage,Autorisé,1.0,L/ha,
PICARO SX,2110092,tribénuron-méthyl (Tribenuron) 250.0 g/kg | thifensulfuron-méthyl (Thifensulfuron-methyl) 250.0 g/kg,Orge*Désherbage,Autorisé,0.06,kg/ha,
PICARO SX,2110092,tribénuron-méthyl (Tribenuron) 250.0 g/kg | thifensulfuron-méthyl (Thifensulfuron-methyl) 250.0 g/kg,Blé*Désherbage,Autorisé,0.06,kg/ha,
SIMPLON,2000369,metsulfuron-méthyle (Metsulfuron-methyl) 20.0 %,Orge*Désherbage,Autorisé,25.0,g/ha,
SIMPLON,2000369,metsulfuron-méthyle (Metsulfuron-methyl) 20.0 %,Orge*Désherbage,Autorisé,30.0,g/ha,
SIMPLON,2000369,metsulfuron-méthyle (Metsulfuron-methyl) 20.0 %,Orge*Désherbage,Autorisé,15.0,g/ha,
SIMPLON,2000369,metsulfuron-méthyle (Metsulfuron-methyl) 20.0 %,Blé*Désherbage,Autorisé,25.0,g/ha,
SIMPLON,2000369,metsulfuron-méthyle (Metsulfuron-methyl) 20.0 %,Blé*Désherbage,Autorisé,30.0,g/ha,
SIMPLON,2000369,metsulfuron-méthyle (Metsulfuron-methyl) 20.0 %,Blé*Désherbage,Autorisé,15.0,g/ha,
NITIDE,2210060,fluroxypyr (Fluroxypyr) 288.0 g/L,Maïs*Désherbage,Autorisé,1.0,L/ha,
NITIDE,2210060,fluroxypyr (Fluroxypyr) 288.0 g/L,Orge*Désherbage,Autorisé,1.0,L/ha,
NITIDE,2210060,fluroxypyr (Fluroxypyr) 288.0 g/L,Blé*Désherbage,Autorisé,1.0,L/ha,
ARTINA,2160260,metconazole (Metconazole) 90.0 g/L,Orge*Trt Part.Aer.*Oïdium(s),Autorisé,1.0,L/ha,35.0
ARTINA,2160260,metconazole (Metconazole) 90.0 g/L,Orge*Trt Part.Aer.*Rouille(s),Autorisé,1.0,L/ha,35.0
ARTINA,2160260,metconazole (Metconazole) 90.0 g/L,Orge*Trt Part.Aer.*Rhynchosporiose,Autorisé,1.0,L/ha,35.0
ARTINA,2160260,metconazole (Metconazole) 90.0 g/L,Blé*Trt Part.Aer.*Fusarioses,Autorisé,1.0,L/ha,35.0
ARTINA,2160260,metconazole (Metconazole) 90.0 g/L,Blé*Trt Part.Aer.*Oïdium(s),Autorisé,1.0,L/ha,35.0
ARTINA,2160260,metconazole (Metconazole) 90.0 g/L,Blé*Trt Part.Aer.*Rouille(s),Autorisé,1.0,L/ha,35.0
ARTINA,2160260,metconazole (Metconazole) 90.0 g/L,Blé*Trt Part.Aer.*Septoriose(s),Autorisé,1.0,L/ha,35.0
CLORTOSINT,8700002,chlorotoluron (Chlorotoluron) 500.0 g/L,Orge*Désherbage,Autorisé,3.6,L/ha,
CLORTOSINT,8700002,chlorotoluron (Chlorotoluron) 500.0 g/L,Blé*Désherbage,Autorisé,3.6,L/ha,
LIMITAR,2160802,trinéxapac-éthyl (Trinexapac) 250.0 g/L,Orge*Trt Part.Aer.*Régul. Croiss. Org. Aériens,Autorisé,0.8,L/ha,
LIMITAR,2160802,trinéxapac-éthyl (Trinexapac) 250.0 g/L,Orge*Trt Part.Aer.*Régul. Croiss. Org. Aériens,Autorisé,0.6,L/ha,
LIMITAR,2160802,trinéxapac-éthyl (Trinexapac) 250.0 g/L,Blé*Trt Part.Aer.*Régul. Croiss. Org. Aériens,Autorisé,0.5,L/ha,
ARIANE NEW,2140156,MCPA (MCPA) 416.1 g/L | fluroxypyr (Fluroxypyr) 86.5 g/L | clopyralid (Clopyralid) 23.3 g/L,Orge*Désherbage,Autorisé,2.5,L/ha,
ARIANE NEW,2140156,MCPA (MCPA) 416.1 g/L | fluroxypyr (Fluroxypyr) 86.5 g/L | clopyralid (Clopyralid) 23.3 g/L,Orge*Désherbage,Autorisé,2.25,L/ha,
ARIANE NEW,2140156,MCPA (MCPA) 416.1 g/L | fluroxypyr (Fluroxypyr) 86.5 g/L | clopyralid (Clopyralid) 23.3 g/L,Blé*Désherbage,Autorisé,2.5,L/ha,
ARIANE NEW,2140156,MCPA (MCPA) 416.1 g/L | fluroxypyr (Fluroxypyr) 86.5 g/L | clopyralid (Clopyralid) 23.3 g/L,Blé*Désherbage,Autorisé,2.25,L/ha,
LONTREL 600,2160342,clopyralid (Clopyralid) 741.0 g/L,Maïs*Désherbage,Autorisé,0.2,L/ha,90.0
LONTREL 600,2160342,clopyralid (Clopyralid) 741.0 g/L,Maïs*Désherbage,Autorisé,0.2,L/ha,60.0
CENT 7,8400528,isoxabène (Isoxaben) 125.0 g/L,Orge*Désherbage,Autorisé,1.0,L/ha,
CENT 7,8400528,isoxabène (Isoxaben) 125.0 g/L,Blé*Désherbage,Autorisé,1.0,L/ha,
PROLIANT,2210416,acide gibbérellique (Gibberellic acid) 400.0 g/kg,Maïs*Trt Part.Aer.*Régul. Croiss. Org. Aériens,Autorisé,25.0,g/ha,
CHARDEX,9600370,clopyralid (Clopyralid) 46.0 g/L | MCPA (MCPA) 457.0 g/L,Orge*Désherbage,Autorisé,2.0,L/ha,
CHARDEX,9600370,clopyralid (Clopyralid) 46.0 g/L | MCPA (MCPA) 457.0 g/L,Orge*Désherbage,Autorisé,1.5,L/ha,
CHARDEX,9600370,clopyralid (Clopyralid) 46.0 g/L | MCPA (MCPA) 457.0 g/L,Blé*Désherbage,Autorisé,1.5,L/ha,
CHARDEX,9600370,clopyralid (Clopyralid) 46.0 g/L | MCPA (MCPA) 457.0 g/L,Blé*Désherbage,Autorisé,2.0,L/ha,
TRACER 24 SC,2190053,spinosad (Spinosad) 24.0 g/L,Maïs doux*Trt Part.Aer.*Chenilles phytophages,Autorisé,4.0,L/ha,14.0
TRACER 24 SC,2190053,spinosad (Spinosad) 24.0 g/L,Maïs doux*Trt Part.Aer.*Chenilles phytophages,Autorisé,4.0,L/ha,14.0
TRACER 24 SC,2190053,spinosad (Spinosad) 24.0 g/L,Porte graine - Maïs*Trt Part.Aer.*Chenilles phytophages,Autorisé,4.0,L/ha,
TRACER 24 SC,2190053,spinosad (Spinosad) 24.0 g/L,Maïs*Trt Part.Aer.*Chenilles phytophages,Autorisé,4.0,L/ha,
TRACER 24 SC,2190053,spinosad (Spinosad) 24.0 g/L,Porte graine - Maïs*Trt Part.Aer.*Chenilles phytophages,Autorisé,4.0,L/ha,
STARANE 200,8400600,fluroxypyr-méptyl (Fluroxypyr) 288.2 g/L,Orge*Désherbage,Autorisé,1.0,L/ha,
STARANE 200,8400600,fluroxypyr-méptyl (Fluroxypyr) 288.2 g/L,Maïs*Désherbage,Autorisé,1.0,L/ha,
STARANE 200,8400600,fluroxypyr-méptyl (Fluroxypyr) 288.2 g/L,Orge*Désherbage,Autorisé,1.0,L/ha,
STARANE 200,8400600,fluroxypyr-méptyl (Fluroxypyr) 288.2 g/L,Blé*Désherbage,Autorisé,1.0,L/ha,
STARANE 200,8400600,fluroxypyr-méptyl (Fluroxypyr) 288.2 g/L,Blé*Désherbage,Autorisé,1.0,L/ha,
PROFI MESO 100 SC,2211018,mésotrione (Mesotrione) 100.0 g/L,Maïs*Désherbage,Autorisé,1.5,L/ha,
PROFI MESO 100 SC,2211018,mésotrione (Mesotrione) 100.0 g/L,Maïs doux*Désherbage,Autorisé,0.75,L/ha,42.0
BOFIX,9000184,MCPA sel de potassium (MCPA) 238.2 g/L | clopyralid sel de monoéthanolamine (Clopyralid) 26.4 g/L | fluroxypyr-méptyl (Fluroxypyr) 57.6 g/L,Orge*Désherbage,Autorisé,2.5,L/ha,
BOFIX,9000184,MCPA sel de potassium (MCPA) 238.2 g/L | clopyralid sel de monoéthanolamine (Clopyralid) 26.4 g/L | fluroxypyr-méptyl (Fluroxypyr) 57.6 g/L,Orge*Désherbage,Autorisé,2.5,L/ha,
BOFIX,9000184,MCPA sel de potassium (MCPA) 238.2 g/L | clopyralid sel de monoéthanolamine (Clopyralid) 26.4 g/L | fluroxypyr-méptyl (Fluroxypyr) 57.6 g/L,Blé*Désherbage,Autorisé,2.5,L/ha,
BOFIX,9000184,MCPA sel de potassium (MCPA) 238.2 g/L | clopyralid sel de monoéthanolamine (Clopyralid) 26.4 g/L | fluroxypyr-méptyl (Fluroxypyr) 57.6 g/L,Blé*Désherbage,Autorisé,2.5,L/ha,
ARIGO,2150994,nicosulfuron (Nicosulfuron) 120.0 g/kg | mésotrione (Mesotrione) 360.0 g/kg | rimsulfuron (Rimsulfuron) 30.0 g/kg,Maïs*Désherbage,Autorisé,0.33,kg/ha,
CLAYTON FLURRY,2220624,fluroxypyr-méptyl (Fluroxypyr) 288.0 g/L,Blé*Désherbage,Autorisé,1.0,L/ha,
CLAYTON FLURRY,2220624,fluroxypyr-méptyl (Fluroxypyr) 288.0 g/L,Maïs*Désherbage,Autorisé,1.0,L/ha,
CLAYTON FLURRY,2220624,fluroxypyr-méptyl (Fluroxypyr) 288.0 g/L,Orge*Désherbage,Autorisé,1.0,L/ha,
CLAYTON FLORIN,2220181,fluroxypyr-méptyl (Fluroxypyr) 288.0 g/L,Blé*Désherbage,Autorisé,1.0,L/ha,
CLAYTON FLORIN,2220181,fluroxypyr-méptyl (Fluroxypyr) 288.0 g/L,Blé*Désherbage,Autorisé,1.0,L/ha,
CLAYTON FLORIN,2220181,fluroxypyr-méptyl (Fluroxypyr) 288.0 g/L,Maïs*Désherbage,Autorisé,1.0,L/ha,
CLAYTON FLORIN,2220181,fluroxypyr-méptyl (Fluroxypyr) 288.0 g/L,Orge*Désherbage,Autorisé,1.0,L/ha,
CLAYTON FLORIN,2220181,fluroxypyr-méptyl (Fluroxypyr) 288.0 g/L,Orge*Désherbage,Autorisé,1.0,L/ha,
AVIATOR XPRO,2110178,bixafène (Bixafen) 75.0 g/L | prothioconazole (Prothioconazole) 150.0 g/L,Orge*Trt Part.Aer.*Piétin verse,Autorisé,1.0,L/ha,
AVIATOR XPRO,2110178,bixafène (Bixafen) 75.0 g/L | prothioconazole (Prothioconazole) 150.0 g/L,Orge*Trt Part.Aer.*Rhynchosporiose,Autorisé,1.0,L/ha,
AVIATOR XPRO,2110178,bixafène (Bixafen) 75.0 g/L | prothioconazole (Prothioconazole) 150.0 g/L,Orge*Trt Part.Aer.*Rouille(s),Autorisé,1.0,L/ha,
AVIATOR XPRO,2110178,bixafène (Bixafen) 75.0 g/L | prothioconazole (Prothioconazole) 150.0 g/L,Orge*Trt Part.Aer.*Fusarioses,Autorisé,1.0,L/ha,
AVIATOR XPRO,2110178,bixafène (Bixafen) 75.0 g/L | prothioconazole (Prothioconazole) 150.0 g/L,Orge*Trt Part.Aer.*Oïdium(s),Autorisé,1.0,L/ha,
AVIATOR XPRO,2110178,bixafène (Bixafen) 75.0 g/L | prothioconazole (Prothioconazole) 150.0 g/L,Orge*Trt Part.Aer.*Helminthosporiose et ramulariose,Autorisé,1.0,L/ha,
AVIATOR XPRO,2110178,bixafène (Bixafen) 75.0 g/L | prothioconazole (Prothioconazole) 150.0 g/L,Blé*Trt Part.Aer.*Fusariose à microdochium,Autorisé,1.25,L/ha,
AVIATOR XPRO,2110178,bixafène (Bixafen) 75.0 g/L | prothioconazole (Prothioconazole) 150.0 g/L,Orge*Trt Part.Aer.*Fusariose à microdochium,Autorisé,1.0,L/ha,
AVIATOR XPRO,2110178,bixafène (Bixafen) 75.0 g/L | prothioconazole (Prothioconazole) 150.0 g/L,Blé*Trt Part.Aer.*Fusarioses,Autorisé,1.25,L/ha,
AVIATOR XPRO,2110178,bixafène (Bixafen) 75.0 g/L | prothioconazole (Prothioconazole) 150.0 g/L,Blé*Trt Part.Aer.*Helminthosporiose,Autorisé,1.25,L/ha,
AVIATOR XPRO,2110178,bixafène (Bixafen) 75.0 g/L | prothioconazole (Prothioconazole) 150.0 g/L,Blé*Trt Part.Aer.*Oïdium(s),Autorisé,1.25,L/ha,
AVIATOR XPRO,2110178,bixafène (Bixafen) 75.0 g/L | prothioconazole (Prothioconazole) 150.0 g/L,Blé*Trt Part.Aer.*Piétin verse,Autorisé,1.25,L/ha,
AVIATOR XPRO,2110178,bixafène (Bixafen) 75.0 g/L | prothioconazole (Prothioconazole) 150.0 g/L,Blé*Trt Part.Aer.*Rouille(s),Autorisé,1.25,L/ha,
AVIATOR XPRO,2110178,bixafène (Bixafen) 75.0 g/L | prothioconazole (Prothioconazole) 150.0 g/L,Blé*Trt Part.Aer.*Septoriose(s),Autorisé,1.25,L/ha,
ALLIE EXPRESS,9600197,carfentrazone-éthyl (Carfentrazone-ethyl) 400.0 g/kg | metsulfuron-méthyle (Metsulfuron-methyl) 100.0 g/kg,Orge*Désherbage,Autorisé,0.04,kg/ha,90.0
ALLIE EXPRESS,9600197,carfentrazone-éthyl (Carfentrazone-ethyl) 400.0 g/kg | metsulfuron-méthyle (Metsulfuron-methyl) 100.0 g/kg,Orge*Désherbage,Autorisé,0.05,kg/ha,90.0
ALLIE EXPRESS,9600197,carfentrazone-éthyl (Carfentrazone-ethyl) 400.0 g/kg | metsulfuron-méthyle (Metsulfuron-methyl) 100.0 g/kg,Blé*Désherbage,Autorisé,0.05,kg/ha,90.0
EXPRESS SX,2090052,tribénuron-méthyl (Tribenuron) 500.0 g/kg,Tournesol*Désherbage,Autorisé,0.045,kg/ha,
EXPRESS SX,2090052,tribénuron-méthyl (Tribenuron) 500.0 g/kg,Tournesol*Désherbage,Autorisé,0.06,kg/ha,
KAYAK,2100052,cyprodinil (Cyprodinil) 300.0 g/L,Orge*Trt Part.Aer.*Helminthosporiose et ramulariose,Autorisé,1.5,L/ha,42.0
KAYAK,2100052,cyprodinil (Cyprodinil) 300.0 g/L,Orge*Trt Part.Aer.*Rhynchosporiose,Autorisé,1.5,L/ha,42.0
KAYAK,2100052,cyprodinil (Cyprodinil) 300.0 g/L,Blé*Trt Part.Aer.*Piétin verse,Autorisé,2.5,L/ha,42.0
LS PROTHIO/SPIROX,2220054,spiroxamine (Spiroxamine) 300.0 g/L | prothioconazole (Prothioconazole) 160.0 g/L,Blé*Trt Part.Aer.*Fusariose à microdochium,Autorisé,1.25,L/ha,42.0
LS PROTHIO/SPIROX,2220054,spiroxamine (Spiroxamine) 300.0 g/L | prothioconazole (Prothioconazole) 160.0 g/L,Blé*Trt Part.Aer.*Fusarioses,Autorisé,1.25,L/ha,42.0
LS PROTHIO/SPIROX,2220054,spiroxamine (Spiroxamine) 300.0 g/L | prothioconazole (Prothioconazole) 160.0 g/L,Blé*Trt Part.Aer.*Helminthosporiose,Autorisé,1.25,L/ha,42.0
LS PROTHIO/SPIROX,2220054,spiroxamine (Spiroxamine) 300.0 g/L | prothioconazole (Prothioconazole) 160.0 g/L,Blé*Trt Part.Aer.*Oïdium(s),Autorisé,1.25,L/ha,42.0
LS PROTHIO/SPIROX,2220054,spiroxamine (Spiroxamine) 300.0 g/L | prothioconazole (Prothioconazole) 160.0 g/L,Blé*Trt Part.Aer.*Piétin verse,Autorisé,1.25,L/ha,42.0
LS PROTHIO/SPIROX,2220054,spiroxamine (Spiroxamine) 300.0 g/L | prothioconazole (Prothioconazole) 160.0 g/L,Blé*Trt Part.Aer.*Rouille(s),Autorisé,1.25,L/ha,42.0
LS PROTHIO/SPIROX,2220054,spiroxamine (Spiroxamine) 300.0 g/L | prothioconazole (Prothioconazole) 160.0 g/L,Blé*Trt Part.Aer.*Septoriose(s),Autorisé,1.25,L/ha,42.0
LS PROTHIO/SPIROX,2220054,spiroxamine (Spiroxamine) 300.0 g/L | prothioconazole (Prothioconazole) 160.0 g/L,Orge*Trt Part.Aer.*Fusariose à microdochium,Autorisé,1.25,L/ha,42.0
LS PROTHIO/SPIROX,2220054,spiroxamine (Spiroxamine) 300.0 g/L | prothioconazole (Prothioconazole) 160.0 g/L,Orge*Trt Part.Aer.*Fusarioses,Autorisé,1.25,L/ha,42.0
LS PROTHIO/SPIROX,2220054,spiroxamine (Spiroxamine) 300.0 g/L | prothioconazole (Prothioconazole) 160.0 g/L,Orge*Trt Part.Aer.*Helminthosporiose et ramulariose,Autorisé,1.25,L/ha,42.0
LS PROTHIO/SPIROX,2220054,spiroxamine (Spiroxamine) 300.0 g/L | prothioconazole (Prothioconazole) 160.0 g/L,Orge*Trt Part.Aer.*Oïdium(s),Autorisé,1.25,L/ha,42.0
LS PROTHIO/SPIROX,2220054,spiroxamine (Spiroxamine) 300.0 g/L | prothioconazole (Prothioconazole) 160.0 g/L,Orge*Trt Part.Aer.*Rhynchosporiose,Autorisé,1.25,L/ha,42.0
LS PROTHIO/SPIROX,2220054,spiroxamine (Spiroxamine) 300.0 g/L | prothioconazole (Prothioconazole) 160.0 g/L,Orge*Trt Part.Aer.*Rouille(s),Autorisé,1.25,L/ha,42.0
ORASO PRO,2240263,prothioconazole (Prothioconazole) 125.0 g/L | tébuconazole (Tebuconazole) 125.0 g/L,Blé*Trt Part.Aer.*Fusarioses,Autorisé,1.0,L/ha,35.0
ORASO PRO,2240263,prothioconazole (Prothioconazole) 125.0 g/L | tébuconazole (Tebuconazole) 125.0 g/L,Orge*Trt Part.Aer.*Rouille(s),Autorisé,1.0,L/ha,35.0
ORASO PRO,2240263,prothioconazole (Prothioconazole) 125.0 g/L | tébuconazole (Tebuconazole) 125.0 g/L,Orge*Trt Part.Aer.*Fusarioses,Autorisé,1.0,L/ha,35.0
ORASO PRO,2240263,prothioconazole (Prothioconazole) 125.0 g/L | tébuconazole (Tebuconazole) 125.0 g/L,Orge*Trt Part.Aer.*Oïdium(s),Autorisé,1.0,L/ha,35.0
ORASO PRO,2240263,prothioconazole (Prothioconazole) 125.0 g/L | tébuconazole (Tebuconazole) 125.0 g/L,Orge*Trt Part.Aer.*Helminthosporiose et ramulariose,Autorisé,1.0,L/ha,35.0
ORASO PRO,2240263,prothioconazole (Prothioconazole) 125.0 g/L | tébuconazole (Tebuconazole) 125.0 g/L,Orge*Trt Part.Aer.*Rhynchosporiose,Autorisé,1.0,L/ha,35.0
ORASO PRO,2240263,prothioconazole (Prothioconazole) 125.0 g/L | tébuconazole (Tebuconazole) 125.0 g/L,Blé*Trt Part.Aer.*Septoriose(s),Autorisé,1.0,L/ha,35.0
ORASO PRO,2240263,prothioconazole (Prothioconazole) 125.0 g/L | tébuconazole (Tebuconazole) 125.0 g/L,Blé*Trt Part.Aer.*Rouille(s),Autorisé,1.0,L/ha,35.0
ORASO PRO,2240263,prothioconazole (Prothioconazole) 125.0 g/L | tébuconazole (Tebuconazole) 125.0 g/L,Blé*Trt Part.Aer.*Oïdium(s),Autorisé,1.0,L/ha,35.0
RACING TF,2100069,Metsulfuron-methyl (Metsulfuron-methyl) 70.0 g/kg | thifensulfuron-méthyl (Thifensulfuron-methyl) 680.0 g/kg,Orge*Désherbage,Autorisé,0.05,kg/ha,
RACING TF,2100069,Metsulfuron-methyl (Metsulfuron-methyl) 70.0 g/kg | thifensulfuron-méthyl (Thifensulfuron-methyl) 680.0 g/kg,Orge*Désherbage,Autorisé,0.06,kg/ha,
RACING TF,2100069,Metsulfuron-methyl (Metsulfuron-methyl) 70.0 g/kg | thifensulfuron-méthyl (Thifensulfuron-methyl) 680.0 g/kg,Blé*Désherbage,Autorisé,0.05,kg/ha,
RACING TF,2100069,Metsulfuron-methyl (Metsulfuron-methyl) 70.0 g/kg | thifensulfuron-méthyl (Thifensulfuron-methyl) 680.0 g/kg,Blé*Désherbage,Autorisé,0.075,kg/ha,
SANKARI,2250066,acide pélargonique (Fatty acids C7 to C20) 650.0 g/L,Maïs*Trt Part.Aer.*Chenilles phytophages,Autorisé,3.0,L/ha,
ECURIDON,2240687,iodosulfuron-méthyl-sodium (Iodosulfuron) 2.5 g/L | mésosulfuron-méthyl (Mesosulfuron) 7.5 g/L | diflufénican (Diflufenican) 50.0 g/L | méfenpyr-diéthyl (Mefenpyr) 22.5 g/L,Blé*Désherbage,Autorisé,1.5,L/ha,
ECURIDON,2240687,iodosulfuron-méthyl-sodium (Iodosulfuron) 2.5 g/L | mésosulfuron-méthyl (Mesosulfuron) 7.5 g/L | diflufénican (Diflufenican) 50.0 g/L | méfenpyr-diéthyl (Mefenpyr) 22.5 g/L,Blé*Désherbage,Autorisé,1.5,L/ha,
CALARIS,2170381,mésotrione (Mesotrione) 70.0 g/L | terbuthylazine (Terbuthylazine) 330.0 g/L,Maïs*Désherbage,Autorisé,1.0,L/ha,
ABAK,2090041,pyroxsulam (Pyroxsulam) 75.0 g/kg | cloquintocet-mexyl (Cloquintocet mexyl) 75.0 g/kg,Blé*Désherbage,Autorisé,0.25,kg/ha,
INTEGRAL PRO,2171253,Bacillus amyloliquefaciens souche MBI600 (Bacillus amyloliquefaciens MBI 600) 22000000000 UFC/mL,Tournesol*Trt Sem.*Champignons (autres que pythiacées),Autorisé,160.0,L/q,
DEFI,8700462,prosulfocarbe (Prosulfocarb) 800.0 g/L,Orge*Désherbage,Autorisé,3.0,L/ha,
DEFI,8700462,prosulfocarbe (Prosulfocarb) 800.0 g/L,Blé*Désherbage,Autorisé,3.0,L/ha,
DEFI,8700462,prosulfocarbe (Prosulfocarb) 800.0 g/L,Blé*Désherbage,Autorisé,3.0,L/ha,
XANADU,2210010,bensulfuron-méthyl (Bensulfuron) 500.0 g/kg | metsulfuron-méthyl (Metsulfuron-methyl) 40.0 g/kg,Orge*Désherbage,Autorisé,0.1,kg/ha,
XANADU,2210010,bensulfuron-méthyl (Bensulfuron) 500.0 g/kg | metsulfuron-méthyl (Metsulfuron-methyl) 40.0 g/kg,Orge*Désherbage,Autorisé,0.1,kg/ha,
XANADU,2210010,bensulfuron-méthyl (Bensulfuron) 500.0 g/kg | metsulfuron-méthyl (Metsulfuron-methyl) 40.0 g/kg,Blé*Désherbage,Autorisé,0.1,kg/ha,
XANADU,2210010,bensulfuron-méthyl (Bensulfuron) 500.0 g/kg | metsulfuron-méthyl (Metsulfuron-methyl) 40.0 g/kg,Blé*Désherbage,Autorisé,0.1,kg/ha,
CYTHRINE L,2010282,cyperméthrine (Cypermethrin) 100.0 g/L,Maïs*Trt Part.Aer.*Pyrale(s) (1),Autorisé,0.75,L/ha,
CLIOPHAR 600 SL,2160343,clopyralid diméthylamine (Clopyralid) 741.0 g/L,Maïs*Désherbage,Autorisé,0.2,L/ha,90.0
CLIOPHAR 600 SL,2160343,clopyralid diméthylamine (Clopyralid) 741.0 g/L,Maïs*Désherbage,Autorisé,0.2,L/ha,60.0
NISSHIN PREMIUM 6 OD,2080026,nicosulfuron (Nicosulfuron) 60.0 g/L,Maïs*Désherbage,Autorisé,0.75,L/ha,
ZOXIS NEO,2230034,azoxystrobine (Azoxystrobin) 250.0 g/L,Blé*Trt Part.Aer.*Helminthosporiose,Autorisé,1.0,L/ha,
ZOXIS NEO,2230034,azoxystrobine (Azoxystrobin) 250.0 g/L,Blé*Trt Part.Aer.*Rouille(s),Autorisé,1.0,L/ha,
ZOXIS NEO,2230034,azoxystrobine (Azoxystrobin) 250.0 g/L,Maïs*Trt Part.Aer.*Maladies des taches foliaires,Autorisé,1.0,L/ha,
ZOXIS NEO,2230034,azoxystrobine (Azoxystrobin) 250.0 g/L,Maïs*Trt Part.Aer.*Rouille(s),Autorisé,1.0,L/ha,
ZOXIS NEO,2230034,azoxystrobine (Azoxystrobin) 250.0 g/L,Maïs*Trt Sol*Champignons (autres que pythiacées),Autorisé,1.0,L/ha,
ZOXIS NEO,2230034,azoxystrobine (Azoxystrobin) 250.0 g/L,Orge*Trt Part.Aer.*Helminthosporiose et ramulariose,Autorisé,1.0,L/ha,
ZOXIS NEO,2230034,azoxystrobine (Azoxystrobin) 250.0 g/L,Orge*Trt Part.Aer.*Rhynchosporiose,Autorisé,1.0,L/ha,
ZOXIS NEO,2230034,azoxystrobine (Azoxystrobin) 250.0 g/L,Orge*Trt Part.Aer.*Rouille(s),Autorisé,1.0,L/ha,
FIRUZA,2250027,phosphonates de potassium (Potassium phosphonates) 735.0 g/L | prothioconazole (Prothioconazole) 50.0 g/L,Blé*Trt Part.Aer.*Septoriose(s),Autorisé,2.0,L/ha,35.0
FIRUZA,2250027,phosphonates de potassium (Potassium phosphonates) 735.0 g/L | prothioconazole (Prothioconazole) 50.0 g/L,Blé*Trt Part.Aer.*Fusariose à microdochium,Autorisé,2.0,L/ha,35.0
FIRUZA,2250027,phosphonates de potassium (Potassium phosphonates) 735.0 g/L | prothioconazole (Prothioconazole) 50.0 g/L,Blé*Trt Part.Aer.*Fusarioses,Autorisé,2.0,L/ha,35.0
FIRUZA,2250027,phosphonates de potassium (Potassium phosphonates) 735.0 g/L | prothioconazole (Prothioconazole) 50.0 g/L,Blé*Trt Part.Aer.*Fusariose à microdochium,Autorisé,2.0,L/ha,35.0
FIRUZA,2250027,phosphonates de potassium (Potassium phosphonates) 735.0 g/L | prothioconazole (Prothioconazole) 50.0 g/L,Blé*Trt Part.Aer.*Fusarioses,Autorisé,2.0,L/ha,35.0
FIRUZA,2250027,phosphonates de potassium (Potassium phosphonates) 735.0 g/L | prothioconazole (Prothioconazole) 50.0 g/L,Blé*Trt Part.Aer.*Septoriose(s),Autorisé,2.0,L/ha,35.0
NISSHIN,9100418,nicosulfuron (Nicosulfuron) 40.0 g/L,Maïs*Désherbage,Autorisé,1.5,L/ha,
DECIS EXPERT,2000324,deltaméthrine (Deltamethrin) 100.0 g/L,Maïs doux*Trt Part.Aer.*Chenilles phytophages,Autorisé,0.075,L/ha,3.0
DECIS EXPERT,2000324,deltaméthrine (Deltamethrin) 100.0 g/L,"Maïs doux*Trt Part.Aer.*Cicadelles, punaises et psylles",Autorisé,0.125,L/ha,3.0
DECIS EXPERT,2000324,deltaméthrine (Deltamethrin) 100.0 g/L,Maïs doux*Trt Part.Aer.*Coléoptères phytophages,Autorisé,0.05,L/ha,3.0
DECIS EXPERT,2000324,deltaméthrine (Deltamethrin) 100.0 g/L,Maïs*Trt Part.Aer.*Chenilles phytophages,Autorisé,0.125,L/ha,30.0
DECIS EXPERT,2000324,deltaméthrine (Deltamethrin) 100.0 g/L,Maïs*Trt Part.Aer.*Cicadelles,Autorisé,0.125,L/ha,30.0
DECIS EXPERT,2000324,deltaméthrine (Deltamethrin) 100.0 g/L,Maïs*Trt Part.Aer.*Pyrale(s) (1),Autorisé,0.125,L/ha,30.0
DECIS EXPERT,2000324,deltaméthrine (Deltamethrin) 100.0 g/L,Maïs doux*Trt Part.Aer.*Chenilles phytophages,Autorisé,0.075,L/ha,3.0
DECIS EXPERT,2000324,deltaméthrine (Deltamethrin) 100.0 g/L,"Maïs doux*Trt Part.Aer.*Cicadelles, punaises et psylles",Autorisé,0.125,L/ha,3.0
DECIS EXPERT,2000324,deltaméthrine (Deltamethrin) 100.0 g/L,Maïs doux*Trt Part.Aer.*Coléoptères phytophages,Autorisé,0.05,L/ha,3.0
DECIS EXPERT,2000324,deltaméthrine (Deltamethrin) 100.0 g/L,Maïs*Trt Part.Aer.*Chenilles phytophages,Autorisé,0.125,L/ha,30.0
DECIS EXPERT,2000324,deltaméthrine (Deltamethrin) 100.0 g/L,Maïs*Trt Part.Aer.*Cicadelles,Autorisé,0.125,L/ha,30.0
DECIS EXPERT,2000324,deltaméthrine (Deltamethrin) 100.0 g/L,Maïs*Trt Part.Aer.*Pyrale(s) (1),Autorisé,0.125,L/ha,30.0
DECIS EXPERT,2000324,deltaméthrine (Deltamethrin) 100.0 g/L,Maïs*Trt Sol*Ravageurs du sol,Autorisé,0.075,L/ha,30.0
ALLIE,8400255,metsulfuron-méthyle (Metsulfuron-methyl) 200.0 g/kg,Orge*Désherbage,Autorisé,25.0,g/ha,
ALLIE,8400255,metsulfuron-méthyle (Metsulfuron-methyl) 200.0 g/kg,Orge*Désherbage,Autorisé,30.0,g/ha,
ALLIE,8400255,metsulfuron-méthyle (Metsulfuron-methyl) 200.0 g/kg,Orge*Désherbage,Autorisé,15.0,g/ha,
ALLIE,8400255,metsulfuron-méthyle (Metsulfuron-methyl) 200.0 g/kg,Blé*Désherbage,Autorisé,25.0,g/ha,
ALLIE,8400255,metsulfuron-méthyle (Metsulfuron-methyl) 200.0 g/kg,Blé*Désherbage,Autorisé,30.0,g/ha,
ALLIE,8400255,metsulfuron-méthyle (Metsulfuron-methyl) 200.0 g/kg,Blé*Désherbage,Autorisé,15.0,g/ha,
ALLIE DUO SX,2100014,metsulfuron-méthyle (Metsulfuron-methyl) 67.0 g/kg | thifensulfuron-méthyl (Thifensulfuron-methyl) 333.0 g/kg,Orge*Désherbage,Autorisé,0.05,kg/ha,
ALLIE DUO SX,2100014,metsulfuron-méthyle (Metsulfuron-methyl) 67.0 g/kg | thifensulfuron-méthyl (Thifensulfuron-methyl) 333.0 g/kg,Orge*Désherbage,Autorisé,0.075,kg/ha,
ALLIE DUO SX,2100014,metsulfuron-méthyle (Metsulfuron-methyl) 67.0 g/kg | thifensulfuron-méthyl (Thifensulfuron-methyl) 333.0 g/kg,Blé*Désherbage,Autorisé,0.05,kg/ha,
ALLIE DUO SX,2100014,metsulfuron-méthyle (Metsulfuron-methyl) 67.0 g/kg | thifensulfuron-méthyl (Thifensulfuron-methyl) 333.0 g/kg,Blé*Désherbage,Autorisé,0.075,kg/ha,
ALLIE MAX SX,2090054,tribénuron-méthyl (Tribenuron) 143.0 g/kg | metsulfuron-méthyle (Metsulfuron-methyl) 143.0 g/kg,Orge*Désherbage,Autorisé,0.035,kg/ha,
ALLIE MAX SX,2090054,tribénuron-méthyl (Tribenuron) 143.0 g/kg | metsulfuron-méthyle (Metsulfuron-methyl) 143.0 g/kg,Orge*Désherbage,Autorisé,0.02,kg/ha,
ALLIE MAX SX,2090054,tribénuron-méthyl (Tribenuron) 143.0 g/kg | metsulfuron-méthyle (Metsulfuron-methyl) 143.0 g/kg,Orge*Désherbage,Autorisé,0.035,kg/ha,
ALLIE MAX SX,2090054,tribénuron-méthyl (Tribenuron) 143.0 g/kg | metsulfuron-méthyle (Metsulfuron-methyl) 143.0 g/kg,Blé*Désherbage,Autorisé,35.0,g/ha,
ALLIE MAX SX,2090054,tribénuron-méthyl (Tribenuron) 143.0 g/kg | metsulfuron-méthyle (Metsulfuron-methyl) 143.0 g/kg,Blé*Désherbage,Autorisé,20.0,g/ha,
ALLIE MAX SX,2090054,tribénuron-méthyl (Tribenuron) 143.0 g/kg | metsulfuron-méthyle (Metsulfuron-methyl) 143.0 g/kg,Blé*Désherbage,Autorisé,35.0,g/ha,
ALLIE STAR SX,2090057,metsulfuron-méthyle (Metsulfuron-methyl) 111.0 g/kg | tribénuron-méthyl (Tribenuron) 222.0 g/kg,Orge*Désherbage,Autorisé,0.045,kg/ha,
ALLIE STAR SX,2090057,metsulfuron-méthyle (Metsulfuron-methyl) 111.0 g/kg | tribénuron-méthyl (Tribenuron) 222.0 g/kg,Orge*Désherbage,Autorisé,0.045,kg/ha,
ALLIE STAR SX,2090057,metsulfuron-méthyle (Metsulfuron-methyl) 111.0 g/kg | tribénuron-méthyl (Tribenuron) 222.0 g/kg,Orge*Désherbage,Autorisé,0.027,kg/ha,
ALLIE STAR SX,2090057,metsulfuron-méthyle (Metsulfuron-methyl) 111.0 g/kg | tribénuron-méthyl (Tribenuron) 222.0 g/kg,Blé*Désherbage,Autorisé,0.027,kg/ha,
ALLIE STAR SX,2090057,metsulfuron-méthyle (Metsulfuron-methyl) 111.0 g/kg | tribénuron-méthyl (Tribenuron) 222.0 g/kg,Blé*Désherbage,Autorisé,0.045,kg/ha,
ALLIE STAR SX,2090057,metsulfuron-méthyle (Metsulfuron-methyl) 111.0 g/kg | tribénuron-méthyl (Tribenuron) 222.0 g/kg,Blé*Désherbage,Autorisé,0.045,kg/ha,
ALLIE SX,2060119,metsulfuron-méthyle (Metsulfuron-methyl) 200.0 g/kg,Orge*Désherbage,Autorisé,30.0,g/ha,
ALLIE SX,2060119,metsulfuron-méthyle (Metsulfuron-methyl) 200.0 g/kg,Blé*Désherbage,Autorisé,25.0,g/ha,
ALLIE SX,2060119,metsulfuron-méthyle (Metsulfuron-methyl) 200.0 g/kg,Blé*Désherbage,Autorisé,15.0,g/ha,
ALLIE SX,2060119,metsulfuron-méthyle (Metsulfuron-methyl) 200.0 g/kg,Blé*Désherbage,Autorisé,30.0,g/ha,
ALLIE SX,2060119,metsulfuron-méthyle (Metsulfuron-methyl) 200.0 g/kg,Orge*Désherbage,Autorisé,15.0,g/ha,
ALLIE SX,2060119,metsulfuron-méthyle (Metsulfuron-methyl) 200.0 g/kg,Orge*Désherbage,Autorisé,25.0,g/ha,
ALLIE SX,2060119,metsulfuron-méthyle (Metsulfuron-methyl) 200.0 g/kg,Blé*Désherbage,Autorisé,30.0,g/ha,
SYNOPSIS,2150991,tribénuron-méthyl (Tribenuron) 83.0 g/kg | florasulame (Florasulam) 105.0 g/kg | metsulfuron-méthyle (Metsulfuron-methyl) 83.0 g/kg,Orge*Désherbage,Autorisé,0.05,kg/ha,
SYNOPSIS,2150991,tribénuron-méthyl (Tribenuron) 83.0 g/kg | florasulame (Florasulam) 105.0 g/kg | metsulfuron-méthyle (Metsulfuron-methyl) 83.0 g/kg,Blé*Désherbage,Autorisé,0.05,kg/ha,
KALTOR,2190207,dicamba sel de sodium et de potassium (Dicamba) 600.0 g/kg | nicosulfuron (Nicosulfuron) 150.0 g/kg,Maïs*Désherbage,Autorisé,0.25,kg/ha,
ARY-0711B-01,2180058,Beauveria bassiana souche NPP111B005 (Beauveria bassiana strain NPP111B005) 500000000 UFC/g,Maïs*Trt Sol*Ravageurs du sol,Autorisé,15.0,kg/ha,
SPEKFREE,2110167,tébuconazole (Tebuconazole) 430.0 g/L,Orge*Trt Part.Aer.*Helminthosporiose et ramulariose,Autorisé,0.6,L/ha,35.0
SPEKFREE,2110167,tébuconazole (Tebuconazole) 430.0 g/L,Orge*Trt Part.Aer.*Oïdium(s),Autorisé,0.6,L/ha,35.0
SPEKFREE,2110167,tébuconazole (Tebuconazole) 430.0 g/L,Orge*Trt Part.Aer.*Rhynchosporiose,Autorisé,0.6,L/ha,35.0
SPEKFREE,2110167,tébuconazole (Tebuconazole) 430.0 g/L,Orge*Trt Part.Aer.*Rouille(s),Autorisé,0.6,L/ha,35.0
SPEKFREE,2110167,tébuconazole (Tebuconazole) 430.0 g/L,Blé*Trt Part.Aer.*Fusarioses,Autorisé,0.6,L/ha,35.0
SPEKFREE,2110167,tébuconazole (Tebuconazole) 430.0 g/L,Blé*Trt Part.Aer.*Oïdium(s),Autorisé,0.6,L/ha,35.0
SPEKFREE,2110167,tébuconazole (Tebuconazole) 430.0 g/L,Blé*Trt Part.Aer.*Rouille(s),Autorisé,0.6,L/ha,35.0
SPEKFREE,2110167,tébuconazole (Tebuconazole) 430.0 g/L,Blé*Trt Part.Aer.*Rouille(s),Autorisé,0.6,L/ha,35.0
SPEKFREE,2110167,tébuconazole (Tebuconazole) 430.0 g/L,Blé*Trt Part.Aer.*Septoriose(s),Autorisé,0.6,L/ha,35.0
BOLT NEO,2268880,spiroxamine (Spiroxamine) 300.0 g/L | prothioconazole (Prothioconazole) 160.0 g/L,Blé*Trt Part.Aer.*Septoriose(s),Autorisé,1.25,L/ha,42.0
BOLT NEO,2268880,spiroxamine (Spiroxamine) 300.0 g/L | prothioconazole (Prothioconazole) 160.0 g/L,Blé*Trt Part.Aer.*Fusariose à microdochium,Autorisé,1.25,L/ha,42.0
BOLT NEO,2268880,spiroxamine (Spiroxamine) 300.0 g/L | prothioconazole (Prothioconazole) 160.0 g/L,Orge*Trt Part.Aer.*Helminthosporiose et ramulariose,Autorisé,1.25,L/ha,42.0
BOLT NEO,2268880,spiroxamine (Spiroxamine) 300.0 g/L | prothioconazole (Prothioconazole) 160.0 g/L,Blé*Trt Part.Aer.*Helminthosporiose,Autorisé,1.25,L/ha,42.0
BOLT NEO,2268880,spiroxamine (Spiroxamine) 300.0 g/L | prothioconazole (Prothioconazole) 160.0 g/L,Blé*Trt Part.Aer.*Rouille(s),Autorisé,1.25,L/ha,42.0
BOLT NEO,2268880,spiroxamine (Spiroxamine) 300.0 g/L | prothioconazole (Prothioconazole) 160.0 g/L,Blé*Trt Part.Aer.*Piétin verse,Autorisé,1.25,L/ha,42.0
BOLT NEO,2268880,spiroxamine (Spiroxamine) 300.0 g/L | prothioconazole (Prothioconazole) 160.0 g/L,Orge*Trt Part.Aer.*Rouille(s),Autorisé,1.25,L/ha,42.0
BOLT NEO,2268880,spiroxamine (Spiroxamine) 300.0 g/L | prothioconazole (Prothioconazole) 160.0 g/L,Blé*Trt Part.Aer.*Oïdium(s),Autorisé,1.25,L/ha,42.0
BOLT NEO,2268880,spiroxamine (Spiroxamine) 300.0 g/L | prothioconazole (Prothioconazole) 160.0 g/L,Blé*Trt Part.Aer.*Fusarioses,Autorisé,1.25,L/ha,42.0
BOLT NEO,2268880,spiroxamine (Spiroxamine) 300.0 g/L | prothioconazole (Prothioconazole) 160.0 g/L,Orge*Trt Part.Aer.*Fusarioses,Autorisé,1.25,L/ha,42.0
BOLT NEO,2268880,spiroxamine (Spiroxamine) 300.0 g/L | prothioconazole (Prothioconazole) 160.0 g/L,Orge*Trt Part.Aer.*Fusariose à microdochium,Autorisé,1.25,L/ha,42.0
BOLT NEO,2268880,spiroxamine (Spiroxamine) 300.0 g/L | prothioconazole (Prothioconazole) 160.0 g/L,Orge*Trt Part.Aer.*Oïdium(s),Autorisé,1.25,L/ha,42.0
BOLT NEO,2268880,spiroxamine (Spiroxamine) 300.0 g/L | prothioconazole (Prothioconazole) 160.0 g/L,Orge*Trt Part.Aer.*Rhynchosporiose,Autorisé,1.25,L/ha,42.0
ISERAN,2220688,mésotrione (Mesotrione) 150.0 g/L | clomazone (Clomazone) 80.0 g/L,Maïs*Désherbage,Autorisé,1.0,L/ha,
ISERAN,2220688,mésotrione (Mesotrione) 150.0 g/L | clomazone (Clomazone) 80.0 g/L,Maïs*Désherbage,Autorisé,1.0,L/ha,
PRIMUS,9800277,florasulame (Florasulam) 50.0 g/L,Orge*Désherbage,Autorisé,0.075,L/ha,
PRIMUS,9800277,florasulame (Florasulam) 50.0 g/L,Orge*Désherbage,Autorisé,0.125,L/ha,
PRIMUS,9800277,florasulame (Florasulam) 50.0 g/L,Orge*Désherbage,Autorisé,0.125,L/ha,
PRIMUS,9800277,florasulame (Florasulam) 50.0 g/L,Blé*Désherbage,Autorisé,0.075,L/ha,
PRIMUS,9800277,florasulame (Florasulam) 50.0 g/L,Blé*Désherbage,Autorisé,0.125,L/ha,
PRIMUS,9800277,florasulame (Florasulam) 50.0 g/L,Blé*Désherbage,Autorisé,0.125,L/ha,
AKA,2110104,florasulame (Florasulam) 2.5 g/L | fluroxypyr (Fluroxypyr) 144.1 g/L | clopyralid (Clopyralid) 80.0 g/L,Orge*Désherbage,Autorisé,1.5,L/ha,
AKA,2110104,florasulame (Florasulam) 2.5 g/L | fluroxypyr (Fluroxypyr) 144.1 g/L | clopyralid (Clopyralid) 80.0 g/L,Orge*Désherbage,Autorisé,1.0,L/ha,
AKA,2110104,florasulame (Florasulam) 2.5 g/L | fluroxypyr (Fluroxypyr) 144.1 g/L | clopyralid (Clopyralid) 80.0 g/L,Blé*Désherbage,Autorisé,1.0,L/ha,
AKA,2110104,florasulame (Florasulam) 2.5 g/L | fluroxypyr (Fluroxypyr) 144.1 g/L | clopyralid (Clopyralid) 80.0 g/L,Blé*Désherbage,Autorisé,1.5,L/ha,
SESTO,2190321,folpet (Folpet) 500.0 g/L,Orge*Trt Part.Aer.*Rhynchosporiose,Autorisé,1.5,L/ha,42.0
SESTO,2190321,folpet (Folpet) 500.0 g/L,Orge*Trt Part.Aer.*Rhynchosporiose,Autorisé,1.5,L/ha,42.0
SESTO,2190321,folpet (Folpet) 500.0 g/L,Orge*Trt Part.Aer.*Helminthosporiose et ramulariose,Autorisé,1.5,L/ha,42.0
SESTO,2190321,folpet (Folpet) 500.0 g/L,Orge*Trt Part.Aer.*Helminthosporiose et ramulariose,Autorisé,1.5,L/ha,42.0
SESTO,2190321,folpet (Folpet) 500.0 g/L,Blé*Trt Part.Aer.*Septoriose(s),Autorisé,1.5,L/ha,42.0
SESTO,2190321,folpet (Folpet) 500.0 g/L,Blé*Trt Part.Aer.*Septoriose(s),Autorisé,1.5,L/ha,42.0
TALENDO,2090001,proquinazid (Proquinazid) 200.0 g/L,Orge*Trt Part.Aer.*Oïdium(s),Autorisé,0.25,L/ha,
TALENDO,2090001,proquinazid (Proquinazid) 200.0 g/L,Blé*Trt Part.Aer.*Oïdium(s),Autorisé,0.25,L/ha,
FLORID,2150484,florasulame (Florasulam) 25.0 g/L | clopyralid (Clopyralid) 300.0 g/L,Orge*Désherbage,Autorisé,0.15,L/ha,
FLORID,2150484,florasulame (Florasulam) 25.0 g/L | clopyralid (Clopyralid) 300.0 g/L,Blé*Désherbage,Autorisé,0.15,L/ha,
FLORID,2150484,florasulame (Florasulam) 25.0 g/L | clopyralid (Clopyralid) 300.0 g/L,Orge*Désherbage,Autorisé,0.15,L/ha,
FLORID,2150484,florasulame (Florasulam) 25.0 g/L | clopyralid (Clopyralid) 300.0 g/L,Blé*Désherbage,Autorisé,0.15,L/ha,
LUMISENA,2200078,oxathiapiproline (Oxathiapiprolin) 200.0 g/L,Tournesol*Trt Sem.*Champignons (pythiacées),Autorisé,234.0,mL/q,
ACCENT 75 WG,2110007,nicosulfuron (Nicosulfuron) 750.0 g/kg,Maïs*Désherbage,Autorisé,0.08,kg/ha,
KALIMBA MAX,2260179,dicamba sel de diméthylamine (Dicamba) 240.7 g/L | fluroxypyr-méptyl (Fluroxypyr) 144.0 g/L,Maïs*Désherbage,Autorisé,1.0,L/ha,
RIBOZA,2260109,propoxycarbazone sodium (Propoxycarbazone) 700.0 g/kg,Blé*Désherbage,Autorisé,60.0,g/ha,
STERCO,2090072,florasulame (Florasulam) 250.0 g/kg,Orge*Désherbage,Autorisé,25.0,g/ha,
STERCO,2090072,florasulame (Florasulam) 250.0 g/kg,Orge*Désherbage,Autorisé,15.0,g/ha,
STERCO,2090072,florasulame (Florasulam) 250.0 g/kg,Orge*Désherbage,Autorisé,25.0,g/ha,
STERCO,2090072,florasulame (Florasulam) 250.0 g/kg,Blé*Désherbage,Autorisé,25.0,g/ha,
STERCO,2090072,florasulame (Florasulam) 250.0 g/kg,Blé*Désherbage,Autorisé,25.0,g/ha,
STERCO,2090072,florasulame (Florasulam) 250.0 g/kg,Blé*Désherbage,Autorisé,15.0,g/ha,
SUCCESS VD JARDIN,2190088,spinosad (Spinosad) 24.0 g/L,Maïs doux*Trt Part.Aer.*Chenilles phytophages,Autorisé,4.0,mL/L,14.0
SULFAR,2250168,soufre (Sulphur) 800.0 g/kg,Orge*Trt Part.Aer.*Oïdium(s),Autorisé,10.0,kg/ha,3.0
SULFAR,2250168,soufre (Sulphur) 800.0 g/kg,Blé*Trt Part.Aer.*Oïdium(s),Autorisé,10.0,kg/ha,3.0
HAKSAR 400 SL,2200033,MCPA sel de diméthylamine (MCPA) 400.0 g/L,Orge*Désherbage,Autorisé,2.0,L/ha,
HAKSAR 400 SL,2200033,MCPA sel de diméthylamine (MCPA) 400.0 g/L,Blé*Désherbage,Autorisé,2.0,L/ha,
ZYPAR,2160937,halauxifène-méthyl (Halauxifen-methyl) 6.25 g/L | cloquintocet-mexyl (Cloquintocet mexyl) 6.0 g/L | florasulame (Florasulam) 5.0 g/L,Orge*Désherbage,Autorisé,1.0,L/ha,
ZYPAR,2160937,halauxifène-méthyl (Halauxifen-methyl) 6.25 g/L | cloquintocet-mexyl (Cloquintocet mexyl) 6.0 g/L | florasulame (Florasulam) 5.0 g/L,Orge*Désherbage,Autorisé,1.0,L/ha,
ZYPAR,2160937,halauxifène-méthyl (Halauxifen-methyl) 6.25 g/L | cloquintocet-mexyl (Cloquintocet mexyl) 6.0 g/L | florasulame (Florasulam) 5.0 g/L,Orge*Désherbage,Autorisé,0.75,L/ha,
ZYPAR,2160937,halauxifène-méthyl (Halauxifen-methyl) 6.25 g/L | cloquintocet-mexyl (Cloquintocet mexyl) 6.0 g/L | florasulame (Florasulam) 5.0 g/L,Blé*Désherbage,Autorisé,1.0,L/ha,
ZYPAR,2160937,halauxifène-méthyl (Halauxifen-methyl) 6.25 g/L | cloquintocet-mexyl (Cloquintocet mexyl) 6.0 g/L | florasulame (Florasulam) 5.0 g/L,Blé*Désherbage,Autorisé,1.0,L/ha,
ZYPAR,2160937,halauxifène-méthyl (Halauxifen-methyl) 6.25 g/L | cloquintocet-mexyl (Cloquintocet mexyl) 6.0 g/L | florasulame (Florasulam) 5.0 g/L,Blé*Désherbage,Autorisé,0.75,L/ha,
RITMIC AMPLI,2110112,nicosulfuron (Nicosulfuron) 40.0 g/L,Maïs*Désherbage,Autorisé,1.5,L/ha,
PRIMUS NEO,2150954,florasulame (Florasulam) 5.0 g/L | fluroxypyr-méptyl (Fluroxypyr) 144.0 g/L,Orge*Désherbage,Autorisé,1.0,L/ha,
PRIMUS NEO,2150954,florasulame (Florasulam) 5.0 g/L | fluroxypyr-méptyl (Fluroxypyr) 144.0 g/L,Orge*Désherbage,Autorisé,0.75,L/ha,
PRIMUS NEO,2150954,florasulame (Florasulam) 5.0 g/L | fluroxypyr-méptyl (Fluroxypyr) 144.0 g/L,Orge*Désherbage,Autorisé,1.0,L/ha,
PRIMUS NEO,2150954,florasulame (Florasulam) 5.0 g/L | fluroxypyr-méptyl (Fluroxypyr) 144.0 g/L,Blé*Désherbage,Autorisé,1.0,L/ha,
PRIMUS NEO,2150954,florasulame (Florasulam) 5.0 g/L | fluroxypyr-méptyl (Fluroxypyr) 144.0 g/L,Blé*Désherbage,Autorisé,0.75,L/ha,
PRIMUS NEO,2150954,florasulame (Florasulam) 5.0 g/L | fluroxypyr-méptyl (Fluroxypyr) 144.0 g/L,Blé*Désherbage,Autorisé,1.0,L/ha,
TRITON SG,2110063,clopyralid (Clopyralid) 949.0 g/kg,Maïs*Désherbage,Autorisé,0.174,kg/ha,60.0
TRITON SG,2110063,clopyralid (Clopyralid) 949.0 g/kg,Maïs*Désherbage,Autorisé,0.174,kg/ha,
LONTREL 100,7900753,clopyralid (Clopyralid) 100.0 g/L,Maïs*Désherbage,Autorisé,1.25,L/ha,
LONTREL 100,7900753,clopyralid (Clopyralid) 100.0 g/L,Maïs*Désherbage,Autorisé,1.25,L/ha,60.0
ABOUND,2110081,"2,4-D ester isooctylique (2,4-D) 723.0 g/L",Maïs*Désherbage,Autorisé,1.25,L/ha,
ABOUND,2110081,"2,4-D ester isooctylique (2,4-D) 723.0 g/L",Orge*Désherbage,Autorisé,1.25,L/ha,
ABOUND,2110081,"2,4-D ester isooctylique (2,4-D) 723.0 g/L",Orge*Désherbage,Autorisé,1.25,L/ha,
ABOUND,2110081,"2,4-D ester isooctylique (2,4-D) 723.0 g/L",Blé*Désherbage,Autorisé,1.25,L/ha,
ABOUND,2110081,"2,4-D ester isooctylique (2,4-D) 723.0 g/L",Blé*Désherbage,Autorisé,1.25,L/ha,
CURSUS DUO,2110113,rimsulfuron (Rimsulfuron) 150.0 g/kg | nicosulfuron (Nicosulfuron) 300.0 g/kg,Maïs*Désherbage,Autorisé,0.1,kg/ha,
AUBAINE,8800827,chlorotoluron (Chlorotoluron) 500.0 g/L | isoxabène (Isoxaben) 18.7 g/L,Orge*Désherbage,Autorisé,3.0,L/ha,
AUBAINE,8800827,chlorotoluron (Chlorotoluron) 500.0 g/L | isoxabène (Isoxaben) 18.7 g/L,Blé*Désherbage,Autorisé,3.0,L/ha,
GF-2573,2160919,halauxifène-méthyl (Halauxifen-methyl) 7.8 g/L | cloquintocet-mexyl (Cloquintocet mexyl) 7.5 g/L,Orge*Désherbage,Autorisé,1.0,L/ha,
GF-2573,2160919,halauxifène-méthyl (Halauxifen-methyl) 7.8 g/L | cloquintocet-mexyl (Cloquintocet mexyl) 7.5 g/L,Orge*Désherbage,Autorisé,0.8,L/ha,
GF-2573,2160919,halauxifène-méthyl (Halauxifen-methyl) 7.8 g/L | cloquintocet-mexyl (Cloquintocet mexyl) 7.5 g/L,Blé*Désherbage,Autorisé,1.0,L/ha,
GF-2573,2160919,halauxifène-méthyl (Halauxifen-methyl) 7.8 g/L | cloquintocet-mexyl (Cloquintocet mexyl) 7.5 g/L,Blé*Désherbage,Autorisé,0.8,L/ha,
FANCY,2210324,téfluthrine (Tefluthrin) 200.0 g/L,Maïs*Trt Sem.*Ravageurs du sol,Autorisé,0.05,L/unité,
TEXLA,2210615,téfluthrine (Tefluthrin) 15.0 g/kg,Maïs doux*Trt Sol*Ravageurs du sol,Autorisé,12.2,kg/ha,
TEXLA,2210615,téfluthrine (Tefluthrin) 15.0 g/kg,Maïs doux*Trt Sol*Ravageurs du sol,Autorisé,10.0,kg/ha,
TEXLA,2210615,téfluthrine (Tefluthrin) 15.0 g/kg,Maïs*Trt Sol*Ravageurs du sol,Autorisé,12.2,kg/ha,
TEXLA,2210615,téfluthrine (Tefluthrin) 15.0 g/kg,Maïs*Trt Sol*Ravageurs du sol,Autorisé,10.0,kg/ha,
TEXLA,2210615,téfluthrine (Tefluthrin) 15.0 g/kg,Tournesol*Trt Sol*Ravageurs du sol,Autorisé,10.0,kg/ha,
RIMURON,2171124,rimsulfuron (Rimsulfuron) 250.0 g/kg,Maïs*Désherbage,Autorisé,0.05,kg/ha,
SIMBA,2170422,mésotrione (Mesotrione) 100.0 g/L,Maïs*Désherbage,Autorisé,1.5,L/ha,
SIMBA,2170422,mésotrione (Mesotrione) 100.0 g/L,Maïs doux*Désherbage,Autorisé,1.5,L/ha,
TRIMEO,2140196,tribénuron-méthyl (Tribenuron) 750.0 g/kg,Orge*Désherbage,Autorisé,0.03,kg/ha,
TRIMEO,2140196,tribénuron-méthyl (Tribenuron) 750.0 g/kg,Orge*Désherbage,Autorisé,0.03,kg/ha,
TRIMEO,2140196,tribénuron-méthyl (Tribenuron) 750.0 g/kg,Orge*Désherbage,Autorisé,0.02,kg/ha,
TRIMEO,2140196,tribénuron-méthyl (Tribenuron) 750.0 g/kg,Blé*Désherbage,Autorisé,0.02,kg/ha,
TRIMEO,2140196,tribénuron-méthyl (Tribenuron) 750.0 g/kg,Blé*Désherbage,Autorisé,0.03,kg/ha,
POLYVERSUM,2150328,Pythium oligandrum SOUCHES: M1 Collection de cultures no ATCC 38472 (Pythium oligandrum M1) 0.1 10^10 spores/kg ,Orge*Trt Part.Aer.*Fusarioses,Autorisé,0.1,kg/ha,3.0
POLYVERSUM,2150328,Pythium oligandrum SOUCHES: M1 Collection de cultures no ATCC 38472 (Pythium oligandrum M1) 0.1 10^10 spores/kg ,Blé*Trt Part.Aer.*Fusarioses,Autorisé,0.1,kg/ha,3.0
LIFE SCIENTIFIC METCONAZOLE,2130061,metconazole (Metconazole) 60.0 g/L,Orge*Trt Part.Aer.*Oïdium(s),Autorisé,1.5,L/ha,35.0
LIFE SCIENTIFIC METCONAZOLE,2130061,metconazole (Metconazole) 60.0 g/L,Orge*Trt Part.Aer.*Rhynchosporiose,Autorisé,1.5,L/ha,35.0
LIFE SCIENTIFIC METCONAZOLE,2130061,metconazole (Metconazole) 60.0 g/L,Orge*Trt Part.Aer.*Rouille(s),Autorisé,1.5,L/ha,35.0
LIFE SCIENTIFIC METCONAZOLE,2130061,metconazole (Metconazole) 60.0 g/L,Blé*Trt Part.Aer.*Fusarioses,Autorisé,1.5,L/ha,35.0
LIFE SCIENTIFIC METCONAZOLE,2130061,metconazole (Metconazole) 60.0 g/L,Blé*Trt Part.Aer.*Oïdium(s),Autorisé,1.5,L/ha,35.0
LIFE SCIENTIFIC METCONAZOLE,2130061,metconazole (Metconazole) 60.0 g/L,Blé*Trt Part.Aer.*Rouille(s),Autorisé,1.5,L/ha,35.0
LIFE SCIENTIFIC METCONAZOLE,2130061,metconazole (Metconazole) 60.0 g/L,Blé*Trt Part.Aer.*Septoriose(s),Autorisé,1.5,L/ha,35.0
ENJEU,2170208,mésosulfuron-méthyl (Mesosulfuron) 30.0 g/kg | Iodosulfuron (Iodosulfuron) 6.0 g/kg | méfenpyr-diéthyl (Mefenpyr) 90.0 g/kg,Blé*Désherbage,Autorisé,0.5,kg/ha,90.0
ENJEU,2170208,mésosulfuron-méthyl (Mesosulfuron) 30.0 g/kg | Iodosulfuron (Iodosulfuron) 6.0 g/kg | méfenpyr-diéthyl (Mefenpyr) 90.0 g/kg,Blé*Désherbage,Autorisé,0.33,kg/ha,90.0
TAZER 250 SC,2110162,azoxystrobine (Azoxystrobin) 250.0 g/L,Orge*Trt Part.Aer.*Helminthosporiose et ramulariose,Autorisé,1.0,L/ha,35.0
TAZER 250 SC,2110162,azoxystrobine (Azoxystrobin) 250.0 g/L,Orge*Trt Part.Aer.*Rhynchosporiose,Autorisé,1.0,L/ha,35.0
TAZER 250 SC,2110162,azoxystrobine (Azoxystrobin) 250.0 g/L,Orge*Trt Part.Aer.*Rouille(s),Autorisé,1.0,L/ha,35.0
TAZER 250 SC,2110162,azoxystrobine (Azoxystrobin) 250.0 g/L,Maïs*Trt Part.Aer.*Maladies des taches foliaires,Autorisé,1.0,L/ha,50.0
TAZER 250 SC,2110162,azoxystrobine (Azoxystrobin) 250.0 g/L,Maïs*Trt Sol*Champignons (autres que pythiacées),Autorisé,1.0,L/ha,
TAZER 250 SC,2110162,azoxystrobine (Azoxystrobin) 250.0 g/L,Maïs*Trt Sol*Champignons (pythiacées),Autorisé,1.0,L/ha,
TAZER 250 SC,2110162,azoxystrobine (Azoxystrobin) 250.0 g/L,Blé*Trt Part.Aer.*Rouille(s),Autorisé,1.0,L/ha,35.0
TAZER 250 SC,2110162,azoxystrobine (Azoxystrobin) 250.0 g/L,Blé*Trt Part.Aer.*Rouille(s),Autorisé,1.0,L/ha,35.0
ORFEVRE,2200756,prohexadione-calcium (Prohexadione) 50.0 g/L,Orge*Trt Part.Aer.*Régul. Croiss. Org. Aériens,Autorisé,1.5,L/ha,
ORFEVRE,2200756,prohexadione-calcium (Prohexadione) 50.0 g/L,Blé*Trt Part.Aer.*Régul. Croiss. Org. Aériens,Autorisé,1.5,L/ha,
CHAMANE,2170712,azoxystrobine (Azoxystrobin) 250.0 g/L,Orge*Trt Part.Aer.*Helminthosporiose et ramulariose,Autorisé,1.0,L/ha,35.0
CHAMANE,2170712,azoxystrobine (Azoxystrobin) 250.0 g/L,Orge*Trt Part.Aer.*Rhynchosporiose,Autorisé,1.0,L/ha,35.0
CHAMANE,2170712,azoxystrobine (Azoxystrobin) 250.0 g/L,Orge*Trt Part.Aer.*Rouille(s),Autorisé,1.0,L/ha,35.0
CHAMANE,2170712,azoxystrobine (Azoxystrobin) 250.0 g/L,Blé*Trt Part.Aer.*Fusarioses,Autorisé,1.0,L/ha,35.0
CHAMANE,2170712,azoxystrobine (Azoxystrobin) 250.0 g/L,Blé*Trt Part.Aer.*Oïdium(s),Autorisé,1.0,L/ha,35.0
CHAMANE,2170712,azoxystrobine (Azoxystrobin) 250.0 g/L,Blé*Trt Part.Aer.*Rouille(s),Autorisé,1.0,L/ha,35.0
CHAMANE,2170712,azoxystrobine (Azoxystrobin) 250.0 g/L,Blé*Trt Part.Aer.*Septoriose(s),Autorisé,1.0,L/ha,35.0
EVOGARD,2250625,prothioconazole (Prothioconazole) 100.0 g/L,Orge*Trt Sem.*Champignons (autres que pythiacées),Autorisé,0.1,L/q,
EVOGARD,2250625,prothioconazole (Prothioconazole) 100.0 g/L,Blé*Trt Sem.*Champignons (autres que pythiacées),Autorisé,0.1,L/q,
CROUPIER OD,2200700,fluroxypyr (Fluroxypyr) 324.0 g/L | metsulfuron-méthyle (Metsulfuron-methyl) 9.0 g/L,Orge*Désherbage,Autorisé,670.0,mL/ha,
CROUPIER OD,2200700,fluroxypyr (Fluroxypyr) 324.0 g/L | metsulfuron-méthyle (Metsulfuron-methyl) 9.0 g/L,Blé*Désherbage,Autorisé,670.0,mL/ha,
CROUPIER OD,2200700,fluroxypyr (Fluroxypyr) 324.0 g/L | metsulfuron-méthyle (Metsulfuron-methyl) 9.0 g/L,Orge*Désherbage,Autorisé,600.0,mL/ha,
CROUPIER OD,2200700,fluroxypyr (Fluroxypyr) 324.0 g/L | metsulfuron-méthyle (Metsulfuron-methyl) 9.0 g/L,Blé*Désherbage,Autorisé,600.0,mL/ha,
ORBITER,2190257,florasulame (Florasulam) 50.0 g/L,Orge*Désherbage,Autorisé,0.15,L/ha,
ORBITER,2190257,florasulame (Florasulam) 50.0 g/L,Orge*Désherbage,Autorisé,0.08,L/ha,
ORBITER,2190257,florasulame (Florasulam) 50.0 g/L,Orge*Désherbage,Autorisé,0.15,L/ha,
ORBITER,2190257,florasulame (Florasulam) 50.0 g/L,Blé*Désherbage,Autorisé,0.15,L/ha,
ORBITER,2190257,florasulame (Florasulam) 50.0 g/L,Blé*Désherbage,Autorisé,0.08,L/ha,
ORBITER,2190257,florasulame (Florasulam) 50.0 g/L,Blé*Désherbage,Autorisé,0.15,L/ha,
OTHELLO,2140152,iodosulfuron-méthyl-sodium (Iodosulfuron) 2.5 g/L | mésosulfuron-méthyl (Mesosulfuron) 7.5 g/L | diflufénican (Diflufenican) 50.0 g/L | méfenpyr-diéthyl (Mefenpyr) 22.5 g/L,Blé*Désherbage,Autorisé,1.5,L/ha,
OTHELLO,2140152,iodosulfuron-méthyl-sodium (Iodosulfuron) 2.5 g/L | mésosulfuron-méthyl (Mesosulfuron) 7.5 g/L | diflufénican (Diflufenican) 50.0 g/L | méfenpyr-diéthyl (Mefenpyr) 22.5 g/L,Blé*Désherbage,Autorisé,1.5,L/ha,
BISENO,2240683,mésosulfuron-méthyl (Mesosulfuron) 7.5 g/L | diflufénican (Diflufenican) 50.0 g/L | iodosulfuron-méthyl-sodium (Iodosulfuron) 2.5 g/L | méfenpyr-diéthyl (Mefenpyr) 22.5 g/L,Blé*Désherbage,Autorisé,1.5,L/ha,
BISENO,2240683,mésosulfuron-méthyl (Mesosulfuron) 7.5 g/L | diflufénican (Diflufenican) 50.0 g/L | iodosulfuron-méthyl-sodium (Iodosulfuron) 2.5 g/L | méfenpyr-diéthyl (Mefenpyr) 22.5 g/L,Blé*Désherbage,Autorisé,1.5,L/ha,
XTRON,2240686,iodosulfuron-méthyl-sodium (Iodosulfuron) 2.5 g/L | mésosulfuron-méthyl (Mesosulfuron) 7.5 g/L | diflufénican (Diflufenican) 50.0 g/L | méfenpyr-diéthyl (Mefenpyr) 22.5 g/L,Blé*Désherbage,Autorisé,1.5,L/ha,
XTRON,2240686,iodosulfuron-méthyl-sodium (Iodosulfuron) 2.5 g/L | mésosulfuron-méthyl (Mesosulfuron) 7.5 g/L | diflufénican (Diflufenican) 50.0 g/L | méfenpyr-diéthyl (Mefenpyr) 22.5 g/L,Blé*Désherbage,Autorisé,1.5,L/ha,
PULSAR PLUS,2171066,imazamox (Imazamox) 25.0 g/L,Tournesol*Désherbage,Autorisé,2.0,L/ha,
CALLISTO,9900047,mésotrione (Mesotrione) 100.0 g/L,Maïs doux*Désherbage,Autorisé,0.75,L/ha,42.0
CALLISTO,9900047,mésotrione (Mesotrione) 100.0 g/L,Maïs*Désherbage,Autorisé,1.5,L/ha,
MATENO DUO,2250409,aclonifène (Aclonifen) 500.0 g/L | diflufénican (Diflufenican) 100.0 g/L,Orge*Désherbage,Autorisé,1.2,L/ha,
MATENO DUO,2250409,aclonifène (Aclonifen) 500.0 g/L | diflufénican (Diflufenican) 100.0 g/L,Blé*Désherbage,Autorisé,1.2,L/ha,
MATENO DUO,2250409,aclonifène (Aclonifen) 500.0 g/L | diflufénican (Diflufenican) 100.0 g/L,Blé*Désherbage,Autorisé,1.2,L/ha,
MATENO DUO,2250409,aclonifène (Aclonifen) 500.0 g/L | diflufénican (Diflufenican) 100.0 g/L,Orge*Désherbage,Autorisé,1.2,L/ha,
FELIN 150,2180229,fluazifop-P (Fluazifop-P) 150.0 g/L,Tournesol*Désherbage,Autorisé,2.5,L/ha,90.0
FELIN 150,2180229,fluazifop-P (Fluazifop-P) 150.0 g/L,Tournesol*Désherbage,Autorisé,1.25,L/ha,90.0
LEGADO,2161016,azoxystrobine (Azoxystrobin) 250.0 g/L,Orge*Trt Part.Aer.*Rhynchosporiose,Autorisé,1.0,L/ha,
LEGADO,2161016,azoxystrobine (Azoxystrobin) 250.0 g/L,Orge*Trt Part.Aer.*Rouille(s),Autorisé,1.0,L/ha,
LEGADO,2161016,azoxystrobine (Azoxystrobin) 250.0 g/L,Orge*Trt Part.Aer.*Rhynchosporiose,Autorisé,1.0,L/ha,
LEGADO,2161016,azoxystrobine (Azoxystrobin) 250.0 g/L,Orge*Trt Part.Aer.*Rouille(s),Autorisé,1.0,L/ha,
LEGADO,2161016,azoxystrobine (Azoxystrobin) 250.0 g/L,Orge*Trt Part.Aer.*Helminthosporiose et ramulariose,Autorisé,1.0,L/ha,
LEGADO,2161016,azoxystrobine (Azoxystrobin) 250.0 g/L,Orge*Trt Part.Aer.*Helminthosporiose et ramulariose,Autorisé,1.0,L/ha,
LEGADO,2161016,azoxystrobine (Azoxystrobin) 250.0 g/L,Blé*Trt Part.Aer.*Rouille(s),Autorisé,1.0,L/ha,
LEGADO,2161016,azoxystrobine (Azoxystrobin) 250.0 g/L,Blé*Trt Part.Aer.*Rouille(s),Autorisé,1.0,L/ha,
ONYX,2160752,pyridate (Pyridate) 600.0 g/L,Maïs*Désherbage,Autorisé,1.5,L/ha,
ONYX,2160752,pyridate (Pyridate) 600.0 g/L,Maïs doux*Désherbage,Autorisé,1.5,L/ha,42.0
ESCAPE,2250788,prothioconazole (Prothioconazole) 250.0 g/L,Blé*Trt Part.Aer.*Septoriose(s),Autorisé,0.8,L/ha,35.0
ESCAPE,2250788,prothioconazole (Prothioconazole) 250.0 g/L,Blé*Trt Part.Aer.*Piétin verse,Autorisé,0.8,L/ha,35.0
ESCAPE,2250788,prothioconazole (Prothioconazole) 250.0 g/L,Blé*Trt Part.Aer.*Oïdium(s),Autorisé,0.8,L/ha,35.0
ESCAPE,2250788,prothioconazole (Prothioconazole) 250.0 g/L,Orge*Trt Part.Aer.*Helminthosporiose et ramulariose,Autorisé,0.8,L/ha,35.0
ESCAPE,2250788,prothioconazole (Prothioconazole) 250.0 g/L,Orge*Trt Part.Aer.*Oïdium(s),Autorisé,0.8,L/ha,35.0
ESCAPE,2250788,prothioconazole (Prothioconazole) 250.0 g/L,Orge*Trt Part.Aer.*Fusarioses,Autorisé,0.8,L/ha,35.0
ESCAPE,2250788,prothioconazole (Prothioconazole) 250.0 g/L,Orge*Trt Part.Aer.*Rhynchosporiose,Autorisé,0.8,L/ha,35.0
ESCAPE,2250788,prothioconazole (Prothioconazole) 250.0 g/L,Orge*Trt Part.Aer.*Piétin verse,Autorisé,0.8,L/ha,35.0
ESCAPE,2250788,prothioconazole (Prothioconazole) 250.0 g/L,Blé*Trt Part.Aer.*Rouille(s),Autorisé,0.8,L/ha,35.0
ESCAPE,2250788,prothioconazole (Prothioconazole) 250.0 g/L,Blé*Trt Part.Aer.*Fusarioses,Autorisé,0.8,L/ha,35.0
ESCAPE,2250788,prothioconazole (Prothioconazole) 250.0 g/L,Orge*Trt Part.Aer.*Rouille(s),Autorisé,0.8,L/ha,35.0
LONPAR,8200538,"2,4-D (2,4-D) 180.73 g/L | clopyralid (Clopyralid) 46.12 g/L | MCPA (MCPA) 214.5 g/L",Orge*Désherbage,Autorisé,2.0,L/ha,
LONPAR,8200538,"2,4-D (2,4-D) 180.73 g/L | clopyralid (Clopyralid) 46.12 g/L | MCPA (MCPA) 214.5 g/L",Orge*Désherbage,Autorisé,2.0,L/ha,
LONPAR,8200538,"2,4-D (2,4-D) 180.73 g/L | clopyralid (Clopyralid) 46.12 g/L | MCPA (MCPA) 214.5 g/L",Blé*Désherbage,Autorisé,2.0,L/ha,
LONPAR,8200538,"2,4-D (2,4-D) 180.73 g/L | clopyralid (Clopyralid) 46.12 g/L | MCPA (MCPA) 214.5 g/L",Blé*Désherbage,Autorisé,2.0,L/ha,
OVISPRAY,9400496,huile de paraffine (CAS n°64742-46-7) (Paraffin oils) 800.0 g/L,Maïs doux*Trt Part.Aer.*Pucerons,Autorisé,15.0,L/ha,3.0
OVISPRAY,9400496,huile de paraffine (CAS n°64742-46-7) (Paraffin oils) 800.0 g/L,Maïs doux*Trt Part.Aer.*Aleurodes,Autorisé,10.0,L/ha,3.0
OVISPRAY,9400496,huile de paraffine (CAS n°64742-46-7) (Paraffin oils) 800.0 g/L,Maïs doux*Trt Part.Aer.*Pucerons,Autorisé,15.0,L/ha,3.0
OVISPRAY,9400496,huile de paraffine (CAS n°64742-46-7) (Paraffin oils) 800.0 g/L,Maïs doux*Trt Part.Aer.*Aleurodes,Autorisé,10.0,L/ha,3.0
OVISPRAY,9400496,huile de paraffine (CAS n°64742-46-7) (Paraffin oils) 800.0 g/L,Maïs*Trt Part.Aer.*Aleurodes,Autorisé,10.0,L/ha,3.0
OVISPRAY,9400496,huile de paraffine (CAS n°64742-46-7) (Paraffin oils) 800.0 g/L,Maïs*Trt Part.Aer.*Aleurodes,Autorisé,10.0,L/ha,1.0
ROUGIR,2260133,prothioconazole (Prothioconazole) 100.0 g/L,Blé*Trt Sem.*Champignons (autres que pythiacées),Autorisé,0.1,L/q,
ROUGIR,2260133,prothioconazole (Prothioconazole) 100.0 g/L,Orge*Trt Sem.*Champignons (autres que pythiacées),Autorisé,0.1,L/q,
INNOVATE,2110020,Nicosulfuron (Nicosulfuron) 240.0 g/L,Maïs*Désherbage,Autorisé,0.25,L/ha,
LEOPARD 120,2010427,quizalofop-P-éthyl (Quizalofop-P-ethyl) 120.0 g/L,Tournesol*Désherbage,Autorisé,1.25,L/ha,90.0
INPUT,2100056,prothioconazole (Prothioconazole) 160.0 g/L | spiroxamine (Spiroxamine) 300.0 g/L,Orge*Trt Part.Aer.*Fusariose à microdochium,Autorisé,1.25,L/ha,42.0
INPUT,2100056,prothioconazole (Prothioconazole) 160.0 g/L | spiroxamine (Spiroxamine) 300.0 g/L,Orge*Trt Part.Aer.*Fusarioses,Autorisé,1.25,L/ha,42.0
INPUT,2100056,prothioconazole (Prothioconazole) 160.0 g/L | spiroxamine (Spiroxamine) 300.0 g/L,Orge*Trt Part.Aer.*Oïdium(s),Autorisé,1.25,L/ha,42.0
INPUT,2100056,prothioconazole (Prothioconazole) 160.0 g/L | spiroxamine (Spiroxamine) 300.0 g/L,Orge*Trt Part.Aer.*Helminthosporiose et ramulariose,Autorisé,1.25,L/ha,42.0
INPUT,2100056,prothioconazole (Prothioconazole) 160.0 g/L | spiroxamine (Spiroxamine) 300.0 g/L,Orge*Trt Part.Aer.*Rhynchosporiose,Autorisé,1.25,L/ha,42.0
INPUT,2100056,prothioconazole (Prothioconazole) 160.0 g/L | spiroxamine (Spiroxamine) 300.0 g/L,Orge*Trt Part.Aer.*Rouille(s),Autorisé,1.25,L/ha,42.0
INPUT,2100056,prothioconazole (Prothioconazole) 160.0 g/L | spiroxamine (Spiroxamine) 300.0 g/L,Blé*Trt Part.Aer.*Fusariose à microdochium,Autorisé,1.25,L/ha,42.0
INPUT,2100056,prothioconazole (Prothioconazole) 160.0 g/L | spiroxamine (Spiroxamine) 300.0 g/L,Blé*Trt Part.Aer.*Fusarioses,Autorisé,1.25,L/ha,42.0
INPUT,2100056,prothioconazole (Prothioconazole) 160.0 g/L | spiroxamine (Spiroxamine) 300.0 g/L,Blé*Trt Part.Aer.*Helminthosporiose,Autorisé,1.25,L/ha,42.0
INPUT,2100056,prothioconazole (Prothioconazole) 160.0 g/L | spiroxamine (Spiroxamine) 300.0 g/L,Blé*Trt Part.Aer.*Piétin verse,Autorisé,1.25,L/ha,42.0
INPUT,2100056,prothioconazole (Prothioconazole) 160.0 g/L | spiroxamine (Spiroxamine) 300.0 g/L,Blé*Trt Part.Aer.*Oïdium(s),Autorisé,1.25,L/ha,42.0
INPUT,2100056,prothioconazole (Prothioconazole) 160.0 g/L | spiroxamine (Spiroxamine) 300.0 g/L,Blé*Trt Part.Aer.*Rouille(s),Autorisé,1.25,L/ha,42.0
INPUT,2100056,prothioconazole (Prothioconazole) 160.0 g/L | spiroxamine (Spiroxamine) 300.0 g/L,Blé*Trt Part.Aer.*Septoriose(s),Autorisé,1.25,L/ha,42.0
TOLTEK,2240046,Bacillus amyloliquefaciens ssp. plantarum souche D747  (Bacillus amyloliquefaciens subsp. plantarum D747) 10000000000 UFC/mL,Blé*Trt Sem.*Champignons (autres que pythiacées),Autorisé,0.5,L/t,
TOLTEK,2240046,Bacillus amyloliquefaciens ssp. plantarum souche D747  (Bacillus amyloliquefaciens subsp. plantarum D747) 10000000000 UFC/mL,Orge*Trt Sem.*Champignons (autres que pythiacées),Autorisé,0.5,L/t,
SAVIAL FORTE,2190158,acide phosphoreux (Potassium phosphonates) 510.0 g/L,Blé*Trt Part.Aer.*Septoriose(s),Autorisé,3.0,L/ha,56.0
DEFI MAJOR,2110151,prosulfocarbe (Prosulfocarb) 800.0 g/L | clodinafop-propargyl (Clodinafop) 10.0 g/L | cloquintocet-mexyl (Cloquintocet mexyl) 2.5 g/L,Blé*Désherbage,Autorisé,1.6,L/ha,
DEFI MAJOR,2110151,prosulfocarbe (Prosulfocarb) 800.0 g/L | clodinafop-propargyl (Clodinafop) 10.0 g/L | cloquintocet-mexyl (Cloquintocet mexyl) 2.5 g/L,Blé*Désherbage,Autorisé,1.6,L/ha,
TOMENTAN,2220302,prosulfocarbe (Prosulfocarb) 800.0 g/L,Blé*Désherbage,Autorisé,3.0,L/ha,
TOMENTAN,2220302,prosulfocarbe (Prosulfocarb) 800.0 g/L,Blé*Désherbage,Autorisé,3.0,L/ha,
FLOSUL,2160818,soufre (Sulphur) 800.0 g/L,Orge*Trt Part.Aer.*Oïdium(s),Autorisé,10.0,L/ha,35.0
FLOSUL,2160818,soufre (Sulphur) 800.0 g/L,Blé*Trt Part.Aer.*Oïdium(s),Autorisé,10.0,L/ha,35.0
FLOSUL,2160818,soufre (Sulphur) 800.0 g/L,Blé*Trt Part.Aer.*Septoriose(s),Autorisé,10.0,L/ha,35.0
CELTIC,9900340,pendiméthaline (Pendimethalin) 320.0 g/L | picolinafène (Picolinafen) 16.0 g/L,Orge*Désherbage,Autorisé,2.5,L/ha,
CELTIC,9900340,pendiméthaline (Pendimethalin) 320.0 g/L | picolinafène (Picolinafen) 16.0 g/L,Blé*Désherbage,Autorisé,2.5,L/ha,
CELTIC,9900340,pendiméthaline (Pendimethalin) 320.0 g/L | picolinafène (Picolinafen) 16.0 g/L,Orge*Désherbage,Autorisé,2.5,L/ha,
CELTIC,9900340,pendiméthaline (Pendimethalin) 320.0 g/L | picolinafène (Picolinafen) 16.0 g/L,Blé*Désherbage,Autorisé,2.5,L/ha,
GLOBAZTAR 250 SC,2220166,azoxystrobine (Azoxystrobin) 250.0 g/L,Orge*Trt Part.Aer.*Helminthosporiose et ramulariose,Autorisé,1.0,L/ha,35.0
GLOBAZTAR 250 SC,2220166,azoxystrobine (Azoxystrobin) 250.0 g/L,Orge*Trt Part.Aer.*Rhynchosporiose,Autorisé,1.0,L/ha,35.0
GLOBAZTAR 250 SC,2220166,azoxystrobine (Azoxystrobin) 250.0 g/L,Orge*Trt Part.Aer.*Rouille(s),Autorisé,1.0,L/ha,35.0
GLOBAZTAR 250 SC,2220166,azoxystrobine (Azoxystrobin) 250.0 g/L,Blé*Trt Part.Aer.*Rouille(s),Autorisé,1.0,L/ha,35.0
TEMSA 480,2190080,mésotrione (Mesotrione) 480.0 g/L,Maïs*Désherbage,Autorisé,0.3,L/ha,
TEMSA 480,2190080,mésotrione (Mesotrione) 480.0 g/L,Maïs*Désherbage,Autorisé,0.3,L/ha,
TEMSA 480,2190080,mésotrione (Mesotrione) 480.0 g/L,Maïs*Désherbage,Autorisé,0.3,L/ha,
IMPETUS,2190590,florasulame (Florasulam) 20.0 g/kg | diflufénicanil (Diflufenican) 400.0 g/kg,Orge*Désherbage,Autorisé,0.2,kg/ha,
IMPETUS,2190590,florasulame (Florasulam) 20.0 g/kg | diflufénicanil (Diflufenican) 400.0 g/kg,Orge*Désherbage,Autorisé,0.2,kg/ha,
IMPETUS,2190590,florasulame (Florasulam) 20.0 g/kg | diflufénicanil (Diflufenican) 400.0 g/kg,Blé*Désherbage,Autorisé,0.2,kg/ha,
IMPETUS,2190590,florasulame (Florasulam) 20.0 g/kg | diflufénicanil (Diflufenican) 400.0 g/kg,Blé*Désherbage,Autorisé,0.2,kg/ha,
ZEPPOS,2220619,Iodosulfuron (Iodosulfuron) 6.0 g/kg | mésosulfuron (Mesosulfuron) 30.0 g/kg | méfenpyr-diéthyl (Mefenpyr) 90.0 g/kg,Blé*Désherbage,Autorisé,480.0,g/ha,
ZEPPOS,2220619,Iodosulfuron (Iodosulfuron) 6.0 g/kg | mésosulfuron (Mesosulfuron) 30.0 g/kg | méfenpyr-diéthyl (Mefenpyr) 90.0 g/kg,Blé*Désherbage,Autorisé,300.0,g/ha,
TEMSA 100,2150785,mésotrione (Mesotrione) 100.0 g/L,Maïs doux*Désherbage,Autorisé,0.75,L/ha,
TEMSA 100,2150785,mésotrione (Mesotrione) 100.0 g/L,Maïs*Désherbage,Autorisé,1.5,L/ha,
TEMSA 100,2150785,mésotrione (Mesotrione) 100.0 g/L,Maïs*Désherbage,Autorisé,0.75,L/ha,
TEMSA 100,2150785,mésotrione (Mesotrione) 100.0 g/L,Maïs*Désherbage,Autorisé,1.5,L/ha,
LIFE SCIENTIFIC METCONAZOLE 90,2140175,metconazole (Metconazole) 90.0 g/L,Orge*Trt Part.Aer.*Oïdium(s),Autorisé,1.0,L/ha,35.0
LIFE SCIENTIFIC METCONAZOLE 90,2140175,metconazole (Metconazole) 90.0 g/L,Orge*Trt Part.Aer.*Rhynchosporiose,Autorisé,1.0,L/ha,35.0
LIFE SCIENTIFIC METCONAZOLE 90,2140175,metconazole (Metconazole) 90.0 g/L,Orge*Trt Part.Aer.*Rouille(s),Autorisé,1.0,L/ha,35.0
LIFE SCIENTIFIC METCONAZOLE 90,2140175,metconazole (Metconazole) 90.0 g/L,Blé*Trt Part.Aer.*Rouille(s),Autorisé,1.0,L/ha,35.0
LIFE SCIENTIFIC METCONAZOLE 90,2140175,metconazole (Metconazole) 90.0 g/L,Blé*Trt Part.Aer.*Oïdium(s),Autorisé,1.0,L/ha,35.0
LIFE SCIENTIFIC METCONAZOLE 90,2140175,metconazole (Metconazole) 90.0 g/L,Blé*Trt Part.Aer.*Fusarioses,Autorisé,1.0,L/ha,35.0
LIFE SCIENTIFIC METCONAZOLE 90,2140175,metconazole (Metconazole) 90.0 g/L,Blé*Trt Part.Aer.*Septoriose(s),Autorisé,1.0,L/ha,35.0
AMISTAR,9600093,azoxystrobine (Azoxystrobin) 250.0 g/L,Maïs*Trt Part.Aer.*Rouille(s),Autorisé,1.0,L/ha,
AMISTAR,9600093,azoxystrobine (Azoxystrobin) 250.0 g/L,Maïs doux*Trt Part.Aer.*Maladies des taches foliaires,Autorisé,1.0,L/ha,
AMISTAR,9600093,azoxystrobine (Azoxystrobin) 250.0 g/L,Maïs*Trt Part.Aer.*Maladies des taches foliaires,Autorisé,1.0,L/ha,
AMISTAR,9600093,azoxystrobine (Azoxystrobin) 250.0 g/L,Maïs*Trt Sol*Champignons (autres que pythiacées),Autorisé,1.0,L/ha,
AMISTAR,9600093,azoxystrobine (Azoxystrobin) 250.0 g/L,Orge*Trt Part.Aer.*Helminthosporiose et ramulariose,Autorisé,1.0,L/ha,
AMISTAR,9600093,azoxystrobine (Azoxystrobin) 250.0 g/L,Orge*Trt Part.Aer.*Rhynchosporiose,Autorisé,1.0,L/ha,
AMISTAR,9600093,azoxystrobine (Azoxystrobin) 250.0 g/L,Orge*Trt Part.Aer.*Rouille(s),Autorisé,1.0,L/ha,
AMISTAR,9600093,azoxystrobine (Azoxystrobin) 250.0 g/L,Blé*Trt Part.Aer.*Helminthosporiose,Autorisé,1.0,L/ha,
AMISTAR,9600093,azoxystrobine (Azoxystrobin) 250.0 g/L,Blé*Trt Part.Aer.*Rouille(s),Autorisé,1.0,L/ha,
YONAO,2211112,florasulame (Florasulam) 250.0 g/kg,Orge*Désherbage,Autorisé,25.0,g/ha,
YONAO,2211112,florasulame (Florasulam) 250.0 g/kg,Orge*Désherbage,Autorisé,25.0,g/ha,
YONAO,2211112,florasulame (Florasulam) 250.0 g/kg,Blé*Désherbage,Autorisé,25.0,g/ha,
YONAO,2211112,florasulame (Florasulam) 250.0 g/kg,Blé*Désherbage,Autorisé,25.0,g/ha,
RATIO SX,2110093,tribénuron-méthyl (Tribenuron) 100.0 g/kg | thifensulfuron-méthyl (Thifensulfuron-methyl) 400.0 g/kg,Orge*Désherbage,Autorisé,0.1,kg/ha,
RATIO SX,2110093,tribénuron-méthyl (Tribenuron) 100.0 g/kg | thifensulfuron-méthyl (Thifensulfuron-methyl) 400.0 g/kg,Orge*Désherbage,Autorisé,0.15,kg/ha,
RATIO SX,2110093,tribénuron-méthyl (Tribenuron) 100.0 g/kg | thifensulfuron-méthyl (Thifensulfuron-methyl) 400.0 g/kg,Blé*Désherbage,Autorisé,0.1,kg/ha,
RATIO SX,2110093,tribénuron-méthyl (Tribenuron) 100.0 g/kg | thifensulfuron-méthyl (Thifensulfuron-methyl) 400.0 g/kg,Blé*Désherbage,Autorisé,0.15,kg/ha,
HINT,2210571,spiroxamine (Spiroxamine) 300.0 g/L | prothioconazole (Prothioconazole) 160.0 g/L,Blé*Trt Part.Aer.*Fusariose à microdochium,Autorisé,1.25,L/ha,42.0
HINT,2210571,spiroxamine (Spiroxamine) 300.0 g/L | prothioconazole (Prothioconazole) 160.0 g/L,Blé*Trt Part.Aer.*Fusarioses,Autorisé,1.25,L/ha,42.0
HINT,2210571,spiroxamine (Spiroxamine) 300.0 g/L | prothioconazole (Prothioconazole) 160.0 g/L,Blé*Trt Part.Aer.*Helminthosporiose,Autorisé,1.25,L/ha,42.0
HINT,2210571,spiroxamine (Spiroxamine) 300.0 g/L | prothioconazole (Prothioconazole) 160.0 g/L,Blé*Trt Part.Aer.*Oïdium(s),Autorisé,1.25,L/ha,42.0
HINT,2210571,spiroxamine (Spiroxamine) 300.0 g/L | prothioconazole (Prothioconazole) 160.0 g/L,Blé*Trt Part.Aer.*Piétin verse,Autorisé,1.25,L/ha,42.0
HINT,2210571,spiroxamine (Spiroxamine) 300.0 g/L | prothioconazole (Prothioconazole) 160.0 g/L,Blé*Trt Part.Aer.*Rouille(s),Autorisé,1.25,L/ha,42.0
HINT,2210571,spiroxamine (Spiroxamine) 300.0 g/L | prothioconazole (Prothioconazole) 160.0 g/L,Blé*Trt Part.Aer.*Septoriose(s),Autorisé,1.25,L/ha,42.0
HINT,2210571,spiroxamine (Spiroxamine) 300.0 g/L | prothioconazole (Prothioconazole) 160.0 g/L,Orge*Trt Part.Aer.*Fusariose à microdochium,Autorisé,1.25,L/ha,42.0
HINT,2210571,spiroxamine (Spiroxamine) 300.0 g/L | prothioconazole (Prothioconazole) 160.0 g/L,Orge*Trt Part.Aer.*Fusarioses,Autorisé,1.25,L/ha,42.0
HINT,2210571,spiroxamine (Spiroxamine) 300.0 g/L | prothioconazole (Prothioconazole) 160.0 g/L,Orge*Trt Part.Aer.*Helminthosporiose et ramulariose,Autorisé,1.25,L/ha,42.0
HINT,2210571,spiroxamine (Spiroxamine) 300.0 g/L | prothioconazole (Prothioconazole) 160.0 g/L,Orge*Trt Part.Aer.*Oïdium(s),Autorisé,1.25,L/ha,42.0
HINT,2210571,spiroxamine (Spiroxamine) 300.0 g/L | prothioconazole (Prothioconazole) 160.0 g/L,Orge*Trt Part.Aer.*Rhynchosporiose,Autorisé,1.25,L/ha,42.0
HINT,2210571,spiroxamine (Spiroxamine) 300.0 g/L | prothioconazole (Prothioconazole) 160.0 g/L,Orge*Trt Part.Aer.*Rouille(s),Autorisé,1.25,L/ha,42.0
MYSTIC EW,2100018,tébuconazole (Tebuconazole) 250.0 g/L,Orge*Trt Part.Aer.*Helminthosporiose et ramulariose,Autorisé,1.0,L/ha,
MYSTIC EW,2100018,tébuconazole (Tebuconazole) 250.0 g/L,Orge*Trt Part.Aer.*Oïdium(s),Autorisé,1.0,L/ha,
MYSTIC EW,2100018,tébuconazole (Tebuconazole) 250.0 g/L,Orge*Trt Part.Aer.*Rhynchosporiose,Autorisé,1.0,L/ha,
MYSTIC EW,2100018,tébuconazole (Tebuconazole) 250.0 g/L,Orge*Trt Part.Aer.*Rouille(s),Autorisé,1.0,L/ha,
MYSTIC EW,2100018,tébuconazole (Tebuconazole) 250.0 g/L,Blé*Trt Part.Aer.*Fusarioses,Autorisé,1.0,L/ha,
MYSTIC EW,2100018,tébuconazole (Tebuconazole) 250.0 g/L,Blé*Trt Part.Aer.*Oïdium(s),Autorisé,1.0,L/ha,
MYSTIC EW,2100018,tébuconazole (Tebuconazole) 250.0 g/L,Blé*Trt Part.Aer.*Rouille(s),Autorisé,1.0,L/ha,
MYSTIC EW,2100018,tébuconazole (Tebuconazole) 250.0 g/L,Blé*Trt Part.Aer.*Septoriose(s),Autorisé,1.0,L/ha,
BRIVELA,2210556,fluxapyroxade (Fluxapyroxad) 75.0 g/L | difénoconazole (Difenoconazole) 50.0 g/L,Blé*Trt Part.Aer.*Rouille(s),Autorisé,1.5,L/ha,
BRIVELA,2210556,fluxapyroxade (Fluxapyroxad) 75.0 g/L | difénoconazole (Difenoconazole) 50.0 g/L,Blé*Trt Part.Aer.*Septoriose(s),Autorisé,1.5,L/ha,
BUGUIS,2171120,clodinafop-propargyl (Clodinafop) 95.0 g/L | cloquintocet-mexyl (Cloquintocet mexyl) 25.0 g/L,Blé*Désherbage,Autorisé,0.63,L/ha,
VIBRANCE DUO,2170459,sédaxane (Sedaxane) 25.0 g/L | fludioxonil (Fludioxonil) 25.0 g/L,Orge*Trt Sem.*Champignons (autres que pythiacées),Autorisé,0.2,L/q,
VIBRANCE DUO,2170459,sédaxane (Sedaxane) 25.0 g/L | fludioxonil (Fludioxonil) 25.0 g/L,Blé*Trt Sem.*Champignons (autres que pythiacées),Autorisé,0.2,L/q,
ZANTARA EASY,2250140,prothioconazole (Prothioconazole) 150.0 g/L | bixafène (Bixafen) 75.0 g/L,Blé*Trt Part.Aer.*Rouille(s),Autorisé,1.25,L/ha,
ZANTARA EASY,2250140,prothioconazole (Prothioconazole) 150.0 g/L | bixafène (Bixafen) 75.0 g/L,Blé*Trt Part.Aer.*Septoriose(s),Autorisé,1.25,L/ha,
ZANTARA EASY,2250140,prothioconazole (Prothioconazole) 150.0 g/L | bixafène (Bixafen) 75.0 g/L,Blé*Trt Part.Aer.*Fusariose à microdochium,Autorisé,1.25,L/ha,
ZANTARA EASY,2250140,prothioconazole (Prothioconazole) 150.0 g/L | bixafène (Bixafen) 75.0 g/L,Orge*Trt Part.Aer.*Piétin verse,Autorisé,1.0,L/ha,
ZANTARA EASY,2250140,prothioconazole (Prothioconazole) 150.0 g/L | bixafène (Bixafen) 75.0 g/L,Orge*Trt Part.Aer.*Rouille(s),Autorisé,1.0,L/ha,
ZANTARA EASY,2250140,prothioconazole (Prothioconazole) 150.0 g/L | bixafène (Bixafen) 75.0 g/L,Orge*Trt Part.Aer.*Rhynchosporiose,Autorisé,1.0,L/ha,
ZANTARA EASY,2250140,prothioconazole (Prothioconazole) 150.0 g/L | bixafène (Bixafen) 75.0 g/L,Orge*Trt Part.Aer.*Fusariose à microdochium,Autorisé,1.0,L/ha,
ZANTARA EASY,2250140,prothioconazole (Prothioconazole) 150.0 g/L | bixafène (Bixafen) 75.0 g/L,Orge*Trt Part.Aer.*Oïdium(s),Autorisé,1.0,L/ha,
ZANTARA EASY,2250140,prothioconazole (Prothioconazole) 150.0 g/L | bixafène (Bixafen) 75.0 g/L,Orge*Trt Part.Aer.*Helminthosporiose et ramulariose,Autorisé,1.0,L/ha,
ZANTARA EASY,2250140,prothioconazole (Prothioconazole) 150.0 g/L | bixafène (Bixafen) 75.0 g/L,Blé*Trt Part.Aer.*Piétin verse,Autorisé,1.25,L/ha,
ZANTARA EASY,2250140,prothioconazole (Prothioconazole) 150.0 g/L | bixafène (Bixafen) 75.0 g/L,Blé*Trt Part.Aer.*Oïdium(s),Autorisé,1.25,L/ha,
ZANTARA EASY,2250140,prothioconazole (Prothioconazole) 150.0 g/L | bixafène (Bixafen) 75.0 g/L,Blé*Trt Part.Aer.*Helminthosporiose,Autorisé,1.25,L/ha,
ZANTARA EASY,2250140,prothioconazole (Prothioconazole) 150.0 g/L | bixafène (Bixafen) 75.0 g/L,Blé*Trt Part.Aer.*Fusarioses,Autorisé,1.25,L/ha,
ZANTARA EASY,2250140,prothioconazole (Prothioconazole) 150.0 g/L | bixafène (Bixafen) 75.0 g/L,Orge*Trt Part.Aer.*Fusarioses,Autorisé,1.0,L/ha,
AMORCE,2210061,"florasulame (Florasulam) 5.0 g/L | 2,4-D (2,4-D) 180.0 g/L | aminopyralide (Aminopyralid) 10.0 g/L",Orge*Désherbage,Autorisé,0.5,L/ha,
AMORCE,2210061,"florasulame (Florasulam) 5.0 g/L | 2,4-D (2,4-D) 180.0 g/L | aminopyralide (Aminopyralid) 10.0 g/L",Blé*Désherbage,Autorisé,0.5,L/ha,
C5SUN,9300396,chlorméquat (Chlormequat) 460.0 g/L,Blé*Trt Part.Aer.*Régul. Croiss. Org. Aériens,Autorisé,2.0,L/ha,
SULA,2220053,sulcotrione (Sulcotrione) 300.0 g/L,Maïs*Désherbage,Autorisé,1.5,L/ha,
SULA,2220053,sulcotrione (Sulcotrione) 300.0 g/L,Maïs doux*Désherbage,Autorisé,1.0,L/ha,
ECHIQUIER,2190265,hydrogénocarbonate de potassium (Potassium hydrogen carbonate) 850.0 g/kg,Blé*Trt Part.Aer.*Fusarioses,Autorisé,5.0,kg/ha,
ECHIQUIER,2190265,hydrogénocarbonate de potassium (Potassium hydrogen carbonate) 850.0 g/kg,Blé*Trt Part.Aer.*Septoriose(s),Autorisé,5.0,kg/ha,
ECHIQUIER,2190265,hydrogénocarbonate de potassium (Potassium hydrogen carbonate) 850.0 g/kg,Blé*Trt Part.Aer.*Rouille(s),Autorisé,5.0,kg/ha,
LATIFAM EXTRA,2210731,silthiofame (Silthiofam) 125.0 g/L | fludioxonil (Fludioxonil) 25.0 g/L,Orge*Trt Sem.*Champignons (autres que pythiacées),Autorisé,2.0,L/t,
LATIFAM EXTRA,2210731,silthiofame (Silthiofam) 125.0 g/L | fludioxonil (Fludioxonil) 25.0 g/L,Blé*Trt Sem.*Champignons (autres que pythiacées),Autorisé,2.0,L/t,
HELIOSOUFRE S,9000222,soufre (Sulphur) 700.0 g/L,Orge*Trt Part.Aer.*Oïdium(s),Autorisé,6.0,L/ha,3.0
HELIOSOUFRE S,9000222,soufre (Sulphur) 700.0 g/L,Blé*Trt Part.Aer.*Oïdium(s),Autorisé,6.0,L/ha,3.0
HELIOSOUFRE S,9000222,soufre (Sulphur) 700.0 g/L,Blé*Trt Part.Aer.*Septoriose(s),Autorisé,6.0,L/ha,
U 46 M BASF,8000084,MCPA sels d'amine et de potassium (MCPA) 490.0 g/L,Orge*Désherbage,Autorisé,2.0,L/ha,
U 46 M BASF,8000084,MCPA sels d'amine et de potassium (MCPA) 490.0 g/L,Blé*Désherbage,Autorisé,2.0,L/ha,
LUTECE,2230581,aclonifène (Aclonifen) 600.0 g/L,Tournesol*Désherbage,Autorisé,4.0,L/ha,
MACHO 480 SL,2180233,dicamba (Dicamba) 480.0 g/L,Maïs*Désherbage,Autorisé,0.6,L/ha,
PADELLI,2250352,spiroxamine (Spiroxamine) 300.0 g/L | prothioconazole (Prothioconazole) 160.0 g/L,Blé*Trt Part.Aer.*Fusariose à microdochium,Autorisé,1.25,L/ha,42.0
PADELLI,2250352,spiroxamine (Spiroxamine) 300.0 g/L | prothioconazole (Prothioconazole) 160.0 g/L,Blé*Trt Part.Aer.*Fusarioses,Autorisé,1.25,L/ha,42.0
PADELLI,2250352,spiroxamine (Spiroxamine) 300.0 g/L | prothioconazole (Prothioconazole) 160.0 g/L,Blé*Trt Part.Aer.*Helminthosporiose,Autorisé,1.25,L/ha,42.0
PADELLI,2250352,spiroxamine (Spiroxamine) 300.0 g/L | prothioconazole (Prothioconazole) 160.0 g/L,Blé*Trt Part.Aer.*Oïdium(s),Autorisé,1.25,L/ha,42.0
PADELLI,2250352,spiroxamine (Spiroxamine) 300.0 g/L | prothioconazole (Prothioconazole) 160.0 g/L,Blé*Trt Part.Aer.*Piétin verse,Autorisé,1.25,L/ha,42.0
PADELLI,2250352,spiroxamine (Spiroxamine) 300.0 g/L | prothioconazole (Prothioconazole) 160.0 g/L,Blé*Trt Part.Aer.*Rouille(s),Autorisé,1.25,L/ha,42.0
PADELLI,2250352,spiroxamine (Spiroxamine) 300.0 g/L | prothioconazole (Prothioconazole) 160.0 g/L,Blé*Trt Part.Aer.*Septoriose(s),Autorisé,1.25,L/ha,42.0
PADELLI,2250352,spiroxamine (Spiroxamine) 300.0 g/L | prothioconazole (Prothioconazole) 160.0 g/L,Orge*Trt Part.Aer.*Fusariose à microdochium,Autorisé,1.25,L/ha,42.0
PADELLI,2250352,spiroxamine (Spiroxamine) 300.0 g/L | prothioconazole (Prothioconazole) 160.0 g/L,Orge*Trt Part.Aer.*Fusarioses,Autorisé,1.25,L/ha,42.0
PADELLI,2250352,spiroxamine (Spiroxamine) 300.0 g/L | prothioconazole (Prothioconazole) 160.0 g/L,Orge*Trt Part.Aer.*Helminthosporiose et ramulariose,Autorisé,1.25,L/ha,42.0
PADELLI,2250352,spiroxamine (Spiroxamine) 300.0 g/L | prothioconazole (Prothioconazole) 160.0 g/L,Orge*Trt Part.Aer.*Oïdium(s),Autorisé,1.25,L/ha,42.0
PADELLI,2250352,spiroxamine (Spiroxamine) 300.0 g/L | prothioconazole (Prothioconazole) 160.0 g/L,Orge*Trt Part.Aer.*Rhynchosporiose,Autorisé,1.25,L/ha,42.0
PADELLI,2250352,spiroxamine (Spiroxamine) 300.0 g/L | prothioconazole (Prothioconazole) 160.0 g/L,Orge*Trt Part.Aer.*Rouille(s),Autorisé,1.25,L/ha,42.0
VARIANO XPRO,2150051,bixafène (Bixafen) 40.0 g/L | prothioconazole (Prothioconazole) 100.0 g/L | fluoxastrobine (Fluoxastrobin) 50.0 g/L,Orge*Trt Part.Aer.*Piétin verse,Autorisé,1.5,L/ha,
VARIANO XPRO,2150051,bixafène (Bixafen) 40.0 g/L | prothioconazole (Prothioconazole) 100.0 g/L | fluoxastrobine (Fluoxastrobin) 50.0 g/L,Orge*Trt Part.Aer.*Fusarioses,Autorisé,1.5,L/ha,
VARIANO XPRO,2150051,bixafène (Bixafen) 40.0 g/L | prothioconazole (Prothioconazole) 100.0 g/L | fluoxastrobine (Fluoxastrobin) 50.0 g/L,Orge*Trt Part.Aer.*Fusariose à microdochium,Autorisé,1.5,L/ha,
VARIANO XPRO,2150051,bixafène (Bixafen) 40.0 g/L | prothioconazole (Prothioconazole) 100.0 g/L | fluoxastrobine (Fluoxastrobin) 50.0 g/L,Orge*Trt Part.Aer.*Rouille(s),Autorisé,1.5,L/ha,
VARIANO XPRO,2150051,bixafène (Bixafen) 40.0 g/L | prothioconazole (Prothioconazole) 100.0 g/L | fluoxastrobine (Fluoxastrobin) 50.0 g/L,Orge*Trt Part.Aer.*Oïdium(s),Autorisé,1.5,L/ha,
VARIANO XPRO,2150051,bixafène (Bixafen) 40.0 g/L | prothioconazole (Prothioconazole) 100.0 g/L | fluoxastrobine (Fluoxastrobin) 50.0 g/L,Orge*Trt Part.Aer.*Rhynchosporiose,Autorisé,1.5,L/ha,
VARIANO XPRO,2150051,bixafène (Bixafen) 40.0 g/L | prothioconazole (Prothioconazole) 100.0 g/L | fluoxastrobine (Fluoxastrobin) 50.0 g/L,Orge*Trt Part.Aer.*Helminthosporiose et ramulariose,Autorisé,1.5,L/ha,
VARIANO XPRO,2150051,bixafène (Bixafen) 40.0 g/L | prothioconazole (Prothioconazole) 100.0 g/L | fluoxastrobine (Fluoxastrobin) 50.0 g/L,Blé*Trt Part.Aer.*Fusariose à microdochium,Autorisé,1.75,L/ha,
VARIANO XPRO,2150051,bixafène (Bixafen) 40.0 g/L | prothioconazole (Prothioconazole) 100.0 g/L | fluoxastrobine (Fluoxastrobin) 50.0 g/L,Blé*Trt Part.Aer.*Fusarioses,Autorisé,1.75,L/ha,
VARIANO XPRO,2150051,bixafène (Bixafen) 40.0 g/L | prothioconazole (Prothioconazole) 100.0 g/L | fluoxastrobine (Fluoxastrobin) 50.0 g/L,Blé*Trt Part.Aer.*Helminthosporiose,Autorisé,1.75,L/ha,
VARIANO XPRO,2150051,bixafène (Bixafen) 40.0 g/L | prothioconazole (Prothioconazole) 100.0 g/L | fluoxastrobine (Fluoxastrobin) 50.0 g/L,Blé*Trt Part.Aer.*Oïdium(s),Autorisé,1.75,L/ha,
VARIANO XPRO,2150051,bixafène (Bixafen) 40.0 g/L | prothioconazole (Prothioconazole) 100.0 g/L | fluoxastrobine (Fluoxastrobin) 50.0 g/L,Blé*Trt Part.Aer.*Piétin verse,Autorisé,1.75,L/ha,
VARIANO XPRO,2150051,bixafène (Bixafen) 40.0 g/L | prothioconazole (Prothioconazole) 100.0 g/L | fluoxastrobine (Fluoxastrobin) 50.0 g/L,Blé*Trt Part.Aer.*Rouille(s),Autorisé,1.75,L/ha,
VARIANO XPRO,2150051,bixafène (Bixafen) 40.0 g/L | prothioconazole (Prothioconazole) 100.0 g/L | fluoxastrobine (Fluoxastrobin) 50.0 g/L,Blé*Trt Part.Aer.*Septoriose(s),Autorisé,1.75,L/ha,
PRIMA STAR,2110103,tribénuron-méthyl (Tribenuron) 750.0 g/kg,Orge*Désherbage,Autorisé,0.03,kg/ha,
PRIMA STAR,2110103,tribénuron-méthyl (Tribenuron) 750.0 g/kg,Orge*Désherbage,Autorisé,0.02,kg/ha,
PRIMA STAR,2110103,tribénuron-méthyl (Tribenuron) 750.0 g/kg,Orge*Désherbage,Autorisé,0.03,kg/ha,
PRIMA STAR,2110103,tribénuron-méthyl (Tribenuron) 750.0 g/kg,Blé*Désherbage,Autorisé,0.02,kg/ha,
PRIMA STAR,2110103,tribénuron-méthyl (Tribenuron) 750.0 g/kg,Blé*Désherbage,Autorisé,0.03,kg/ha,
PRIMA STAR,2110103,tribénuron-méthyl (Tribenuron) 750.0 g/kg,Blé*Désherbage,Autorisé,0.03,kg/ha,
ROXY 800,2210192,prosulfocarbe (Prosulfocarb) 800.0 g/L,Orge*Désherbage,Autorisé,3.0,L/ha,
ROXY 800,2210192,prosulfocarbe (Prosulfocarb) 800.0 g/L,Blé*Désherbage,Autorisé,3.0,L/ha,
ROXY 800,2210192,prosulfocarbe (Prosulfocarb) 800.0 g/L,Blé*Désherbage,Autorisé,3.0,L/ha,
OUTAWAK,2220110,bixafène (Bixafen) 65.0 g/L | prothioconazole (Prothioconazole) 130.0 g/L | fluopyram (Fluopyram) 65.0 g/L,Blé*Trt Part.Aer.*Oïdium(s),Autorisé,1.5,L/ha,
OUTAWAK,2220110,bixafène (Bixafen) 65.0 g/L | prothioconazole (Prothioconazole) 130.0 g/L | fluopyram (Fluopyram) 65.0 g/L,Orge*Trt Part.Aer.*Rhynchosporiose,Autorisé,1.2,L/ha,
OUTAWAK,2220110,bixafène (Bixafen) 65.0 g/L | prothioconazole (Prothioconazole) 130.0 g/L | fluopyram (Fluopyram) 65.0 g/L,Orge*Trt Part.Aer.*Helminthosporiose et ramulariose,Autorisé,1.2,L/ha,
OUTAWAK,2220110,bixafène (Bixafen) 65.0 g/L | prothioconazole (Prothioconazole) 130.0 g/L | fluopyram (Fluopyram) 65.0 g/L,Blé*Trt Part.Aer.*Autres maladies du pied,Autorisé,1.5,L/ha,
OUTAWAK,2220110,bixafène (Bixafen) 65.0 g/L | prothioconazole (Prothioconazole) 130.0 g/L | fluopyram (Fluopyram) 65.0 g/L,Orge*Trt Part.Aer.*Fusarioses,Autorisé,1.2,L/ha,
OUTAWAK,2220110,bixafène (Bixafen) 65.0 g/L | prothioconazole (Prothioconazole) 130.0 g/L | fluopyram (Fluopyram) 65.0 g/L,Blé*Trt Part.Aer.*Rouille(s),Autorisé,1.5,L/ha,
OUTAWAK,2220110,bixafène (Bixafen) 65.0 g/L | prothioconazole (Prothioconazole) 130.0 g/L | fluopyram (Fluopyram) 65.0 g/L,Orge*Trt Part.Aer.*Rouille(s),Autorisé,1.2,L/ha,
OUTAWAK,2220110,bixafène (Bixafen) 65.0 g/L | prothioconazole (Prothioconazole) 130.0 g/L | fluopyram (Fluopyram) 65.0 g/L,Blé*Trt Part.Aer.*Septoriose(s),Autorisé,1.5,L/ha,
OUTAWAK,2220110,bixafène (Bixafen) 65.0 g/L | prothioconazole (Prothioconazole) 130.0 g/L | fluopyram (Fluopyram) 65.0 g/L,Orge*Trt Part.Aer.*Piétin verse,Autorisé,1.2,L/ha,
OUTAWAK,2220110,bixafène (Bixafen) 65.0 g/L | prothioconazole (Prothioconazole) 130.0 g/L | fluopyram (Fluopyram) 65.0 g/L,Blé*Trt Part.Aer.*Piétin verse,Autorisé,1.5,L/ha,
OUTAWAK,2220110,bixafène (Bixafen) 65.0 g/L | prothioconazole (Prothioconazole) 130.0 g/L | fluopyram (Fluopyram) 65.0 g/L,Orge*Trt Part.Aer.*Fusariose à microdochium,Autorisé,1.2,L/ha,
OUTAWAK,2220110,bixafène (Bixafen) 65.0 g/L | prothioconazole (Prothioconazole) 130.0 g/L | fluopyram (Fluopyram) 65.0 g/L,Blé*Trt Part.Aer.*Helminthosporiose,Autorisé,1.5,L/ha,
OUTAWAK,2220110,bixafène (Bixafen) 65.0 g/L | prothioconazole (Prothioconazole) 130.0 g/L | fluopyram (Fluopyram) 65.0 g/L,Blé*Trt Part.Aer.*Fusarioses,Autorisé,1.5,L/ha,
OUTAWAK,2220110,bixafène (Bixafen) 65.0 g/L | prothioconazole (Prothioconazole) 130.0 g/L | fluopyram (Fluopyram) 65.0 g/L,Blé*Trt Part.Aer.*Fusariose à microdochium,Autorisé,1.5,L/ha,
OUTAWAK,2220110,bixafène (Bixafen) 65.0 g/L | prothioconazole (Prothioconazole) 130.0 g/L | fluopyram (Fluopyram) 65.0 g/L,Orge*Trt Part.Aer.*Oïdium(s),Autorisé,1.2,L/ha,
ROTATE SC,2160749,soufre (Sulphur) 700.0 g/L | Tebuconazole (Tebuconazole) 45.0 g/L,Blé*Trt Part.Aer.*Fusarioses,Autorisé,5.0,L/ha,35.0
ROTATE SC,2160749,soufre (Sulphur) 700.0 g/L | Tebuconazole (Tebuconazole) 45.0 g/L,Blé*Trt Part.Aer.*Oïdium(s),Autorisé,5.0,L/ha,35.0
ROTATE SC,2160749,soufre (Sulphur) 700.0 g/L | Tebuconazole (Tebuconazole) 45.0 g/L,Blé*Trt Part.Aer.*Rouille(s),Autorisé,5.0,L/ha,35.0
ROTATE SC,2160749,soufre (Sulphur) 700.0 g/L | Tebuconazole (Tebuconazole) 45.0 g/L,Blé*Trt Part.Aer.*Septoriose(s),Autorisé,5.0,L/ha,35.0
AVASTEL,2240236,prothioconazole (Prothioconazole) 150.0 g/L | fluxapyroxade (Fluxapyroxad) 75.0 g/L,Blé*Trt Part.Aer.*Fusarioses,Autorisé,1.25,L/ha,
AVASTEL,2240236,prothioconazole (Prothioconazole) 150.0 g/L | fluxapyroxade (Fluxapyroxad) 75.0 g/L,Blé*Trt Part.Aer.*Rouille(s),Autorisé,1.25,L/ha,
AVASTEL,2240236,prothioconazole (Prothioconazole) 150.0 g/L | fluxapyroxade (Fluxapyroxad) 75.0 g/L,Blé*Trt Part.Aer.*Helminthosporiose,Autorisé,1.25,L/ha,
AVASTEL,2240236,prothioconazole (Prothioconazole) 150.0 g/L | fluxapyroxade (Fluxapyroxad) 75.0 g/L,Blé*Trt Part.Aer.*Fusariose à microdochium,Autorisé,1.25,L/ha,
AVASTEL,2240236,prothioconazole (Prothioconazole) 150.0 g/L | fluxapyroxade (Fluxapyroxad) 75.0 g/L,Orge*Trt Part.Aer.*Rouille(s),Autorisé,1.25,L/ha,
AVASTEL,2240236,prothioconazole (Prothioconazole) 150.0 g/L | fluxapyroxade (Fluxapyroxad) 75.0 g/L,Orge*Trt Part.Aer.*Helminthosporiose et ramulariose,Autorisé,1.25,L/ha,
AVASTEL,2240236,prothioconazole (Prothioconazole) 150.0 g/L | fluxapyroxade (Fluxapyroxad) 75.0 g/L,Blé*Trt Part.Aer.*Septoriose(s),Autorisé,1.25,L/ha,
AVASTEL,2240236,prothioconazole (Prothioconazole) 150.0 g/L | fluxapyroxade (Fluxapyroxad) 75.0 g/L,Orge*Trt Part.Aer.*Rhynchosporiose,Autorisé,1.25,L/ha,
BOILER 800,2210230,prosulfocarbe (Prosulfocarb) 800.0 g/L,Orge*Désherbage,Autorisé,3.0,L/ha,
BOILER 800,2210230,prosulfocarbe (Prosulfocarb) 800.0 g/L,Blé*Désherbage,Autorisé,3.0,L/ha,
BOILER 800,2210230,prosulfocarbe (Prosulfocarb) 800.0 g/L,Blé*Désherbage,Autorisé,3.0,L/ha,
OBELISK,2220620,iodosulfuron-méthyl-sodium (Iodosulfuron) 6.0 g/kg | méfenpyr-diéthyl (Mefenpyr) 90.0 g/kg | mésosulfuron-méthyl (Mesosulfuron) 30.0 g/kg,Blé*Désherbage,Autorisé,480.0,g/ha,
OBELISK,2220620,iodosulfuron-méthyl-sodium (Iodosulfuron) 6.0 g/kg | méfenpyr-diéthyl (Mefenpyr) 90.0 g/kg | mésosulfuron-méthyl (Mesosulfuron) 30.0 g/kg,Blé*Désherbage,Autorisé,300.0,g/ha,
FAETON XF,2190946,soufre micronisé (Sulphur) 800.0 g/L,Orge*Trt Part.Aer.*Oïdium(s),Autorisé,10.0,L/ha,35.0
FAETON XF,2190946,soufre micronisé (Sulphur) 800.0 g/L,Blé*Trt Part.Aer.*Oïdium(s),Autorisé,10.0,L/ha,35.0
FAETON XF,2190946,soufre micronisé (Sulphur) 800.0 g/L,Blé*Trt Part.Aer.*Septoriose(s),Autorisé,10.0,L/ha,
HUSSAR PRO,2100235,iodosulfuron-méthyl-sodium (Iodosulfuron) 8.0 g/L | fénoxaprop-P-éthyle (Fenoxaprop-P) 64.0 g/L | méfenpyr-diéthyl (Mefenpyr) 24.0 g/L,Blé*Désherbage,Autorisé,1.25,L/ha,
HUSSAR PRO,2100235,iodosulfuron-méthyl-sodium (Iodosulfuron) 8.0 g/L | fénoxaprop-P-éthyle (Fenoxaprop-P) 64.0 g/L | méfenpyr-diéthyl (Mefenpyr) 24.0 g/L,Blé*Désherbage,Autorisé,1.25,L/ha,
HUSSAR PRO,2100235,iodosulfuron-méthyl-sodium (Iodosulfuron) 8.0 g/L | fénoxaprop-P-éthyle (Fenoxaprop-P) 64.0 g/L | méfenpyr-diéthyl (Mefenpyr) 24.0 g/L,Blé*Désherbage,Autorisé,1.25,L/ha,
CHEKKER,9900202,iodosulfuron-méthyl-sodium (Iodosulfuron) 12.5 g/kg | amidosulfuron (Amidosulfuron) 125.0 g/kg | méfenpyr-diéthyl (Mefenpyr) 125.0 g/kg,Blé*Désherbage,Autorisé,0.2,kg/ha,90.0
CHEKKER,9900202,iodosulfuron-méthyl-sodium (Iodosulfuron) 12.5 g/kg | amidosulfuron (Amidosulfuron) 125.0 g/kg | méfenpyr-diéthyl (Mefenpyr) 125.0 g/kg,Orge*Désherbage,Autorisé,0.2,kg/ha,90.0
BROCAR 240,2120049,clodinafop-propargyl (Clodinafop) 240.0 g/L | cloquintocet-mexyl (Cloquintocet mexyl) 60.0 g/L,Blé*Désherbage,Autorisé,0.25,L/ha,
CARMINA MAX,2130242,diflufénicanil (Diflufenican) 40.0 g/L | chlorotoluron (Chlorotoluron) 600.0 g/L,Orge*Désherbage,Autorisé,2.5,L/ha,
CARMINA MAX,2130242,diflufénicanil (Diflufenican) 40.0 g/L | chlorotoluron (Chlorotoluron) 600.0 g/L,Orge*Désherbage,Autorisé,2.5,L/ha,
CARMINA MAX,2130242,diflufénicanil (Diflufenican) 40.0 g/L | chlorotoluron (Chlorotoluron) 600.0 g/L,Blé*Désherbage,Autorisé,2.5,L/ha,
CARMINA MAX,2130242,diflufénicanil (Diflufenican) 40.0 g/L | chlorotoluron (Chlorotoluron) 600.0 g/L,Blé*Désherbage,Autorisé,2.5,L/ha,
SURRENDER,2230051,fludioxonil (Fludioxonil) 100.0 g/L,Maïs*Trt Sem.*Champignons (autres que pythiacées),Autorisé,50.0,mL/q,
SURRENDER,2230051,fludioxonil (Fludioxonil) 100.0 g/L,Maïs doux*Trt Sem. Plants*Champignons (autres que pythiacées),Autorisé,50.0,mL/q,
SURRENDER,2230051,fludioxonil (Fludioxonil) 100.0 g/L,Tournesol*Trt Sem.*Champignons (pythiacées),Autorisé,150.0,mL/q,
SURRENDER,2230051,fludioxonil (Fludioxonil) 100.0 g/L,Tournesol*Trt Sem.*Champignons (autres que pythiacées),Autorisé,150.0,mL/q,
SURRENDER,2230051,fludioxonil (Fludioxonil) 100.0 g/L,Porte graine - Maïs*Trt Sem. Plants*Champignons (autres que pythiacées),Autorisé,50.0,mL/q,
NEBBIA NEO,2260030,prothioconazole (Prothioconazole) 250.0 g/L,Blé*Trt Part.Aer.*Fusarioses,Autorisé,0.8,L/ha,35.0
NEBBIA NEO,2260030,prothioconazole (Prothioconazole) 250.0 g/L,Blé*Trt Part.Aer.*Oïdium(s),Autorisé,0.8,L/ha,35.0
NEBBIA NEO,2260030,prothioconazole (Prothioconazole) 250.0 g/L,Blé*Trt Part.Aer.*Piétin verse,Autorisé,0.8,L/ha,35.0
NEBBIA NEO,2260030,prothioconazole (Prothioconazole) 250.0 g/L,Blé*Trt Part.Aer.*Rouille(s),Autorisé,0.8,L/ha,35.0
NEBBIA NEO,2260030,prothioconazole (Prothioconazole) 250.0 g/L,Blé*Trt Part.Aer.*Septoriose(s),Autorisé,0.8,L/ha,35.0
NEBBIA NEO,2260030,prothioconazole (Prothioconazole) 250.0 g/L,Orge*Trt Part.Aer.*Fusarioses,Autorisé,0.8,L/ha,35.0
NEBBIA NEO,2260030,prothioconazole (Prothioconazole) 250.0 g/L,Orge*Trt Part.Aer.*Helminthosporiose et ramulariose,Autorisé,0.8,L/ha,35.0
NEBBIA NEO,2260030,prothioconazole (Prothioconazole) 250.0 g/L,Orge*Trt Part.Aer.*Oïdium(s),Autorisé,0.8,L/ha,35.0
NEBBIA NEO,2260030,prothioconazole (Prothioconazole) 250.0 g/L,Orge*Trt Part.Aer.*Piétin verse,Autorisé,0.8,L/ha,35.0
NEBBIA NEO,2260030,prothioconazole (Prothioconazole) 250.0 g/L,Orge*Trt Part.Aer.*Rhynchosporiose,Autorisé,0.8,L/ha,35.0
NEBBIA NEO,2260030,prothioconazole (Prothioconazole) 250.0 g/L,Orge*Trt Part.Aer.*Rouille(s),Autorisé,0.8,L/ha,35.0
BOGOTA PLUS,2171141,chlorméquat (Chlormequat) 300.0 g/L | éthéphon (Ethephon) 150.0 g/L,Orge*Trt Part.Aer.*Régul. Croiss. Org. Aériens,Autorisé,1.5,L/ha,
BOGOTA PLUS,2171141,chlorméquat (Chlormequat) 300.0 g/L | éthéphon (Ethephon) 150.0 g/L,Orge*Trt Part.Aer.*Régul. Croiss. Org. Aériens,Autorisé,2.5,L/ha,
BOGOTA PLUS,2171141,chlorméquat (Chlormequat) 300.0 g/L | éthéphon (Ethephon) 150.0 g/L,Blé*Trt Part.Aer.*Régul. Croiss. Org. Aériens,Autorisé,2.0,L/ha,
BOGOTA PLUS,2171141,chlorméquat (Chlormequat) 300.0 g/L | éthéphon (Ethephon) 150.0 g/L,Blé*Trt Part.Aer.*Régul. Croiss. Org. Aériens,Autorisé,2.5,L/ha,
OSSETIA,2160727,diflufénican (Diflufenican) 500.0 g/kg,Orge*Désherbage,Autorisé,0.24,kg/ha,
OSSETIA,2160727,diflufénican (Diflufenican) 500.0 g/kg,Blé*Désherbage,Autorisé,0.24,kg/ha,
SUCCESS GR,2171089,spinosad (Spinosad) 4.0 g/kg,Maïs*Trt Sol*Ravageurs du sol,Autorisé,12.0,kg/ha,
SUCCESS GR,2171089,spinosad (Spinosad) 4.0 g/kg,Maïs doux*Trt Sol*Ravageurs du sol,Autorisé,12.0,kg/ha,
ULTRALEGEND,2210743,tébuconazole (Tebuconazole) 125.0 g/L | prothioconazole (Prothioconazole) 125.0 g/L,Orge*Trt Part.Aer.*Helminthosporiose et ramulariose,Autorisé,1.0,L/ha,35.0
ULTRALEGEND,2210743,tébuconazole (Tebuconazole) 125.0 g/L | prothioconazole (Prothioconazole) 125.0 g/L,Orge*Trt Part.Aer.*Rhynchosporiose,Autorisé,1.0,L/ha,35.0
ULTRALEGEND,2210743,tébuconazole (Tebuconazole) 125.0 g/L | prothioconazole (Prothioconazole) 125.0 g/L,Orge*Trt Part.Aer.*Rouille(s),Autorisé,1.0,L/ha,35.0
ULTRALEGEND,2210743,tébuconazole (Tebuconazole) 125.0 g/L | prothioconazole (Prothioconazole) 125.0 g/L,Orge*Trt Part.Aer.*Oïdium(s),Autorisé,1.0,L/ha,35.0
ULTRALEGEND,2210743,tébuconazole (Tebuconazole) 125.0 g/L | prothioconazole (Prothioconazole) 125.0 g/L,Orge*Trt Part.Aer.*Fusarioses,Autorisé,1.0,L/ha,35.0
ULTRALEGEND,2210743,tébuconazole (Tebuconazole) 125.0 g/L | prothioconazole (Prothioconazole) 125.0 g/L,Blé*Trt Part.Aer.*Fusarioses,Autorisé,1.0,L/ha,35.0
ULTRALEGEND,2210743,tébuconazole (Tebuconazole) 125.0 g/L | prothioconazole (Prothioconazole) 125.0 g/L,Blé*Trt Part.Aer.*Oïdium(s),Autorisé,1.0,L/ha,35.0
ULTRALEGEND,2210743,tébuconazole (Tebuconazole) 125.0 g/L | prothioconazole (Prothioconazole) 125.0 g/L,Blé*Trt Part.Aer.*Rouille(s),Autorisé,1.0,L/ha,35.0
ULTRALEGEND,2210743,tébuconazole (Tebuconazole) 125.0 g/L | prothioconazole (Prothioconazole) 125.0 g/L,Blé*Trt Part.Aer.*Septoriose(s),Autorisé,1.0,L/ha,35.0
PILOT,9500040,quizalofop-P-éthyl (Quizalofop-P-ethyl) 50.0 g/L,Tournesol*Désherbage,Autorisé,1.2,L/ha,90.0
PILOT,9500040,quizalofop-P-éthyl (Quizalofop-P-ethyl) 50.0 g/L,Tournesol*Désherbage,Autorisé,3.0,L/ha,90.0
DEFT,2080123,metsulfuron-méthyle (Metsulfuron-methyl) 200.0 g/kg,Orge*Désherbage,Autorisé,0.03,kg/ha,
DEFT,2080123,metsulfuron-méthyle (Metsulfuron-methyl) 200.0 g/kg,Orge*Désherbage,Autorisé,0.02,kg/ha,
DEFT,2080123,metsulfuron-méthyle (Metsulfuron-methyl) 200.0 g/kg,Orge*Désherbage,Autorisé,0.025,kg/ha,
DEFT,2080123,metsulfuron-méthyle (Metsulfuron-methyl) 200.0 g/kg,Blé*Désherbage,Autorisé,0.03,kg/ha,
DEFT,2080123,metsulfuron-méthyle (Metsulfuron-methyl) 200.0 g/kg,Blé*Désherbage,Autorisé,0.025,kg/ha,
DEFT,2080123,metsulfuron-méthyle (Metsulfuron-methyl) 200.0 g/kg,Blé*Désherbage,Autorisé,15.0,g/ha,
DEFT,2080123,metsulfuron-méthyle (Metsulfuron-methyl) 200.0 g/kg,Orge*Désherbage,Autorisé,15.0,g/ha,
COSAVET DF,2130277,soufre (Sulphur) 800.0 g/kg,Orge*Trt Part.Aer.*Oïdium(s),Autorisé,8.0,kg/ha,35.0
COSAVET DF,2130277,soufre (Sulphur) 800.0 g/kg,Blé*Trt Part.Aer.*Oïdium(s),Autorisé,8.0,kg/ha,35.0
COSAVET DF,2130277,soufre (Sulphur) 800.0 g/kg,Blé*Trt Part.Aer.*Septoriose(s),Autorisé,8.0,kg/ha,35.0
CHARDOL 600,9100296,"2,4-D (2,4-D) 600.0 g/L",Blé*Désherbage,Autorisé,1.25,L/ha,
CHARDOL 600,9100296,"2,4-D (2,4-D) 600.0 g/L",Blé*Désherbage,Autorisé,0.7,L/ha,
CHARDOL 600,9100296,"2,4-D (2,4-D) 600.0 g/L",Orge*Désherbage,Autorisé,0.7,L/ha,
CHARDOL 600,9100296,"2,4-D (2,4-D) 600.0 g/L",Orge*Désherbage,Autorisé,1.25,L/ha,
OPEN K,2190015,tau-fluvalinate (Tau-Fluvalinate) 18.0 g/L | pirimicarbe (Pirimicarb) 50.0 g/L,Tournesol*Trt Part.Aer.*Pucerons,Autorisé,3.0,L/ha,
KARATE K,8800395,pirimicarbe (Pirimicarb) 100.0 g/L | lambda-cyhalothrine (Lambda-Cyhalothrin) 5.0 g/L,Maïs doux*Trt Part.Aer.*Pucerons,Autorisé,1.5,L/ha,7.0
KARATE K,8800395,pirimicarbe (Pirimicarb) 100.0 g/L | lambda-cyhalothrine (Lambda-Cyhalothrin) 5.0 g/L,Maïs*Trt Part.Aer.*Pucerons,Autorisé,1.25,L/ha,80.0
KARATE K,8800395,pirimicarbe (Pirimicarb) 100.0 g/L | lambda-cyhalothrine (Lambda-Cyhalothrin) 5.0 g/L,Tournesol*Trt Part.Aer.*Pucerons,Autorisé,1.5,L/ha,21.0
DUPLOSAN SUPER,8600232,mécoprop-P (Mecoprop-P) 130.0 g/L | dichlorprop-P (Dichlorprop-P) 310.0 g/L | MCPA (MCPA) 160.0 g/L,Orge*Désherbage,Autorisé,2.0,L/ha,
DUPLOSAN SUPER,8600232,mécoprop-P (Mecoprop-P) 130.0 g/L | dichlorprop-P (Dichlorprop-P) 310.0 g/L | MCPA (MCPA) 160.0 g/L,Orge*Désherbage,Autorisé,2.5,L/ha,
DUPLOSAN SUPER,8600232,mécoprop-P (Mecoprop-P) 130.0 g/L | dichlorprop-P (Dichlorprop-P) 310.0 g/L | MCPA (MCPA) 160.0 g/L,Blé*Désherbage,Autorisé,2.0,L/ha,
DUPLOSAN SUPER,8600232,mécoprop-P (Mecoprop-P) 130.0 g/L | dichlorprop-P (Dichlorprop-P) 310.0 g/L | MCPA (MCPA) 160.0 g/L,Blé*Désherbage,Autorisé,2.5,L/ha,
CLOMATE,2140042,clomazone (Clomazone) 360.0 g/L,Maïs*Désherbage,Autorisé,0.3,L/ha,
MAYANDRA,2090117,tébuconazole (Tebuconazole) 200.0 g/L,Orge*Trt Part.Aer.*Oïdium(s),Autorisé,1.25,L/ha,35.0
MAYANDRA,2090117,tébuconazole (Tebuconazole) 200.0 g/L,Orge*Trt Part.Aer.*Rouille(s),Autorisé,1.25,L/ha,35.0
MAYANDRA,2090117,tébuconazole (Tebuconazole) 200.0 g/L,Blé*Trt Part.Aer.*Fusarioses,Autorisé,1.25,L/ha,35.0
MAYANDRA,2090117,tébuconazole (Tebuconazole) 200.0 g/L,Blé*Trt Part.Aer.*Oïdium(s),Autorisé,1.25,L/ha,35.0
MAYANDRA,2090117,tébuconazole (Tebuconazole) 200.0 g/L,Blé*Trt Part.Aer.*Septoriose(s),Autorisé,1.25,L/ha,35.0
MAYANDRA,2090117,tébuconazole (Tebuconazole) 200.0 g/L,Blé*Trt Part.Aer.*Rouille(s),Autorisé,1.25,L/ha,35.0
PLENARIS,2200736,oxathiapiproline (Oxathiapiprolin) 200.0 g/L,Tournesol*Trt Sem.*Champignons (pythiacées),Autorisé,234.0,mL/q,
INFLUX QUATTRO,2170230,métalaxyl-M (Metalaxyl-M) 29.0 g/L | azoxystrobine (Azoxystrobin) 15.0 g/L | fludioxonil (Fludioxonil) 37.5 g/L | thiabendazole (Thiabendazole) 300.0 g/L,Maïs*Trt Sem.*Champignons (autres que pythiacées),Autorisé,8.5,mL/unité,
INFLUX QUATTRO,2170230,métalaxyl-M (Metalaxyl-M) 29.0 g/L | azoxystrobine (Azoxystrobin) 15.0 g/L | fludioxonil (Fludioxonil) 37.5 g/L | thiabendazole (Thiabendazole) 300.0 g/L,Maïs*Trt Sem.*Champignons (pythiacées),Autorisé,8.5,mL/unité,
INFLUX QUATTRO,2170230,métalaxyl-M (Metalaxyl-M) 29.0 g/L | azoxystrobine (Azoxystrobin) 15.0 g/L | fludioxonil (Fludioxonil) 37.5 g/L | thiabendazole (Thiabendazole) 300.0 g/L,Maïs doux*Trt Sem. Plants*Champignons (pythiacées),Autorisé,11.0,mL/unité,
INFLUX QUATTRO,2170230,métalaxyl-M (Metalaxyl-M) 29.0 g/L | azoxystrobine (Azoxystrobin) 15.0 g/L | fludioxonil (Fludioxonil) 37.5 g/L | thiabendazole (Thiabendazole) 300.0 g/L,Maïs doux*Trt Sem. Plants*Champignons (autres que pythiacées),Autorisé,11.0,mL/unité,
MILAGRO DUO,2190243,dicamba (Dicamba) 220.0 g/L | nicosulfuron (Nicosulfuron) 50.0 g/L,Maïs*Désherbage,Autorisé,0.8,L/ha,
MILAGRO DUO,2190243,dicamba (Dicamba) 220.0 g/L | nicosulfuron (Nicosulfuron) 50.0 g/L,Maïs*Désherbage,Autorisé,0.4,L/ha,
THIOVIT JET MICROBILLES,2000018,soufre (Sulphur) 800.0 g/kg,Orge*Trt Part.Aer.*Oïdium(s),Autorisé,10.0,kg/ha,
THIOVIT JET MICROBILLES,2000018,soufre (Sulphur) 800.0 g/kg,Blé*Trt Part.Aer.*Oïdium(s),Autorisé,10.0,kg/ha,
THIOVIT JET MICROBILLES,2000018,soufre (Sulphur) 800.0 g/kg,Blé*Trt Part.Aer.*Septoriose(s),Autorisé,10.0,kg/ha,
URBOLE,2190268,diflufénicanil (Diflufenican) 500.0 g/L,Orge*Désherbage,Autorisé,0.3,L/ha,90.0
URBOLE,2190268,diflufénicanil (Diflufenican) 500.0 g/L,Orge*Désherbage,Autorisé,0.3,L/ha,90.0
URBOLE,2190268,diflufénicanil (Diflufenican) 500.0 g/L,Blé*Désherbage,Autorisé,0.25,L/ha,90.0
URBOLE,2190268,diflufénicanil (Diflufenican) 500.0 g/L,Blé*Désherbage,Autorisé,0.3,L/ha,90.0
NISSODIUM,2090157,cyflufénamide (Cyflufenamid) 50.0 g/L,Orge*Trt Part.Aer.*Oïdium(s),Autorisé,0.5,L/ha,
NISSODIUM,2090157,cyflufénamide (Cyflufenamid) 50.0 g/L,Blé*Trt Part.Aer.*Oïdium(s),Autorisé,0.5,L/ha,
NISSODIUM,2090157,cyflufénamide (Cyflufenamid) 50.0 g/L,Blé*Trt Part.Aer.*Oïdium(s),Autorisé,0.5,L/ha,
A20078F,2170755,sédaxane (Sedaxane) 25.0 g/L | fludioxonil (Fludioxonil) 25.0 g/L,Orge*Trt Sem.*Champignons (autres que pythiacées),Autorisé,0.2,L/q,
A20078F,2170755,sédaxane (Sedaxane) 25.0 g/L | fludioxonil (Fludioxonil) 25.0 g/L,Blé*Trt Sem.*Champignons (autres que pythiacées),Autorisé,0.2,L/q,
TITUS,9000163,rimsulfuron (Rimsulfuron) 250.0 g/kg,Maïs*Désherbage,Autorisé,0.06,kg/ha,
TITUS,9000163,rimsulfuron (Rimsulfuron) 250.0 g/kg,Maïs*Désherbage,Autorisé,0.06,kg/ha,
MILAGRO 240,2140159,nicosulfuron (Nicosulfuron) 240.0 g/L,Maïs*Désherbage,Autorisé,0.25,L/ha,
BANVEL 4 S,8400096,dicamba (Dicamba) 480.0 g/L,Maïs*Désherbage,Autorisé,0.6,L/ha,
COSPEC 75 WG,2140241,cyprodinil (Cyprodinil) 75.0 %,Orge*Trt Part.Aer.*Helminthosporiose et ramulariose,Autorisé,0.8,kg/ha,45.0
COSPEC 75 WG,2140241,cyprodinil (Cyprodinil) 75.0 %,Orge*Trt Part.Aer.*Rhynchosporiose,Autorisé,0.8,kg/ha,45.0
COSPEC 75 WG,2140241,cyprodinil (Cyprodinil) 75.0 %,Blé*Trt Part.Aer.*Piétin verse,Autorisé,1.0,kg/ha,42.0
EMDEE,2260130,"2,4-D sel de diméthylamine (2,4-D) 722.37 g/L",Blé*Désherbage,Autorisé,1.25,L/ha,
EMDEE,2260130,"2,4-D sel de diméthylamine (2,4-D) 722.37 g/L",Blé*Désherbage,Autorisé,0.7,L/ha,
EMDEE,2260130,"2,4-D sel de diméthylamine (2,4-D) 722.37 g/L",Orge*Désherbage,Autorisé,0.7,L/ha,
EMDEE,2260130,"2,4-D sel de diméthylamine (2,4-D) 722.37 g/L",Orge*Désherbage,Autorisé,1.25,L/ha,
GRATIL,9000259,amidosulfuron (Amidosulfuron) 75.0 %,Orge*Désherbage,Autorisé,0.04,kg/ha,90.0
GRATIL,9000259,amidosulfuron (Amidosulfuron) 75.0 %,Blé*Désherbage,Autorisé,0.04,kg/ha,90.0
DIFLANIL 500 SC,2140242,diflufénican (Diflufenican) 500.0 g/L,Orge*Désherbage,Autorisé,0.375,L/ha,
DIFLANIL 500 SC,2140242,diflufénican (Diflufenican) 500.0 g/L,Blé*Désherbage,Autorisé,0.375,L/ha,
WINSHOT,2250492,isoxabène (Isoxaben) 125.0 g/L,Orge*Désherbage,Autorisé,1.0,L/ha,
WINSHOT,2250492,isoxabène (Isoxaben) 125.0 g/L,Blé*Désherbage,Autorisé,1.0,L/ha,
OSMAN,2180164,nicosulfuron (Nicosulfuron) 40.0 g/L,Maïs*Désherbage,Autorisé,1.5,L/ha,
ENILOR,2190041,prothioconazole (Prothioconazole) 250.0 g/L,Orge*Trt Part.Aer.*Fusarioses,Autorisé,0.8,L/ha,35.0
ENILOR,2190041,prothioconazole (Prothioconazole) 250.0 g/L,Orge*Trt Part.Aer.*Helminthosporiose et ramulariose,Autorisé,0.8,L/ha,35.0
ENILOR,2190041,prothioconazole (Prothioconazole) 250.0 g/L,Orge*Trt Part.Aer.*Oïdium(s),Autorisé,0.8,L/ha,35.0
ENILOR,2190041,prothioconazole (Prothioconazole) 250.0 g/L,Orge*Trt Part.Aer.*Piétin verse,Autorisé,0.8,L/ha,35.0
ENILOR,2190041,prothioconazole (Prothioconazole) 250.0 g/L,Orge*Trt Part.Aer.*Rhynchosporiose,Autorisé,0.8,L/ha,35.0
ENILOR,2190041,prothioconazole (Prothioconazole) 250.0 g/L,Orge*Trt Part.Aer.*Rouille(s),Autorisé,0.8,L/ha,35.0
ENILOR,2190041,prothioconazole (Prothioconazole) 250.0 g/L,Blé*Trt Part.Aer.*Fusarioses,Autorisé,0.8,L/ha,35.0
ENILOR,2190041,prothioconazole (Prothioconazole) 250.0 g/L,Blé*Trt Part.Aer.*Oïdium(s),Autorisé,0.8,L/ha,35.0
ENILOR,2190041,prothioconazole (Prothioconazole) 250.0 g/L,Blé*Trt Part.Aer.*Piétin verse,Autorisé,0.8,L/ha,35.0
ENILOR,2190041,prothioconazole (Prothioconazole) 250.0 g/L,Blé*Trt Part.Aer.*Rouille(s),Autorisé,0.8,L/ha,35.0
ENILOR,2190041,prothioconazole (Prothioconazole) 250.0 g/L,Blé*Trt Part.Aer.*Septoriose(s),Autorisé,0.8,L/ha,35.0
SILTRA PLUS,2250136,prothioconazole (Prothioconazole) 150.0 g/L | bixafène (Bixafen) 75.0 g/L,Blé*Trt Part.Aer.*Fusariose à microdochium,Autorisé,1.25,L/ha,
SILTRA PLUS,2250136,prothioconazole (Prothioconazole) 150.0 g/L | bixafène (Bixafen) 75.0 g/L,Orge*Trt Part.Aer.*Fusarioses,Autorisé,1.0,L/ha,
SILTRA PLUS,2250136,prothioconazole (Prothioconazole) 150.0 g/L | bixafène (Bixafen) 75.0 g/L,Orge*Trt Part.Aer.*Fusariose à microdochium,Autorisé,1.0,L/ha,
SILTRA PLUS,2250136,prothioconazole (Prothioconazole) 150.0 g/L | bixafène (Bixafen) 75.0 g/L,Orge*Trt Part.Aer.*Oïdium(s),Autorisé,1.0,L/ha,
SILTRA PLUS,2250136,prothioconazole (Prothioconazole) 150.0 g/L | bixafène (Bixafen) 75.0 g/L,Blé*Trt Part.Aer.*Oïdium(s),Autorisé,1.25,L/ha,
SILTRA PLUS,2250136,prothioconazole (Prothioconazole) 150.0 g/L | bixafène (Bixafen) 75.0 g/L,Blé*Trt Part.Aer.*Piétin verse,Autorisé,1.25,L/ha,
SILTRA PLUS,2250136,prothioconazole (Prothioconazole) 150.0 g/L | bixafène (Bixafen) 75.0 g/L,Orge*Trt Part.Aer.*Piétin verse,Autorisé,1.0,L/ha,
SILTRA PLUS,2250136,prothioconazole (Prothioconazole) 150.0 g/L | bixafène (Bixafen) 75.0 g/L,Blé*Trt Part.Aer.*Fusarioses,Autorisé,1.25,L/ha,
SILTRA PLUS,2250136,prothioconazole (Prothioconazole) 150.0 g/L | bixafène (Bixafen) 75.0 g/L,Orge*Trt Part.Aer.*Rouille(s),Autorisé,1.0,L/ha,
SILTRA PLUS,2250136,prothioconazole (Prothioconazole) 150.0 g/L | bixafène (Bixafen) 75.0 g/L,Blé*Trt Part.Aer.*Rouille(s),Autorisé,1.25,L/ha,
SILTRA PLUS,2250136,prothioconazole (Prothioconazole) 150.0 g/L | bixafène (Bixafen) 75.0 g/L,Blé*Trt Part.Aer.*Helminthosporiose,Autorisé,1.25,L/ha,
SILTRA PLUS,2250136,prothioconazole (Prothioconazole) 150.0 g/L | bixafène (Bixafen) 75.0 g/L,Orge*Trt Part.Aer.*Helminthosporiose et ramulariose,Autorisé,1.0,L/ha,
SILTRA PLUS,2250136,prothioconazole (Prothioconazole) 150.0 g/L | bixafène (Bixafen) 75.0 g/L,Orge*Trt Part.Aer.*Rhynchosporiose,Autorisé,1.0,L/ha,
SILTRA PLUS,2250136,prothioconazole (Prothioconazole) 150.0 g/L | bixafène (Bixafen) 75.0 g/L,Blé*Trt Part.Aer.*Septoriose(s),Autorisé,1.25,L/ha,
VALPURA XTRA,2250137,prothioconazole (Prothioconazole) 150.0 g/L | bixafène (Bixafen) 75.0 g/L,Orge*Trt Part.Aer.*Rouille(s),Autorisé,1.0,L/ha,
VALPURA XTRA,2250137,prothioconazole (Prothioconazole) 150.0 g/L | bixafène (Bixafen) 75.0 g/L,Blé*Trt Part.Aer.*Oïdium(s),Autorisé,1.25,L/ha,
VALPURA XTRA,2250137,prothioconazole (Prothioconazole) 150.0 g/L | bixafène (Bixafen) 75.0 g/L,Orge*Trt Part.Aer.*Piétin verse,Autorisé,1.0,L/ha,
VALPURA XTRA,2250137,prothioconazole (Prothioconazole) 150.0 g/L | bixafène (Bixafen) 75.0 g/L,Blé*Trt Part.Aer.*Helminthosporiose,Autorisé,1.25,L/ha,
VALPURA XTRA,2250137,prothioconazole (Prothioconazole) 150.0 g/L | bixafène (Bixafen) 75.0 g/L,Orge*Trt Part.Aer.*Helminthosporiose et ramulariose,Autorisé,1.0,L/ha,
VALPURA XTRA,2250137,prothioconazole (Prothioconazole) 150.0 g/L | bixafène (Bixafen) 75.0 g/L,Blé*Trt Part.Aer.*Fusariose à microdochium,Autorisé,1.25,L/ha,
VALPURA XTRA,2250137,prothioconazole (Prothioconazole) 150.0 g/L | bixafène (Bixafen) 75.0 g/L,Blé*Trt Part.Aer.*Rouille(s),Autorisé,1.25,L/ha,
VALPURA XTRA,2250137,prothioconazole (Prothioconazole) 150.0 g/L | bixafène (Bixafen) 75.0 g/L,Blé*Trt Part.Aer.*Fusarioses,Autorisé,1.25,L/ha,
VALPURA XTRA,2250137,prothioconazole (Prothioconazole) 150.0 g/L | bixafène (Bixafen) 75.0 g/L,Orge*Trt Part.Aer.*Fusarioses,Autorisé,1.0,L/ha,
VALPURA XTRA,2250137,prothioconazole (Prothioconazole) 150.0 g/L | bixafène (Bixafen) 75.0 g/L,Orge*Trt Part.Aer.*Fusariose à microdochium,Autorisé,1.0,L/ha,
VALPURA XTRA,2250137,prothioconazole (Prothioconazole) 150.0 g/L | bixafène (Bixafen) 75.0 g/L,Orge*Trt Part.Aer.*Rhynchosporiose,Autorisé,1.0,L/ha,
VALPURA XTRA,2250137,prothioconazole (Prothioconazole) 150.0 g/L | bixafène (Bixafen) 75.0 g/L,Orge*Trt Part.Aer.*Oïdium(s),Autorisé,1.0,L/ha,
VALPURA XTRA,2250137,prothioconazole (Prothioconazole) 150.0 g/L | bixafène (Bixafen) 75.0 g/L,Blé*Trt Part.Aer.*Piétin verse,Autorisé,1.25,L/ha,
VALPURA XTRA,2250137,prothioconazole (Prothioconazole) 150.0 g/L | bixafène (Bixafen) 75.0 g/L,Blé*Trt Part.Aer.*Septoriose(s),Autorisé,1.25,L/ha,
SILTRA MAX,2250138,prothioconazole (Prothioconazole) 150.0 g/L | bixafène (Bixafen) 75.0 g/L,Orge*Trt Part.Aer.*Oïdium(s),Autorisé,1.0,L/ha,
SILTRA MAX,2250138,prothioconazole (Prothioconazole) 150.0 g/L | bixafène (Bixafen) 75.0 g/L,Blé*Trt Part.Aer.*Oïdium(s),Autorisé,1.25,L/ha,
SILTRA MAX,2250138,prothioconazole (Prothioconazole) 150.0 g/L | bixafène (Bixafen) 75.0 g/L,Blé*Trt Part.Aer.*Rouille(s),Autorisé,1.25,L/ha,
SILTRA MAX,2250138,prothioconazole (Prothioconazole) 150.0 g/L | bixafène (Bixafen) 75.0 g/L,Blé*Trt Part.Aer.*Fusariose à microdochium,Autorisé,1.25,L/ha,
SILTRA MAX,2250138,prothioconazole (Prothioconazole) 150.0 g/L | bixafène (Bixafen) 75.0 g/L,Orge*Trt Part.Aer.*Fusariose à microdochium,Autorisé,1.0,L/ha,
SILTRA MAX,2250138,prothioconazole (Prothioconazole) 150.0 g/L | bixafène (Bixafen) 75.0 g/L,Orge*Trt Part.Aer.*Piétin verse,Autorisé,1.0,L/ha,
SILTRA MAX,2250138,prothioconazole (Prothioconazole) 150.0 g/L | bixafène (Bixafen) 75.0 g/L,Orge*Trt Part.Aer.*Rouille(s),Autorisé,1.0,L/ha,
SILTRA MAX,2250138,prothioconazole (Prothioconazole) 150.0 g/L | bixafène (Bixafen) 75.0 g/L,Blé*Trt Part.Aer.*Fusarioses,Autorisé,1.25,L/ha,
SILTRA MAX,2250138,prothioconazole (Prothioconazole) 150.0 g/L | bixafène (Bixafen) 75.0 g/L,Orge*Trt Part.Aer.*Rhynchosporiose,Autorisé,1.0,L/ha,
SILTRA MAX,2250138,prothioconazole (Prothioconazole) 150.0 g/L | bixafène (Bixafen) 75.0 g/L,Blé*Trt Part.Aer.*Helminthosporiose,Autorisé,1.25,L/ha,
SILTRA MAX,2250138,prothioconazole (Prothioconazole) 150.0 g/L | bixafène (Bixafen) 75.0 g/L,Blé*Trt Part.Aer.*Piétin verse,Autorisé,1.25,L/ha,
SILTRA MAX,2250138,prothioconazole (Prothioconazole) 150.0 g/L | bixafène (Bixafen) 75.0 g/L,Blé*Trt Part.Aer.*Septoriose(s),Autorisé,1.25,L/ha,
SILTRA MAX,2250138,prothioconazole (Prothioconazole) 150.0 g/L | bixafène (Bixafen) 75.0 g/L,Orge*Trt Part.Aer.*Helminthosporiose et ramulariose,Autorisé,1.0,L/ha,
SILTRA MAX,2250138,prothioconazole (Prothioconazole) 150.0 g/L | bixafène (Bixafen) 75.0 g/L,Orge*Trt Part.Aer.*Fusarioses,Autorisé,1.0,L/ha,
XPRO ENERGY,2250139,bixafène (Bixafen) 75.0 g/L | prothioconazole (Prothioconazole) 150.0 g/L,Orge*Trt Part.Aer.*Piétin verse,Autorisé,1.0,L/ha,
XPRO ENERGY,2250139,bixafène (Bixafen) 75.0 g/L | prothioconazole (Prothioconazole) 150.0 g/L,Blé*Trt Part.Aer.*Piétin verse,Autorisé,1.25,L/ha,
XPRO ENERGY,2250139,bixafène (Bixafen) 75.0 g/L | prothioconazole (Prothioconazole) 150.0 g/L,Blé*Trt Part.Aer.*Helminthosporiose,Autorisé,1.25,L/ha,
XPRO ENERGY,2250139,bixafène (Bixafen) 75.0 g/L | prothioconazole (Prothioconazole) 150.0 g/L,Blé*Trt Part.Aer.*Fusarioses,Autorisé,1.25,L/ha,
XPRO ENERGY,2250139,bixafène (Bixafen) 75.0 g/L | prothioconazole (Prothioconazole) 150.0 g/L,Blé*Trt Part.Aer.*Septoriose(s),Autorisé,1.25,L/ha,
XPRO ENERGY,2250139,bixafène (Bixafen) 75.0 g/L | prothioconazole (Prothioconazole) 150.0 g/L,Orge*Trt Part.Aer.*Rhynchosporiose,Autorisé,1.0,L/ha,
XPRO ENERGY,2250139,bixafène (Bixafen) 75.0 g/L | prothioconazole (Prothioconazole) 150.0 g/L,Blé*Trt Part.Aer.*Rouille(s),Autorisé,1.25,L/ha,
XPRO ENERGY,2250139,bixafène (Bixafen) 75.0 g/L | prothioconazole (Prothioconazole) 150.0 g/L,Orge*Trt Part.Aer.*Fusariose à microdochium,Autorisé,1.0,L/ha,
XPRO ENERGY,2250139,bixafène (Bixafen) 75.0 g/L | prothioconazole (Prothioconazole) 150.0 g/L,Orge*Trt Part.Aer.*Helminthosporiose et ramulariose,Autorisé,1.0,L/ha,
XPRO ENERGY,2250139,bixafène (Bixafen) 75.0 g/L | prothioconazole (Prothioconazole) 150.0 g/L,Orge*Trt Part.Aer.*Rouille(s),Autorisé,1.0,L/ha,
XPRO ENERGY,2250139,bixafène (Bixafen) 75.0 g/L | prothioconazole (Prothioconazole) 150.0 g/L,Blé*Trt Part.Aer.*Oïdium(s),Autorisé,1.25,L/ha,
XPRO ENERGY,2250139,bixafène (Bixafen) 75.0 g/L | prothioconazole (Prothioconazole) 150.0 g/L,Orge*Trt Part.Aer.*Oïdium(s),Autorisé,1.0,L/ha,
XPRO ENERGY,2250139,bixafène (Bixafen) 75.0 g/L | prothioconazole (Prothioconazole) 150.0 g/L,Orge*Trt Part.Aer.*Fusarioses,Autorisé,1.0,L/ha,
XPRO ENERGY,2250139,bixafène (Bixafen) 75.0 g/L | prothioconazole (Prothioconazole) 150.0 g/L,Blé*Trt Part.Aer.*Fusariose à microdochium,Autorisé,1.25,L/ha,
STOROSO,2250624,azoxystrobine (Azoxystrobin) 250.0 g/L,Orge*Trt Part.Aer.*Rhynchosporiose,Autorisé,1.0,L/ha,
STOROSO,2250624,azoxystrobine (Azoxystrobin) 250.0 g/L,Maïs*Trt Sol*Champignons (autres que pythiacées),Autorisé,1.0,L/ha,
STOROSO,2250624,azoxystrobine (Azoxystrobin) 250.0 g/L,Maïs doux*Trt Part.Aer.*Maladies des taches foliaires,Autorisé,1.0,L/ha,
STOROSO,2250624,azoxystrobine (Azoxystrobin) 250.0 g/L,Orge*Trt Part.Aer.*Helminthosporiose et ramulariose,Autorisé,1.0,L/ha,
STOROSO,2250624,azoxystrobine (Azoxystrobin) 250.0 g/L,Maïs*Trt Part.Aer.*Maladies des taches foliaires,Autorisé,1.0,L/ha,
STOROSO,2250624,azoxystrobine (Azoxystrobin) 250.0 g/L,Blé*Trt Part.Aer.*Helminthosporiose,Autorisé,1.0,L/ha,
STOROSO,2250624,azoxystrobine (Azoxystrobin) 250.0 g/L,Blé*Trt Part.Aer.*Rouille(s),Autorisé,1.0,L/ha,
STOROSO,2250624,azoxystrobine (Azoxystrobin) 250.0 g/L,Orge*Trt Part.Aer.*Rouille(s),Autorisé,1.0,L/ha,
STOROSO,2250624,azoxystrobine (Azoxystrobin) 250.0 g/L,Maïs*Trt Part.Aer.*Rouille(s),Autorisé,1.0,L/ha,
TOLURGAN 50 SC,9000619,chlorotoluron (Chlorotoluron) 500.0 g/L,Orge*Désherbage,Autorisé,3.6,L/ha,
TOLURGAN 50 SC,9000619,chlorotoluron (Chlorotoluron) 500.0 g/L,Blé*Désherbage,Autorisé,3.6,L/ha,
JOYSTICK WG,2260111,diflufénican (Diflufenican) 400.0 g/kg | florasulame (Florasulam) 20.0 g/kg | iodosulfuron-méthyl-sodium (Iodosulfuron) 50.0 g/kg | cloquintocet-mexyl (Cloquintocet mexyl) 100.0 g/kg,Blé*Désherbage,Autorisé,0.15,kg/ha,
JOYSTICK WG,2260111,diflufénican (Diflufenican) 400.0 g/kg | florasulame (Florasulam) 20.0 g/kg | iodosulfuron-méthyl-sodium (Iodosulfuron) 50.0 g/kg | cloquintocet-mexyl (Cloquintocet mexyl) 100.0 g/kg,Orge*Désherbage,Autorisé,0.15,kg/ha,
JOYSTICK WG,2260111,diflufénican (Diflufenican) 400.0 g/kg | florasulame (Florasulam) 20.0 g/kg | iodosulfuron-méthyl-sodium (Iodosulfuron) 50.0 g/kg | cloquintocet-mexyl (Cloquintocet mexyl) 100.0 g/kg,Blé*Désherbage,Autorisé,0.15,kg/ha,
JOYSTICK WG,2260111,diflufénican (Diflufenican) 400.0 g/kg | florasulame (Florasulam) 20.0 g/kg | iodosulfuron-méthyl-sodium (Iodosulfuron) 50.0 g/kg | cloquintocet-mexyl (Cloquintocet mexyl) 100.0 g/kg,Orge*Désherbage,Autorisé,0.15,kg/ha,
STARSHIP,2170361,mésotrione (Mesotrione) 100.0 g/L,Maïs*Désherbage,Autorisé,1.5,L/ha,
STARSHIP,2170361,mésotrione (Mesotrione) 100.0 g/L,Maïs doux*Désherbage,Autorisé,0.75,L/ha,
STARSHIP,2170361,mésotrione (Mesotrione) 100.0 g/L,Maïs*Désherbage,Autorisé,0.75,L/ha,
STARSHIP,2170361,mésotrione (Mesotrione) 100.0 g/L,Maïs*Désherbage,Autorisé,0.5,L/ha,
STARSHIP,2170361,mésotrione (Mesotrione) 100.0 g/L,Maïs doux*Désherbage,Autorisé,0.375,L/ha,
LERAK,2180757,tébuconazole (Tebuconazole) 125.0 g/L | azoxystrobine (Azoxystrobin) 75.0 g/L,Blé*Trt Part.Aer.*Fusarioses,Autorisé,2.0,L/ha,
LERAK,2180757,tébuconazole (Tebuconazole) 125.0 g/L | azoxystrobine (Azoxystrobin) 75.0 g/L,Blé*Trt Part.Aer.*Rouille(s),Autorisé,2.0,L/ha,
LERAK,2180757,tébuconazole (Tebuconazole) 125.0 g/L | azoxystrobine (Azoxystrobin) 75.0 g/L,Blé*Trt Part.Aer.*Septoriose(s),Autorisé,2.0,L/ha,
CADENCE,9400067,dicamba sel de sodium (Dicamba) 874.0 g/kg,Maïs*Désherbage,Autorisé,0.4,kg/ha,
DECANO 250 OD,2180442,sulcotrione (Sulcotrione) 250.0 g/L,Maïs doux*Désherbage,Autorisé,1.2,L/ha,
KAMILAC WG,2171122,rimsulfuron (Rimsulfuron) 250.0 g/kg,Maïs*Désherbage,Autorisé,0.05,kg/ha,
KARAKAS,2130059,lambda-cyhalothrine (Lambda-Cyhalothrin) 100.0 g/L,Maïs*Trt Part.Aer.*Chenilles phytophages,Autorisé,0.15,L/ha,30.0
KARAKAS,2130059,lambda-cyhalothrine (Lambda-Cyhalothrin) 100.0 g/L,Maïs*Trt Part.Aer.*Pyrale(s) (1),Autorisé,0.2,L/ha,30.0
KARAL WG,2080124,metsulfuron-méthyle (Metsulfuron-methyl) 200.0 g/kg,Orge*Désherbage,Autorisé,30.0,g/ha,
KARAL WG,2080124,metsulfuron-méthyle (Metsulfuron-methyl) 200.0 g/kg,Orge*Désherbage,Autorisé,15.0,g/ha,
KARAL WG,2080124,metsulfuron-méthyle (Metsulfuron-methyl) 200.0 g/kg,Orge*Désherbage,Autorisé,30.0,g/ha,
KARAL WG,2080124,metsulfuron-méthyle (Metsulfuron-methyl) 200.0 g/kg,Orge*Désherbage,Autorisé,15.0,g/ha,
KARAL WG,2080124,metsulfuron-méthyle (Metsulfuron-methyl) 200.0 g/kg,Blé*Désherbage,Autorisé,30.0,g/ha,
KARAL WG,2080124,metsulfuron-méthyle (Metsulfuron-methyl) 200.0 g/kg,Blé*Désherbage,Autorisé,15.0,g/ha,
KARAL WG,2080124,metsulfuron-méthyle (Metsulfuron-methyl) 200.0 g/kg,Blé*Désherbage,Autorisé,15.0,g/ha,
KARAL WG,2080124,metsulfuron-méthyle (Metsulfuron-methyl) 200.0 g/kg,Blé*Désherbage,Autorisé,30.0,g/ha,
SEXTAN 25 EW,2171035,tébuconazole (Tebuconazole) 250.0 g/L,Orge*Trt Part.Aer.*Oïdium(s),Autorisé,1.0,L/ha,
SEXTAN 25 EW,2171035,tébuconazole (Tebuconazole) 250.0 g/L,Orge*Trt Part.Aer.*Rouille(s),Autorisé,1.0,L/ha,
SEXTAN 25 EW,2171035,tébuconazole (Tebuconazole) 250.0 g/L,Blé*Trt Part.Aer.*Fusarioses,Autorisé,1.0,L/ha,
SEXTAN 25 EW,2171035,tébuconazole (Tebuconazole) 250.0 g/L,Blé*Trt Part.Aer.*Oïdium(s),Autorisé,1.0,L/ha,
SEXTAN 25 EW,2171035,tébuconazole (Tebuconazole) 250.0 g/L,Blé*Trt Part.Aer.*Rouille(s),Autorisé,1.0,L/ha,
SKIRRING,2180165,dicamba (Dicamba) 480.0 g/L,Maïs*Désherbage,Autorisé,0.6,L/ha,
PACIFICA XPERT,2140199,amidosulfuron (Amidosulfuron) 50.0 g/kg | mésosulfuron-méthyl (Mesosulfuron) 30.0 g/kg | iodosulfuron-méthyl-sodium (Iodosulfuron) 10.0 g/kg | méfenpyr-diéthyl (Mefenpyr) 90.0 g/kg,Blé*Désherbage,Autorisé,0.5,kg/ha,
PACIFICA XPERT,2140199,amidosulfuron (Amidosulfuron) 50.0 g/kg | mésosulfuron-méthyl (Mesosulfuron) 30.0 g/kg | iodosulfuron-méthyl-sodium (Iodosulfuron) 10.0 g/kg | méfenpyr-diéthyl (Mefenpyr) 90.0 g/kg,Blé*Désherbage,Autorisé,0.3,kg/ha,
COMPIL,2130068,diflufénican (Diflufenican) 500.0 g/L,Orge*Désherbage,Autorisé,0.3,L/ha,90.0
COMPIL,2130068,diflufénican (Diflufenican) 500.0 g/L,Blé*Désherbage,Autorisé,0.3,L/ha,90.0
COMPIL,2130068,diflufénican (Diflufenican) 500.0 g/L,Blé*Désherbage,Autorisé,0.25,L/ha,90.0
COMPIL,2130068,diflufénican (Diflufenican) 500.0 g/L,Orge*Désherbage,Autorisé,0.25,L/ha,90.0
CONSTEL,2070184,chlorotoluron (Chlorotoluron) 400.0 g/L | diflufénican (Diflufenican) 25.0 g/L,Orge*Désherbage,Autorisé,4.5,L/ha,90.0
CONSTEL,2070184,chlorotoluron (Chlorotoluron) 400.0 g/L | diflufénican (Diflufenican) 25.0 g/L,Blé*Désherbage,Autorisé,4.5,L/ha,90.0
EMINENT,9000741,tetraconazole (Tetraconazole) 125.0 g/L,Blé*Trt Part.Aer.*Oïdium(s),Autorisé,1.0,L/ha,
EMINENT,9000741,tetraconazole (Tetraconazole) 125.0 g/L,Blé*Trt Part.Aer.*Rouille(s),Autorisé,1.0,L/ha,
EMINENT,9000741,tetraconazole (Tetraconazole) 125.0 g/L,Blé*Trt Part.Aer.*Septoriose(s),Autorisé,1.0,L/ha,
EMINENT,9000741,tetraconazole (Tetraconazole) 125.0 g/L,Blé*Trt Part.Aer.*Helminthosporiose,Autorisé,1.0,L/ha,
SOFRAL FLO,2140021,soufre micronisé (Sulphur) 800.0 g/L,Blé*Trt Part.Aer.*Oïdium(s),Autorisé,10.0,L/ha,
SOFRAL FLO,2140021,soufre micronisé (Sulphur) 800.0 g/L,Blé*Trt Part.Aer.*Septoriose(s),Autorisé,,,35.0
SPIRATO,2220321,fludioxonil (Fludioxonil) 25.0 g/L,Blé*Trt Sem.*Champignons (autres que pythiacées),Autorisé,0.2,L/q,
SPIRATO,2220321,fludioxonil (Fludioxonil) 25.0 g/L,Orge*Trt Sem.*Champignons (autres que pythiacées),Autorisé,0.2,L/q,
PROFI CLONIFEN,2240807,aclonifène (Aclonifen) 600.0 g/L,Tournesol*Désherbage,Autorisé,4.0,L/ha,
STARANE HD,2160805,fluroxypyr (Fluroxypyr) 480.0 g/L,Orge*Désherbage,Autorisé,0.6,L/ha,
STARANE HD,2160805,fluroxypyr (Fluroxypyr) 480.0 g/L,Maïs*Désherbage,Autorisé,0.6,L/ha,
STARANE HD,2160805,fluroxypyr (Fluroxypyr) 480.0 g/L,Blé*Désherbage,Autorisé,0.6,L/ha,
JOUST PRO,2250565,prothioconazole (Prothioconazole) 150.0 g/L | azoxystrobine (Azoxystrobin) 150.0 g/L,Orge*Trt Part.Aer.*Helminthosporiose et ramulariose,Autorisé,1.0,L/ha,35.0
JOUST PRO,2250565,prothioconazole (Prothioconazole) 150.0 g/L | azoxystrobine (Azoxystrobin) 150.0 g/L,Orge*Trt Part.Aer.*Oïdium(s),Autorisé,1.0,L/ha,35.0
JOUST PRO,2250565,prothioconazole (Prothioconazole) 150.0 g/L | azoxystrobine (Azoxystrobin) 150.0 g/L,Blé*Trt Part.Aer.*Septoriose(s),Autorisé,1.4,L/ha,35.0
JOUST PRO,2250565,prothioconazole (Prothioconazole) 150.0 g/L | azoxystrobine (Azoxystrobin) 150.0 g/L,Orge*Trt Part.Aer.*Rouille(s),Autorisé,1.0,L/ha,35.0
JOUST PRO,2250565,prothioconazole (Prothioconazole) 150.0 g/L | azoxystrobine (Azoxystrobin) 150.0 g/L,Blé*Trt Part.Aer.*Helminthosporiose,Autorisé,1.4,L/ha,35.0
JOUST PRO,2250565,prothioconazole (Prothioconazole) 150.0 g/L | azoxystrobine (Azoxystrobin) 150.0 g/L,Orge*Trt Part.Aer.*Rhynchosporiose,Autorisé,1.0,L/ha,35.0
JOUST PRO,2250565,prothioconazole (Prothioconazole) 150.0 g/L | azoxystrobine (Azoxystrobin) 150.0 g/L,Blé*Trt Part.Aer.*Fusarioses,Autorisé,1.4,L/ha,35.0
JOUST PRO,2250565,prothioconazole (Prothioconazole) 150.0 g/L | azoxystrobine (Azoxystrobin) 150.0 g/L,Blé*Trt Part.Aer.*Oïdium(s),Autorisé,1.4,L/ha,35.0
JOUST PRO,2250565,prothioconazole (Prothioconazole) 150.0 g/L | azoxystrobine (Azoxystrobin) 150.0 g/L,Blé*Trt Part.Aer.*Rouille(s),Autorisé,1.4,L/ha,35.0
SHARPEN 33% EC,2150786,pendiméthaline (Pendimethalin) 330.0 g/L,Tournesol*Désherbage,Autorisé,4.0,L/ha,
PROTENDO 300 EC,2220891,prothioconazole (Prothioconazole) 300.0 g/L,Orge*Trt Part.Aer.*Rouille(s),Autorisé,0.65,L/ha,35.0
PROTENDO 300 EC,2220891,prothioconazole (Prothioconazole) 300.0 g/L,Orge*Trt Part.Aer.*Helminthosporiose et ramulariose,Autorisé,0.65,L/ha,35.0
PROTENDO 300 EC,2220891,prothioconazole (Prothioconazole) 300.0 g/L,Orge*Trt Part.Aer.*Rhynchosporiose,Autorisé,0.65,L/ha,35.0
PROTENDO 300 EC,2220891,prothioconazole (Prothioconazole) 300.0 g/L,Blé*Trt Part.Aer.*Fusarioses,Autorisé,0.65,L/ha,35.0
PROTENDO 300 EC,2220891,prothioconazole (Prothioconazole) 300.0 g/L,Blé*Trt Part.Aer.*Fusarioses,Autorisé,,,
PROTENDO 300 EC,2220891,prothioconazole (Prothioconazole) 300.0 g/L,Blé*Trt Part.Aer.*Helminthosporiose,Autorisé,0.65,L/ha,35.0
PROTENDO 300 EC,2220891,prothioconazole (Prothioconazole) 300.0 g/L,Blé*Trt Part.Aer.*Rouille(s),Autorisé,0.65,L/ha,35.0
PROTENDO 300 EC,2220891,prothioconazole (Prothioconazole) 300.0 g/L,Blé*Trt Part.Aer.*Septoriose(s),Autorisé,0.65,L/ha,35.0
LINATI,2190246,prosulfocarbe (Prosulfocarb) 800.0 g/L,Orge*Désherbage,Autorisé,3.0,L/ha,
LINATI,2190246,prosulfocarbe (Prosulfocarb) 800.0 g/L,Blé*Désherbage,Autorisé,3.0,L/ha,
LINATI,2190246,prosulfocarbe (Prosulfocarb) 800.0 g/L,Blé*Désherbage,Autorisé,3.0,L/ha,
FIDOX 800,2210219,prosulfocarbe (Prosulfocarb) 800.0 g/L,Orge*Désherbage,Autorisé,3.0,L/ha,
FIDOX 800,2210219,prosulfocarbe (Prosulfocarb) 800.0 g/L,Blé*Désherbage,Autorisé,3.0,L/ha,
FIDOX 800,2210219,prosulfocarbe (Prosulfocarb) 800.0 g/L,Blé*Désherbage,Autorisé,3.0,L/ha,
SILVRON,2220015,bixafène (Bixafen) 100.0 g/L | fluopyram (Fluopyram) 100.0 g/L,Orge*Trt Part.Aer.*Rouille(s),Autorisé,1.0,L/ha,
SILVRON,2220015,bixafène (Bixafen) 100.0 g/L | fluopyram (Fluopyram) 100.0 g/L,Orge*Trt Part.Aer.*Rhynchosporiose,Autorisé,1.0,L/ha,
SILVRON,2220015,bixafène (Bixafen) 100.0 g/L | fluopyram (Fluopyram) 100.0 g/L,Orge*Trt Part.Aer.*Helminthosporiose et ramulariose,Autorisé,1.0,L/ha,
SILVRON,2220015,bixafène (Bixafen) 100.0 g/L | fluopyram (Fluopyram) 100.0 g/L,Blé*Trt Part.Aer.*Rouille(s),Autorisé,1.25,L/ha,
SILVRON,2220015,bixafène (Bixafen) 100.0 g/L | fluopyram (Fluopyram) 100.0 g/L,Blé*Trt Part.Aer.*Septoriose(s),Autorisé,1.25,L/ha,
ADENGO XTRA,2160693,cyprosulfamide (Cyprosulfamide) 150.0 g/L | thiencarbazone-méthyl (Thiencarbazone) 90.0 g/L | isoxaflutole (Isoxaflutole) 225.0 g/L,Maïs*Désherbage,Autorisé,0.44,L/ha,
CHANON,2190722,aclonifène (Aclonifen) 600.0 g/L,Tournesol*Désherbage,Autorisé,4.0,L/ha,
ADRET VIT,2210950,amidosulfuron (Amidosulfuron) 750.0 g/kg,Blé*Désherbage,Autorisé,0.04,kg/ha,90.0
ADRET VIT,2210950,amidosulfuron (Amidosulfuron) 750.0 g/kg,Orge*Désherbage,Autorisé,0.04,kg/ha,90.0
LAUDIS WG,2100177,tembotrione (Tembotrione) 200.0 g/kg | isoxadifène-éthyl (Isoxadifen-ethyl) 100.0 g/kg,Maïs*Désherbage,Autorisé,0.5,kg/ha,
LAUDIS WG,2100177,tembotrione (Tembotrione) 200.0 g/kg | isoxadifène-éthyl (Isoxadifen-ethyl) 100.0 g/kg,Maïs doux*Désherbage,Autorisé,0.5,kg/ha,
CAPRENO,2170992,thiencarbazone-méthyl (Thiencarbazone) 68.0 g/L | tembotrione (Tembotrione) 345.0 g/L | isoxadifène-éthyl (Isoxadifen-ethyl) 134.0 g/L,Maïs*Désherbage,Autorisé,0.29,L/ha,
REDIGO,2060127,prothioconazole (Prothioconazole) 100.0 g/L,Orge*Trt Sem.*Champignons (autres que pythiacées),Autorisé,0.1,L/q,
REDIGO,2060127,prothioconazole (Prothioconazole) 100.0 g/L,Blé*Trt Sem.*Champignons (autres que pythiacées),Autorisé,0.1,L/q,
HORIZON EW,9200078,tébuconazole (Tebuconazole) 250.0 g/L,Orge*Trt Part.Aer.*Oïdium(s),Autorisé,1.0,L/ha,
HORIZON EW,9200078,tébuconazole (Tebuconazole) 250.0 g/L,Orge*Trt Part.Aer.*Rouille(s),Autorisé,1.0,L/ha,
HORIZON EW,9200078,tébuconazole (Tebuconazole) 250.0 g/L,Orge*Trt Part.Aer.*Fusarioses,Autorisé,1.0,L/ha,
HORIZON EW,9200078,tébuconazole (Tebuconazole) 250.0 g/L,Blé*Trt Part.Aer.*Fusarioses,Autorisé,1.0,L/ha,
HORIZON EW,9200078,tébuconazole (Tebuconazole) 250.0 g/L,Blé*Trt Part.Aer.*Oïdium(s),Autorisé,1.0,L/ha,
HORIZON EW,9200078,tébuconazole (Tebuconazole) 250.0 g/L,Blé*Trt Part.Aer.*Rouille(s),Autorisé,1.0,L/ha,
MESOIODOSTAR 30 WG,2170238,mésosulfuron-méthyl (Mesosulfuron) 30.0 g/kg | Iodosulfuron (Iodosulfuron) 30.0 g/kg | méfenpyr-diéthyl (Mefenpyr) 90.0 g/kg,Blé*Désherbage,Autorisé,0.25,kg/ha,90.0
ALIOS,9400008,triticonazole (Triticonazole) 300.0 g/L,Maïs*Trt Sem.*Charbon des inflorescences,Autorisé,0.037,L/unité,
FILOSOF,2220668,phosphonates de potassium (Potassium phosphonates) 755.0 g/L,Blé*Trt Part.Aer.*Septoriose(s),Autorisé,4.0,L/ha,
PANSEUR,2220669,phosphonates de potassium (Potassium phosphonates) 755.0 g/L,Blé*Trt Part.Aer.*Septoriose(s),Autorisé,4.0,L/ha,
CUADRO NT,2170354,trinéxapac-éthyl (Trinexapac) 250.0 g/L,Orge*Trt Part.Aer.*Régul. Croiss. Org. Aériens,Autorisé,0.8,L/ha,
CUADRO NT,2170354,trinéxapac-éthyl (Trinexapac) 250.0 g/L,Orge*Trt Part.Aer.*Régul. Croiss. Org. Aériens,Autorisé,0.6,L/ha,
CUADRO NT,2170354,trinéxapac-éthyl (Trinexapac) 250.0 g/L,Blé*Trt Part.Aer.*Régul. Croiss. Org. Aériens,Autorisé,0.4,L/ha,
CUADRO NT,2170354,trinéxapac-éthyl (Trinexapac) 250.0 g/L,Blé*Trt Part.Aer.*Régul. Croiss. Org. Aériens,Autorisé,0.4,L/ha,
CUADRO NT,2170354,trinéxapac-éthyl (Trinexapac) 250.0 g/L,Blé*Trt Part.Aer.*Régul. Croiss. Org. Aériens,Autorisé,0.5,L/ha,
CUADRO NT,2170354,trinéxapac-éthyl (Trinexapac) 250.0 g/L,Blé*Trt Part.Aer.*Régul. Croiss. Org. Aériens,Autorisé,0.5,L/ha,
PETRA EC,2150480,deltaméthrine (Deltamethrin) 25.0 g/L,Maïs*Trt Part.Aer.*Pyrale(s) (1),Autorisé,0.5,L/ha,30.0
PETRA EC,2150480,deltaméthrine (Deltamethrin) 25.0 g/L,Maïs*Trt Part.Aer.*Chenilles phytophages,Autorisé,0.5,L/ha,30.0
PEAK,2080117,prosulfuron (Prosulfuron) 750.0 g/kg,Maïs doux*Désherbage,Autorisé,0.02,kg/ha,42.0
PEAK,2080117,prosulfuron (Prosulfuron) 750.0 g/kg,Maïs*Désherbage,Autorisé,0.02,kg/ha,60.0
PEAK,2080117,prosulfuron (Prosulfuron) 750.0 g/kg,Maïs*Désherbage,Autorisé,0.02,kg/ha,90.0
FORCE 1.5 G,2060194,téfluthrine (Tefluthrin) 15.0 g/kg,Maïs doux*Trt Sol*Ravageurs du sol,Autorisé,12.2,kg/ha,
FORCE 1.5 G,2060194,téfluthrine (Tefluthrin) 15.0 g/kg,Maïs*Trt Sol*Ravageurs du sol,Autorisé,12.2,kg/ha,
FORCE 1.5 G,2060194,téfluthrine (Tefluthrin) 15.0 g/kg,Tournesol*Trt Sol*Ravageurs du sol,Autorisé,10.0,kg/ha,
FORCE 1.5 G,2060194,téfluthrine (Tefluthrin) 15.0 g/kg,Maïs doux*Trt Sol*Ravageurs du sol,Autorisé,10.0,kg/ha,
FORCE 1.5 G,2060194,téfluthrine (Tefluthrin) 15.0 g/kg,Maïs*Trt Sol*Ravageurs du sol,Autorisé,10.0,kg/ha,
COSSACK STAR,2170237,iodosulfuron-méthyl-sodium (Iodosulfuron) 45.0 g/kg | thiencarbazone-méthyl (Thiencarbazone) 37.5 g/kg | mésosulfuron-méthyl (Mesosulfuron) 45.0 g/kg | méfenpyr-diéthyl (Mefenpyr) 135.0 g/kg,Blé*Désherbage,Autorisé,0.2,kg/ha,
DELFIN JARDIN,2030175,Bacillus thuringiensis subsp. Kurstaki strain SA 11  (Bacillus thuringiensis subsp. Kurstaki strain SA 11) 32000000 UI/g,Maïs doux*Trt Part.Aer.*Chenilles phytophages,Autorisé,1.5,g/10 m²,3.0
BOUDHA,2120131,tribénuron-méthyl (Tribenuron) 250.0 g/kg | metsulfuron-méthyle (Metsulfuron-methyl) 250.0 g/kg,Orge*Désherbage,Autorisé,0.02,kg/ha,
BOUDHA,2120131,tribénuron-méthyl (Tribenuron) 250.0 g/kg | metsulfuron-méthyle (Metsulfuron-methyl) 250.0 g/kg,Orge*Désherbage,Autorisé,0.016,kg/ha,
BOUDHA,2120131,tribénuron-méthyl (Tribenuron) 250.0 g/kg | metsulfuron-méthyle (Metsulfuron-methyl) 250.0 g/kg,Orge*Désherbage,Autorisé,0.018,kg/ha,
BOUDHA,2120131,tribénuron-méthyl (Tribenuron) 250.0 g/kg | metsulfuron-méthyle (Metsulfuron-methyl) 250.0 g/kg,Blé*Désherbage,Autorisé,0.02,kg/ha,
BOUDHA,2120131,tribénuron-méthyl (Tribenuron) 250.0 g/kg | metsulfuron-méthyle (Metsulfuron-methyl) 250.0 g/kg,Blé*Désherbage,Autorisé,0.018,kg/ha,
BOUDHA,2120131,tribénuron-méthyl (Tribenuron) 250.0 g/kg | metsulfuron-méthyle (Metsulfuron-methyl) 250.0 g/kg,Blé*Désherbage,Autorisé,0.016,kg/ha,
LAUDIS,2090056,tembotrione (Tembotrione) 44.0 g/L | isoxadifène-éthyl (Isoxadifen-ethyl) 22.0 g/L,Maïs doux*Désherbage,Autorisé,2.25,L/ha,
LAUDIS,2090056,tembotrione (Tembotrione) 44.0 g/L | isoxadifène-éthyl (Isoxadifen-ethyl) 22.0 g/L,Maïs*Désherbage,Autorisé,2.25,L/ha,
FEUVER,2100175,prothioconazole (Prothioconazole) 300.0 g/L,Maïs*Trt Sem.*Champignons (pythiacées),Autorisé,0.015,L/unité,
FEUVER,2100175,prothioconazole (Prothioconazole) 300.0 g/L,Maïs*Trt Sem.*Charbon des inflorescences,Autorisé,0.015,L/unité,
KEYNOTE,2160931,bixafène (Bixafen) 65.0 g/L | fluopyram (Fluopyram) 65.0 g/L | prothioconazole (Prothioconazole) 130.0 g/L,Orge*Trt Part.Aer.*Fusariose à microdochium,Autorisé,1.2,L/ha,
KEYNOTE,2160931,bixafène (Bixafen) 65.0 g/L | fluopyram (Fluopyram) 65.0 g/L | prothioconazole (Prothioconazole) 130.0 g/L,Orge*Trt Part.Aer.*Fusarioses,Autorisé,1.2,L/ha,
KEYNOTE,2160931,bixafène (Bixafen) 65.0 g/L | fluopyram (Fluopyram) 65.0 g/L | prothioconazole (Prothioconazole) 130.0 g/L,Orge*Trt Part.Aer.*Helminthosporiose et ramulariose,Autorisé,1.2,L/ha,
KEYNOTE,2160931,bixafène (Bixafen) 65.0 g/L | fluopyram (Fluopyram) 65.0 g/L | prothioconazole (Prothioconazole) 130.0 g/L,Orge*Trt Part.Aer.*Oïdium(s),Autorisé,1.2,L/ha,
KEYNOTE,2160931,bixafène (Bixafen) 65.0 g/L | fluopyram (Fluopyram) 65.0 g/L | prothioconazole (Prothioconazole) 130.0 g/L,Orge*Trt Part.Aer.*Piétin verse,Autorisé,1.2,L/ha,
KEYNOTE,2160931,bixafène (Bixafen) 65.0 g/L | fluopyram (Fluopyram) 65.0 g/L | prothioconazole (Prothioconazole) 130.0 g/L,Orge*Trt Part.Aer.*Rhynchosporiose,Autorisé,1.2,L/ha,
KEYNOTE,2160931,bixafène (Bixafen) 65.0 g/L | fluopyram (Fluopyram) 65.0 g/L | prothioconazole (Prothioconazole) 130.0 g/L,Orge*Trt Part.Aer.*Rouille(s),Autorisé,1.2,L/ha,
KEYNOTE,2160931,bixafène (Bixafen) 65.0 g/L | fluopyram (Fluopyram) 65.0 g/L | prothioconazole (Prothioconazole) 130.0 g/L,Blé*Trt Part.Aer.*Autres maladies du pied,Autorisé,1.5,L/ha,
KEYNOTE,2160931,bixafène (Bixafen) 65.0 g/L | fluopyram (Fluopyram) 65.0 g/L | prothioconazole (Prothioconazole) 130.0 g/L,Blé*Trt Part.Aer.*Fusariose à microdochium,Autorisé,1.5,L/ha,
KEYNOTE,2160931,bixafène (Bixafen) 65.0 g/L | fluopyram (Fluopyram) 65.0 g/L | prothioconazole (Prothioconazole) 130.0 g/L,Blé*Trt Part.Aer.*Fusarioses,Autorisé,1.5,L/ha,
KEYNOTE,2160931,bixafène (Bixafen) 65.0 g/L | fluopyram (Fluopyram) 65.0 g/L | prothioconazole (Prothioconazole) 130.0 g/L,Blé*Trt Part.Aer.*Helminthosporiose,Autorisé,1.5,L/ha,
KEYNOTE,2160931,bixafène (Bixafen) 65.0 g/L | fluopyram (Fluopyram) 65.0 g/L | prothioconazole (Prothioconazole) 130.0 g/L,Blé*Trt Part.Aer.*Oïdium(s),Autorisé,1.5,L/ha,
KEYNOTE,2160931,bixafène (Bixafen) 65.0 g/L | fluopyram (Fluopyram) 65.0 g/L | prothioconazole (Prothioconazole) 130.0 g/L,Blé*Trt Part.Aer.*Piétin verse,Autorisé,1.5,L/ha,
KEYNOTE,2160931,bixafène (Bixafen) 65.0 g/L | fluopyram (Fluopyram) 65.0 g/L | prothioconazole (Prothioconazole) 130.0 g/L,Blé*Trt Part.Aer.*Rouille(s),Autorisé,1.5,L/ha,
KEYNOTE,2160931,bixafène (Bixafen) 65.0 g/L | fluopyram (Fluopyram) 65.0 g/L | prothioconazole (Prothioconazole) 130.0 g/L,Blé*Trt Part.Aer.*Septoriose(s),Autorisé,1.5,L/ha,
BARITON,2100074,fluoxastrobine (Fluoxastrobin) 37.5 g/L | prothioconazole (Prothioconazole) 37.5 g/L,Blé*Trt Sem.*Champignons (autres que pythiacées),Autorisé,0.15,L/q,
MERLIN FLEXX XTRA,2160692,isoxaflutole (Isoxaflutole) 240.0 g/L | cyprosulfamide (Cyprosulfamide) 240.0 g/L,Maïs*Désherbage,Autorisé,0.41,L/ha,
MERLIN FLEXX XTRA,2160692,isoxaflutole (Isoxaflutole) 240.0 g/L | cyprosulfamide (Cyprosulfamide) 240.0 g/L,Maïs doux*Désherbage,Autorisé,0.41,L/ha,
MERLIN FLEXX,2110111,isoxaflutole (Isoxaflutole) 44.0 g/L | cyprosulfamide (Cyprosulfamide) 44.0 g/L,Maïs doux*Désherbage,Autorisé,2.25,L/ha,
MERLIN FLEXX,2110111,isoxaflutole (Isoxaflutole) 44.0 g/L | cyprosulfamide (Cyprosulfamide) 44.0 g/L,Maïs*Désherbage,Autorisé,2.25,L/ha,
PUMA LS,9600195,fénoxaprop-P-éthyle (Fenoxaprop-P) 69.0 g/L | méfenpyr (Mefenpyr) 18.7 g/L,Blé*Désherbage,Autorisé,1.0,L/ha,
PUMA LS,9600195,fénoxaprop-P-éthyle (Fenoxaprop-P) 69.0 g/L | méfenpyr (Mefenpyr) 18.7 g/L,Blé*Désherbage,Autorisé,1.2,L/ha,
TABLO 700,9800100,chlorotoluron (Chlorotoluron) 700.0 g/L,Orge*Désherbage,Autorisé,2.6,L/ha,
TABLO 700,9800100,chlorotoluron (Chlorotoluron) 700.0 g/L,Blé*Désherbage,Autorisé,2.6,L/ha,
PROFI AZ 250 SC,2200839,azoxystrobine (Azoxystrobin) 250.0 g/L,Maïs*Trt Part.Aer.*Maladies des taches foliaires,Autorisé,1.0,L/ha,
PROFI AZ 250 SC,2200839,azoxystrobine (Azoxystrobin) 250.0 g/L,Orge*Trt Part.Aer.*Helminthosporiose et ramulariose,Autorisé,1.0,L/ha,
PROFI AZ 250 SC,2200839,azoxystrobine (Azoxystrobin) 250.0 g/L,Orge*Trt Part.Aer.*Rhynchosporiose,Autorisé,1.0,L/ha,
PROFI AZ 250 SC,2200839,azoxystrobine (Azoxystrobin) 250.0 g/L,Orge*Trt Part.Aer.*Rouille(s),Autorisé,1.0,L/ha,
PROFI AZ 250 SC,2200839,azoxystrobine (Azoxystrobin) 250.0 g/L,Blé*Trt Part.Aer.*Helminthosporiose,Autorisé,1.0,L/ha,
PROFI AZ 250 SC,2200839,azoxystrobine (Azoxystrobin) 250.0 g/L,Blé*Trt Part.Aer.*Rouille(s),Autorisé,1.0,L/ha,
PROFI AZ 250 SC,2200839,azoxystrobine (Azoxystrobin) 250.0 g/L,Maïs*Trt Sol*Champignons (autres que pythiacées),Autorisé,1.0,L/ha,
TARGA MAX,2140105,quizalofop-P-éthyl (Quizalofop-P-ethyl) 100.0 g/L,Tournesol*Désherbage,Autorisé,0.6,L/ha,90.0
DIPHAR,2170782,dicamba (Dicamba) 480.0 g/L,Maïs*Désherbage,Autorisé,0.6,L/ha,
DIPHAR,2170782,dicamba (Dicamba) 480.0 g/L,Maïs*Désherbage,Autorisé,0.5,L/ha,
KALIMBA SL,2160477,dicamba (Dicamba) 480.0 g/L,Maïs*Désherbage,Autorisé,0.6,L/ha,
ERASMUS,2110165,tébuconazole (Tebuconazole) 250.0 g/L,Orge*Trt Part.Aer.*Helminthosporiose et ramulariose,Autorisé,1.0,L/ha,35.0
ERASMUS,2110165,tébuconazole (Tebuconazole) 250.0 g/L,Orge*Trt Part.Aer.*Oïdium(s),Autorisé,1.0,L/ha,35.0
ERASMUS,2110165,tébuconazole (Tebuconazole) 250.0 g/L,Orge*Trt Part.Aer.*Rhynchosporiose,Autorisé,1.0,L/ha,35.0
ERASMUS,2110165,tébuconazole (Tebuconazole) 250.0 g/L,Orge*Trt Part.Aer.*Rouille(s),Autorisé,1.0,L/ha,35.0
ERASMUS,2110165,tébuconazole (Tebuconazole) 250.0 g/L,Blé*Trt Part.Aer.*Fusarioses,Autorisé,1.0,L/ha,35.0
ERASMUS,2110165,tébuconazole (Tebuconazole) 250.0 g/L,Blé*Trt Part.Aer.*Oïdium(s),Autorisé,1.0,L/ha,35.0
ERASMUS,2110165,tébuconazole (Tebuconazole) 250.0 g/L,Blé*Trt Part.Aer.*Rouille(s),Autorisé,1.0,L/ha,35.0
ERASMUS,2110165,tébuconazole (Tebuconazole) 250.0 g/L,Blé*Trt Part.Aer.*Septoriose(s),Autorisé,1.0,L/ha,35.0
OCEAL,2130066,dicamba sel de diméthylamine (Dicamba) 700.0 g/kg,Maïs*Désherbage,Autorisé,0.4,kg/ha,90.0
OCEAL,2130066,dicamba sel de diméthylamine (Dicamba) 700.0 g/kg,Maïs*Désherbage,Autorisé,0.4,kg/ha,60.0
OCEAL,2130066,dicamba sel de diméthylamine (Dicamba) 700.0 g/kg,Maïs*Désherbage,Autorisé,0.4,kg/ha,
TEMPLIER,2140154,nicosulfuron (Nicosulfuron) 750.0 g/kg,Maïs*Désherbage,Autorisé,,,
UPTON,2220651,florasulame (Florasulam) 50.0 g/L,Orge*Désherbage,Autorisé,125.0,mL/ha,
UPTON,2220651,florasulame (Florasulam) 50.0 g/L,Orge*Désherbage,Autorisé,125.0,mL/ha,
UPTON,2220651,florasulame (Florasulam) 50.0 g/L,Blé*Désherbage,Autorisé,125.0,mL/ha,
UPTON,2220651,florasulame (Florasulam) 50.0 g/L,Blé*Désherbage,Autorisé,125.0,mL/ha,
FLEET,2200273,fluazifop-P-butyl (Fluazifop-P) 125.0 g/L,Tournesol*Désherbage,Autorisé,3.0,L/ha,90.0
FLEET,2200273,fluazifop-P-butyl (Fluazifop-P) 125.0 g/L,Tournesol*Désherbage,Autorisé,1.5,L/ha,90.0
SULFGUARD,2230160,soufre (Sulphur) 600.0 g/L | phosphonates de potassium (Potassium phosphonates) 300.0 g/L,Blé*Trt Part.Aer.*Septoriose(s),Autorisé,3.5,L/ha,
RAXIL STAR,2140038,prothioconazole (Prothioconazole) 100.0 g/L | tébuconazole (Tebuconazole) 60.0 g/L | fluopyram (Fluopyram) 20.0 g/L,Orge*Trt Sem.*Champignons (autres que pythiacées),Autorisé,0.05,L/q,
TIOÇAN,2200619,prothioconazole (Prothioconazole) 250.0 g/L,Orge*Trt Part.Aer.*Oïdium(s),Autorisé,0.8,L/ha,35.0
TIOÇAN,2200619,prothioconazole (Prothioconazole) 250.0 g/L,Orge*Trt Part.Aer.*Piétin verse,Autorisé,0.8,L/ha,35.0
TIOÇAN,2200619,prothioconazole (Prothioconazole) 250.0 g/L,Orge*Trt Part.Aer.*Rhynchosporiose,Autorisé,0.8,L/ha,35.0
TIOÇAN,2200619,prothioconazole (Prothioconazole) 250.0 g/L,Orge*Trt Part.Aer.*Fusarioses,Autorisé,0.8,L/ha,35.0
TIOÇAN,2200619,prothioconazole (Prothioconazole) 250.0 g/L,Orge*Trt Part.Aer.*Rouille(s),Autorisé,0.8,L/ha,35.0
TIOÇAN,2200619,prothioconazole (Prothioconazole) 250.0 g/L,Orge*Trt Part.Aer.*Helminthosporiose et ramulariose,Autorisé,0.8,L/ha,35.0
TIOÇAN,2200619,prothioconazole (Prothioconazole) 250.0 g/L,Blé*Trt Part.Aer.*Fusarioses,Autorisé,0.8,L/ha,35.0
TIOÇAN,2200619,prothioconazole (Prothioconazole) 250.0 g/L,Blé*Trt Part.Aer.*Oïdium(s),Autorisé,0.8,L/ha,35.0
TIOÇAN,2200619,prothioconazole (Prothioconazole) 250.0 g/L,Blé*Trt Part.Aer.*Piétin verse,Autorisé,0.8,L/ha,35.0
TIOÇAN,2200619,prothioconazole (Prothioconazole) 250.0 g/L,Blé*Trt Part.Aer.*Rouille(s),Autorisé,0.8,L/ha,35.0
TIOÇAN,2200619,prothioconazole (Prothioconazole) 250.0 g/L,Blé*Trt Part.Aer.*Septoriose(s),Autorisé,0.8,L/ha,35.0
FANDANGO S,2060118,fluoxastrobine (Fluoxastrobin) 50.0 g/L | prothioconazole (Prothioconazole) 100.0 g/L,Orge*Trt Part.Aer.*Fusarioses,Autorisé,1.75,L/ha,35.0
FANDANGO S,2060118,fluoxastrobine (Fluoxastrobin) 50.0 g/L | prothioconazole (Prothioconazole) 100.0 g/L,Orge*Trt Part.Aer.*Helminthosporiose et ramulariose,Autorisé,1.75,L/ha,35.0
FANDANGO S,2060118,fluoxastrobine (Fluoxastrobin) 50.0 g/L | prothioconazole (Prothioconazole) 100.0 g/L,Orge*Trt Part.Aer.*Oïdium(s),Autorisé,1.75,L/ha,35.0
FANDANGO S,2060118,fluoxastrobine (Fluoxastrobin) 50.0 g/L | prothioconazole (Prothioconazole) 100.0 g/L,Orge*Trt Part.Aer.*Piétin verse,Autorisé,1.75,L/ha,35.0
FANDANGO S,2060118,fluoxastrobine (Fluoxastrobin) 50.0 g/L | prothioconazole (Prothioconazole) 100.0 g/L,Orge*Trt Part.Aer.*Rhynchosporiose,Autorisé,1.75,L/ha,35.0
FANDANGO S,2060118,fluoxastrobine (Fluoxastrobin) 50.0 g/L | prothioconazole (Prothioconazole) 100.0 g/L,Orge*Trt Part.Aer.*Rouille(s),Autorisé,1.75,L/ha,35.0
FANDANGO S,2060118,fluoxastrobine (Fluoxastrobin) 50.0 g/L | prothioconazole (Prothioconazole) 100.0 g/L,Blé*Trt Part.Aer.*Fusarioses,Autorisé,2.0,L/ha,35.0
FANDANGO S,2060118,fluoxastrobine (Fluoxastrobin) 50.0 g/L | prothioconazole (Prothioconazole) 100.0 g/L,Blé*Trt Part.Aer.*Oïdium(s),Autorisé,2.0,L/ha,35.0
FANDANGO S,2060118,fluoxastrobine (Fluoxastrobin) 50.0 g/L | prothioconazole (Prothioconazole) 100.0 g/L,Blé*Trt Part.Aer.*Piétin verse,Autorisé,2.0,L/ha,35.0
FANDANGO S,2060118,fluoxastrobine (Fluoxastrobin) 50.0 g/L | prothioconazole (Prothioconazole) 100.0 g/L,Blé*Trt Part.Aer.*Rouille(s),Autorisé,2.0,L/ha,35.0
FANDANGO S,2060118,fluoxastrobine (Fluoxastrobin) 50.0 g/L | prothioconazole (Prothioconazole) 100.0 g/L,Blé*Trt Part.Aer.*Septoriose(s),Autorisé,2.0,L/hL,35.0
CURRENT,2230120,mésosulfuron (Mesosulfuron) 30.0 g/kg | Iodosulfuron (Iodosulfuron) 6.0 g/kg | méfenpyr-diéthyl (Mefenpyr) 90.0 g/kg,Blé*Désherbage,Autorisé,0.3,kg/ha,
CURRENT,2230120,mésosulfuron (Mesosulfuron) 30.0 g/kg | Iodosulfuron (Iodosulfuron) 6.0 g/kg | méfenpyr-diéthyl (Mefenpyr) 90.0 g/kg,Blé*Désherbage,Autorisé,0.48,kg/ha,
CLYDE FX,2230152,fluroxypyr-méptyl (Fluroxypyr) 144.0 g/L | florasulame (Florasulam) 1.0 g/L,Blé*Désherbage,Autorisé,1.8,L/ha,
CLYDE FX,2230152,fluroxypyr-méptyl (Fluroxypyr) 144.0 g/L | florasulame (Florasulam) 1.0 g/L,Blé*Désherbage,Autorisé,1.8,L/ha,
CLYDE FX,2230152,fluroxypyr-méptyl (Fluroxypyr) 144.0 g/L | florasulame (Florasulam) 1.0 g/L,Blé*Désherbage,Autorisé,1.5,L/ha,
CLYDE FX,2230152,fluroxypyr-méptyl (Fluroxypyr) 144.0 g/L | florasulame (Florasulam) 1.0 g/L,Orge*Désherbage,Autorisé,1.8,L/ha,
CLYDE FX,2230152,fluroxypyr-méptyl (Fluroxypyr) 144.0 g/L | florasulame (Florasulam) 1.0 g/L,Orge*Désherbage,Autorisé,1.5,L/ha,
MACETA 50,2190635,quizalofop-P-éthyl (Quizalofop-P-ethyl) 50.0 g/L,Tournesol*Désherbage,Autorisé,1.2,L/ha,90.0
MACETA 50,2190635,quizalofop-P-éthyl (Quizalofop-P-ethyl) 50.0 g/L,Tournesol*Désherbage,Autorisé,3.0,L/ha,90.0
CLAYTON KLONDIKE,2230579,aclonifène (Aclonifen) 600.0 g/L,Tournesol*Désherbage,Autorisé,4.0,L/ha,
SKYWAY XPRO,2110181,prothioconazole (Prothioconazole) 100.0 g/L | bixafène (Bixafen) 75.0 g/L | tébuconazole (Tebuconazole) 100.0 g/L,Orge*Trt Part.Aer.*Fusarioses,Autorisé,1.0,L/ha,
SKYWAY XPRO,2110181,prothioconazole (Prothioconazole) 100.0 g/L | bixafène (Bixafen) 75.0 g/L | tébuconazole (Tebuconazole) 100.0 g/L,Orge*Trt Part.Aer.*Helminthosporiose et ramulariose,Autorisé,1.0,L/ha,
SKYWAY XPRO,2110181,prothioconazole (Prothioconazole) 100.0 g/L | bixafène (Bixafen) 75.0 g/L | tébuconazole (Tebuconazole) 100.0 g/L,Orge*Trt Part.Aer.*Oïdium(s),Autorisé,1.0,L/ha,
SKYWAY XPRO,2110181,prothioconazole (Prothioconazole) 100.0 g/L | bixafène (Bixafen) 75.0 g/L | tébuconazole (Tebuconazole) 100.0 g/L,Orge*Trt Part.Aer.*Piétin verse,Autorisé,1.0,L/ha,
SKYWAY XPRO,2110181,prothioconazole (Prothioconazole) 100.0 g/L | bixafène (Bixafen) 75.0 g/L | tébuconazole (Tebuconazole) 100.0 g/L,Orge*Trt Part.Aer.*Rhynchosporiose,Autorisé,1.0,L/ha,
SKYWAY XPRO,2110181,prothioconazole (Prothioconazole) 100.0 g/L | bixafène (Bixafen) 75.0 g/L | tébuconazole (Tebuconazole) 100.0 g/L,Orge*Trt Part.Aer.*Rouille(s),Autorisé,1.0,L/ha,
SKYWAY XPRO,2110181,prothioconazole (Prothioconazole) 100.0 g/L | bixafène (Bixafen) 75.0 g/L | tébuconazole (Tebuconazole) 100.0 g/L,Orge*Trt Part.Aer.*Fusariose à microdochium,Autorisé,1.0,L/ha,
SKYWAY XPRO,2110181,prothioconazole (Prothioconazole) 100.0 g/L | bixafène (Bixafen) 75.0 g/L | tébuconazole (Tebuconazole) 100.0 g/L,Blé*Trt Part.Aer.*Fusariose à microdochium,Autorisé,1.0,L/ha,
SKYWAY XPRO,2110181,prothioconazole (Prothioconazole) 100.0 g/L | bixafène (Bixafen) 75.0 g/L | tébuconazole (Tebuconazole) 100.0 g/L,Blé*Trt Part.Aer.*Fusarioses,Autorisé,1.0,L/ha,
SKYWAY XPRO,2110181,prothioconazole (Prothioconazole) 100.0 g/L | bixafène (Bixafen) 75.0 g/L | tébuconazole (Tebuconazole) 100.0 g/L,Blé*Trt Part.Aer.*Helminthosporiose,Autorisé,1.0,L/ha,
SKYWAY XPRO,2110181,prothioconazole (Prothioconazole) 100.0 g/L | bixafène (Bixafen) 75.0 g/L | tébuconazole (Tebuconazole) 100.0 g/L,Blé*Trt Part.Aer.*Oïdium(s),Autorisé,1.0,L/ha,
SKYWAY XPRO,2110181,prothioconazole (Prothioconazole) 100.0 g/L | bixafène (Bixafen) 75.0 g/L | tébuconazole (Tebuconazole) 100.0 g/L,Blé*Trt Part.Aer.*Piétin verse,Autorisé,1.0,L/ha,
SKYWAY XPRO,2110181,prothioconazole (Prothioconazole) 100.0 g/L | bixafène (Bixafen) 75.0 g/L | tébuconazole (Tebuconazole) 100.0 g/L,Blé*Trt Part.Aer.*Rouille(s),Autorisé,1.0,L/ha,
SKYWAY XPRO,2110181,prothioconazole (Prothioconazole) 100.0 g/L | bixafène (Bixafen) 75.0 g/L | tébuconazole (Tebuconazole) 100.0 g/L,Blé*Trt Part.Aer.*Septoriose(s),Autorisé,1.0,L/ha,
DARBY,2220259,"2,4-D (2,4-D) 600.0 g/L",Orge*Désherbage,Autorisé,1.25,L/ha,
DARBY,2220259,"2,4-D (2,4-D) 600.0 g/L",Orge*Désherbage,Autorisé,0.7,L/ha,
DARBY,2220259,"2,4-D (2,4-D) 600.0 g/L",Blé*Désherbage,Autorisé,0.7,L/ha,
DARBY,2220259,"2,4-D (2,4-D) 600.0 g/L",Blé*Désherbage,Autorisé,1.25,L/ha,
BAÏA E,2100112,éthéphon (Ethephon) 480.0 g/L,Orge*Trt Part.Aer.*Régul. Croiss. Org. Aériens,Autorisé,0.75,L/ha,
BAÏA E,2100112,éthéphon (Ethephon) 480.0 g/L,Orge*Trt Part.Aer.*Régul. Croiss. Org. Aériens,Autorisé,1.5,L/ha,
BAÏA E,2100112,éthéphon (Ethephon) 480.0 g/L,Blé*Trt Part.Aer.*Régul. Croiss. Org. Aériens,Autorisé,0.6,L/ha,
BAÏA E,2100112,éthéphon (Ethephon) 480.0 g/L,Blé*Trt Part.Aer.*Régul. Croiss. Org. Aériens,Autorisé,1.5,L/ha,
BAÏA E,2100112,éthéphon (Ethephon) 480.0 g/L,Blé*Trt Part.Aer.*Régul. Croiss. Org. Aériens,Autorisé,0.6,L/ha,
CYVEA,2170263,cyperméthrine (Cypermethrin) 100.0 g/L,Maïs*Trt Part.Aer.*Pyrale(s) (1),Autorisé,0.75,L/ha,
NEXT,2171123,trinéxapac-éthyl (Trinexapac) 250.0 g/L,Orge*Trt Part.Aer.*Régul. Croiss. Org. Aériens,Autorisé,0.6,L/ha,
NEXT,2171123,trinéxapac-éthyl (Trinexapac) 250.0 g/L,Orge*Trt Part.Aer.*Régul. Croiss. Org. Aériens,Autorisé,0.8,L/ha,
NEXT,2171123,trinéxapac-éthyl (Trinexapac) 250.0 g/L,Blé*Trt Part.Aer.*Régul. Croiss. Org. Aériens,Autorisé,0.5,L/ha,
CLODINATOP,2150918,cloquintocet-mexyl (Cloquintocet mexyl) 25.0 g/L | clodinafop-propargyl (Clodinafop) 100.0 g/L,Blé*Désherbage,Autorisé,0.6,L/ha,42.0
KESTREL,2120070,tébuconazole (Tebuconazole) 80.0 g/L | prothioconazole (Prothioconazole) 160.0 g/L,Orge*Trt Part.Aer.*Helminthosporiose et ramulariose,Autorisé,1.0,L/ha,35.0
KESTREL,2120070,tébuconazole (Tebuconazole) 80.0 g/L | prothioconazole (Prothioconazole) 160.0 g/L,Orge*Trt Part.Aer.*Fusarioses,Autorisé,1.0,L/ha,35.0
KESTREL,2120070,tébuconazole (Tebuconazole) 80.0 g/L | prothioconazole (Prothioconazole) 160.0 g/L,Orge*Trt Part.Aer.*Oïdium(s),Autorisé,1.0,L/ha,35.0
KESTREL,2120070,tébuconazole (Tebuconazole) 80.0 g/L | prothioconazole (Prothioconazole) 160.0 g/L,Orge*Trt Part.Aer.*Piétin verse,Autorisé,1.0,L/ha,35.0
KESTREL,2120070,tébuconazole (Tebuconazole) 80.0 g/L | prothioconazole (Prothioconazole) 160.0 g/L,Orge*Trt Part.Aer.*Rhynchosporiose,Autorisé,1.0,L/ha,35.0
KESTREL,2120070,tébuconazole (Tebuconazole) 80.0 g/L | prothioconazole (Prothioconazole) 160.0 g/L,Orge*Trt Part.Aer.*Rouille(s),Autorisé,1.0,L/ha,35.0
KESTREL,2120070,tébuconazole (Tebuconazole) 80.0 g/L | prothioconazole (Prothioconazole) 160.0 g/L,Blé*Trt Part.Aer.*Fusarioses,Autorisé,1.0,L/ha,35.0
KESTREL,2120070,tébuconazole (Tebuconazole) 80.0 g/L | prothioconazole (Prothioconazole) 160.0 g/L,Blé*Trt Part.Aer.*Helminthosporiose,Autorisé,1.0,L/ha,35.0
KESTREL,2120070,tébuconazole (Tebuconazole) 80.0 g/L | prothioconazole (Prothioconazole) 160.0 g/L,Blé*Trt Part.Aer.*Oïdium(s),Autorisé,1.0,L/ha,35.0
KESTREL,2120070,tébuconazole (Tebuconazole) 80.0 g/L | prothioconazole (Prothioconazole) 160.0 g/L,Blé*Trt Part.Aer.*Piétin verse,Autorisé,1.0,L/ha,35.0
KESTREL,2120070,tébuconazole (Tebuconazole) 80.0 g/L | prothioconazole (Prothioconazole) 160.0 g/L,Blé*Trt Part.Aer.*Rouille(s),Autorisé,1.0,L/ha,35.0
KESTREL,2120070,tébuconazole (Tebuconazole) 80.0 g/L | prothioconazole (Prothioconazole) 160.0 g/L,Blé*Trt Part.Aer.*Septoriose(s),Autorisé,1.0,L/ha,35.0
LAGON,9600548,isoxaflutole (Isoxaflutole) 75.0 g/L | aclonifène (Aclonifen) 500.0 g/L,Maïs doux*Désherbage,Autorisé,0.5,L/ha,
LAGON,9600548,isoxaflutole (Isoxaflutole) 75.0 g/L | aclonifène (Aclonifen) 500.0 g/L,Maïs*Désherbage,Autorisé,1.0,L/ha,
REDIGO M,2180124,prothioconazole (Prothioconazole) 100.0 g/L | métalaxyl (Metalaxyl) 20.0 g/L,Maïs*Trt Sem.*Champignons (pythiacées),Autorisé,15.0,mL/unité,
REDIGO M,2180124,prothioconazole (Prothioconazole) 100.0 g/L | métalaxyl (Metalaxyl) 20.0 g/L,Maïs*Trt Sem.*Champignons (autres que pythiacées),Autorisé,15.0,mL/unité,
REDIGO M,2180124,prothioconazole (Prothioconazole) 100.0 g/L | métalaxyl (Metalaxyl) 20.0 g/L,Maïs doux*Trt Sem. Plants*Champignons (pythiacées),Autorisé,15.0,mL/unité,
REDIGO M,2180124,prothioconazole (Prothioconazole) 100.0 g/L | métalaxyl (Metalaxyl) 20.0 g/L,Maïs doux*Trt Sem. Plants*Champignons (autres que pythiacées),Autorisé,15.0,mL/unité,
FINY,2110099,metsulfuron-méthyl (Metsulfuron-methyl) 200.0 g/kg,Orge*Désherbage,Autorisé,0.03,kg/ha,
MATENO XTRA,2250819,aclonifène (Aclonifen) 500.0 g/L | diflufénican (Diflufenican) 100.0 g/L,Orge*Désherbage,Autorisé,1.2,L/ha,
MATENO XTRA,2250819,aclonifène (Aclonifen) 500.0 g/L | diflufénican (Diflufenican) 100.0 g/L,Blé*Désherbage,Autorisé,1.2,L/ha,
MATENO XTRA,2250819,aclonifène (Aclonifen) 500.0 g/L | diflufénican (Diflufenican) 100.0 g/L,Blé*Désherbage,Autorisé,1.2,L/ha,
MATENO XTRA,2250819,aclonifène (Aclonifen) 500.0 g/L | diflufénican (Diflufenican) 100.0 g/L,Orge*Désherbage,Autorisé,1.2,L/ha,
AZOXYSTAR 250 SC,2190634,azoxystrobine (Azoxystrobin) 250.0 g/L,Maïs*Trt Part.Aer.*Maladies des taches foliaires,Autorisé,1.0,L/ha,
AZOXYSTAR 250 SC,2190634,azoxystrobine (Azoxystrobin) 250.0 g/L,Maïs*Trt Sol*Champignons (autres que pythiacées),Autorisé,1.0,L/ha,
AZOXYSTAR 250 SC,2190634,azoxystrobine (Azoxystrobin) 250.0 g/L,Orge*Trt Part.Aer.*Helminthosporiose et ramulariose,Autorisé,1.0,L/ha,
AZOXYSTAR 250 SC,2190634,azoxystrobine (Azoxystrobin) 250.0 g/L,Orge*Trt Part.Aer.*Rhynchosporiose,Autorisé,1.0,L/ha,
AZOXYSTAR 250 SC,2190634,azoxystrobine (Azoxystrobin) 250.0 g/L,Orge*Trt Part.Aer.*Rouille(s),Autorisé,1.0,L/ha,
AZOXYSTAR 250 SC,2190634,azoxystrobine (Azoxystrobin) 250.0 g/L,Blé*Trt Part.Aer.*Rouille(s),Autorisé,1.0,L/ha,
COLLIS,2060085,krésoxime-méthyle (Kresoxim-methyl) 100.0 g/L | boscalide (Boscalid) 200.0 g/L,Orge*Trt Part.Aer.*Helminthosporiose et ramulariose,Autorisé,1.5,L/ha,56.0
COLLIS,2060085,krésoxime-méthyle (Kresoxim-methyl) 100.0 g/L | boscalide (Boscalid) 200.0 g/L,Orge*Trt Part.Aer.*Helminthosporiose et ramulariose,Autorisé,1.5,L/ha,56.0
COLLIS,2060085,krésoxime-méthyle (Kresoxim-methyl) 100.0 g/L | boscalide (Boscalid) 200.0 g/L,Blé*Trt Part.Aer.*Piétin verse,Autorisé,1.5,L/ha,
COLLIS,2060085,krésoxime-méthyle (Kresoxim-methyl) 100.0 g/L | boscalide (Boscalid) 200.0 g/L,Blé*Trt Part.Aer.*Piétin verse,Autorisé,1.5,L/ha,
COLLIS,2060085,krésoxime-méthyle (Kresoxim-methyl) 100.0 g/L | boscalide (Boscalid) 200.0 g/L,Blé*Trt Part.Aer.*Septoriose(s),Autorisé,1.5,L/ha,
COLLIS,2060085,krésoxime-méthyle (Kresoxim-methyl) 100.0 g/L | boscalide (Boscalid) 200.0 g/L,Blé*Trt Part.Aer.*Septoriose(s),Autorisé,1.5,L/ha,
DIFEND,2140189,difénoconazole (Difenoconazole) 30.0 g/L,Blé*Trt Sem.*Champignons (autres que pythiacées),Autorisé,0.2,L/q,
MICROTHIOL SPECIAL LIQUIDE,7700216,soufre (Sulphur) 825.0 g/L,Orge*Trt Part.Aer.*Oïdium(s),Autorisé,9.7,L/ha,3.0
MICROTHIOL SPECIAL LIQUIDE,7700216,soufre (Sulphur) 825.0 g/L,Blé*Trt Part.Aer.*Oïdium(s),Autorisé,9.7,L/ha,3.0
MICROTHIOL SPECIAL LIQUIDE,7700216,soufre (Sulphur) 825.0 g/L,Blé*Trt Part.Aer.*Septoriose(s),Autorisé,7.28,L/ha,
PROWL 400,8900681,pendiméthaline (Pendimethalin) 400.0 g/L,Orge*Désherbage,Autorisé,2.5,L/ha,
PROWL 400,8900681,pendiméthaline (Pendimethalin) 400.0 g/L,Tournesol*Désherbage,Autorisé,3.0,L/ha,
PROWL 400,8900681,pendiméthaline (Pendimethalin) 400.0 g/L,Blé*Désherbage,Autorisé,2.5,L/ha,
GOFOR XTRA,2260016,aclonifène (Aclonifen) 500.0 g/L | diflufénican (Diflufenican) 100.0 g/L,Orge*Désherbage,Autorisé,1.2,L/ha,
GOFOR XTRA,2260016,aclonifène (Aclonifen) 500.0 g/L | diflufénican (Diflufenican) 100.0 g/L,Orge*Désherbage,Autorisé,1.2,L/ha,
GOFOR XTRA,2260016,aclonifène (Aclonifen) 500.0 g/L | diflufénican (Diflufenican) 100.0 g/L,Blé*Désherbage,Autorisé,1.2,L/ha,
GOFOR XTRA,2260016,aclonifène (Aclonifen) 500.0 g/L | diflufénican (Diflufenican) 100.0 g/L,Blé*Désherbage,Autorisé,1.2,L/ha,
CORAGEN,2100121,chlorantraniliprole (Chlorantraniliprole) 200.0 g/L,Maïs*Trt Part.Aer.*Chenilles phytophages,Autorisé,125.0,mL/ha,
CORAGEN,2100121,chlorantraniliprole (Chlorantraniliprole) 200.0 g/L,Maïs doux*Trt Part.Aer.*Chenilles phytophages,Autorisé,125.0,mL/ha,7.0
CORAGEN,2100121,chlorantraniliprole (Chlorantraniliprole) 200.0 g/L,Maïs*Trt Part.Aer.*Chenilles phytophages,Autorisé,125.0,mL/ha,
CORAGEN,2100121,chlorantraniliprole (Chlorantraniliprole) 200.0 g/L,Maïs doux*Trt Part.Aer.*Chenilles phytophages,Autorisé,125.0,mL/ha,
CORAGEN,2100121,chlorantraniliprole (Chlorantraniliprole) 200.0 g/L,Maïs*Trt Part.Aer.*Chenilles phytophages,Autorisé,125.0,mL/ha,
VIBRANCE,2170752,sédaxane (Sedaxane) 500.0 g/L,Maïs*Trt Sem.*Charbon des inflorescences,Autorisé,15.0,mL/unité,
VIBRANCE,2170752,sédaxane (Sedaxane) 500.0 g/L,Maïs doux*Trt Sem. Plants*Champignons (autres que pythiacées),Autorisé,5.0,mL/unité,
VIBRANCE,2170752,sédaxane (Sedaxane) 500.0 g/L,Maïs*Trt Sem.*Champignons (autres que pythiacées),Autorisé,2.5,mL/unité,
VIBRANCE,2170752,sédaxane (Sedaxane) 500.0 g/L,Maïs doux*Trt Sem. Plants*Champignons (autres que pythiacées),Autorisé,30.0,mL/unité,
VIBRANCE GOLD,2110102,fludioxonil (Fludioxonil) 25.0 g/L | sédaxane (Sedaxane) 50.0 g/L | difénoconazole (Difenoconazole) 25.0 g/L,Orge*Trt Sem.*Champignons (autres que pythiacées),Autorisé,0.2,L/q,
VIBRANCE GOLD,2110102,fludioxonil (Fludioxonil) 25.0 g/L | sédaxane (Sedaxane) 50.0 g/L | difénoconazole (Difenoconazole) 25.0 g/L,Blé*Trt Sem.*Champignons (autres que pythiacées),Autorisé,0.2,L/q,
SUCCESS 4,2060098,spinosad (Spinosad) 480.0 g/L,Maïs doux*Trt Part.Aer.*Chenilles phytophages,Autorisé,0.2,L/ha,3.0
SUCCESS 4,2060098,spinosad (Spinosad) 480.0 g/L,Maïs*Trt Part.Aer.*Chenilles phytophages,Autorisé,0.2,L/ha,
SUCCESS 4,2060098,spinosad (Spinosad) 480.0 g/L,Maïs*Trt Part.Aer.*Pyrale(s) (1),Autorisé,0.2,L/ha,
SUCCESS 4,2060098,spinosad (Spinosad) 480.0 g/L,Porte graine - Maïs*Trt Part.Aer.*Chenilles phytophages,Autorisé,0.2,L/ha,
WASAN,2200904,bromuconazole (Bromuconazole) 300.0 g/L,Blé*Trt Part.Aer.*Fusarioses,Autorisé,1.0,L/ha,
WASAN,2200904,bromuconazole (Bromuconazole) 300.0 g/L,Blé*Trt Part.Aer.*Oïdium(s),Autorisé,1.0,L/ha,
WASAN,2200904,bromuconazole (Bromuconazole) 300.0 g/L,Blé*Trt Part.Aer.*Rouille(s),Autorisé,1.0,L/ha,
WASAN,2200904,bromuconazole (Bromuconazole) 300.0 g/L,Blé*Trt Part.Aer.*Septoriose(s),Autorisé,1.0,L/ha,
MONITOR,9800374,sulfosulfuron (Sulfosulfuron) 800.0 g/kg,Blé*Désherbage,Autorisé,12.5,g/ha,70.0
MONITOR,9800374,sulfosulfuron (Sulfosulfuron) 800.0 g/kg,Blé*Désherbage,Autorisé,25.0,g/ha,70.0
CELEST ORGE NET,2100110,fludioxonil (Fludioxonil) 12.5 g/L | cyprodinil (Cyprodinil) 25.0 g/L | tébuconazole (Tebuconazole) 15.0 g/L,Orge*Trt Sem.*Champignons (autres que pythiacées),Autorisé,0.2,L/q,
JURA MAX,2260009,prosulfocarbe (Prosulfocarb) 667.0 g/L | diflufénican (Diflufenican) 14.0 g/L,Blé*Désherbage,Autorisé,3.0,L/ha,
JURA MAX,2260009,prosulfocarbe (Prosulfocarb) 667.0 g/L | diflufénican (Diflufenican) 14.0 g/L,Orge*Désherbage,Autorisé,3.0,L/ha,
JURA MAX,2260009,prosulfocarbe (Prosulfocarb) 667.0 g/L | diflufénican (Diflufenican) 14.0 g/L,Tournesol*Désherbage,Autorisé,3.0,L/ha,
HARNIKO,2250282,aclonifène (Aclonifen) 600.0 g/L,Blé*Désherbage,Autorisé,1.35,L/ha,
HARNIKO,2250282,aclonifène (Aclonifen) 600.0 g/L,Orge*Désherbage,Autorisé,1.35,L/ha,
STARINTA DUO,2250505,prothioconazole (Prothioconazole) 150.0 g/L | bixafène (Bixafen) 75.0 g/L,Blé*Trt Part.Aer.*Fusariose à microdochium,Autorisé,1.25,L/ha,
STARINTA DUO,2250505,prothioconazole (Prothioconazole) 150.0 g/L | bixafène (Bixafen) 75.0 g/L,Blé*Trt Part.Aer.*Fusarioses,Autorisé,1.25,L/ha,
STARINTA DUO,2250505,prothioconazole (Prothioconazole) 150.0 g/L | bixafène (Bixafen) 75.0 g/L,Blé*Trt Part.Aer.*Helminthosporiose,Autorisé,1.25,L/ha,
STARINTA DUO,2250505,prothioconazole (Prothioconazole) 150.0 g/L | bixafène (Bixafen) 75.0 g/L,Blé*Trt Part.Aer.*Oïdium(s),Autorisé,1.25,L/ha,
STARINTA DUO,2250505,prothioconazole (Prothioconazole) 150.0 g/L | bixafène (Bixafen) 75.0 g/L,Blé*Trt Part.Aer.*Piétin verse,Autorisé,1.25,L/ha,
STARINTA DUO,2250505,prothioconazole (Prothioconazole) 150.0 g/L | bixafène (Bixafen) 75.0 g/L,Blé*Trt Part.Aer.*Septoriose(s),Autorisé,1.25,L/ha,
STARINTA DUO,2250505,prothioconazole (Prothioconazole) 150.0 g/L | bixafène (Bixafen) 75.0 g/L,Blé*Trt Part.Aer.*Rouille(s),Autorisé,1.25,L/ha,
STARINTA DUO,2250505,prothioconazole (Prothioconazole) 150.0 g/L | bixafène (Bixafen) 75.0 g/L,Orge*Trt Part.Aer.*Fusariose à microdochium,Autorisé,1.0,L/ha,
STARINTA DUO,2250505,prothioconazole (Prothioconazole) 150.0 g/L | bixafène (Bixafen) 75.0 g/L,Orge*Trt Part.Aer.*Fusarioses,Autorisé,1.0,L/ha,
STARINTA DUO,2250505,prothioconazole (Prothioconazole) 150.0 g/L | bixafène (Bixafen) 75.0 g/L,Orge*Trt Part.Aer.*Helminthosporiose et ramulariose,Autorisé,1.0,L/ha,
STARINTA DUO,2250505,prothioconazole (Prothioconazole) 150.0 g/L | bixafène (Bixafen) 75.0 g/L,Orge*Trt Part.Aer.*Oïdium(s),Autorisé,1.0,L/ha,
STARINTA DUO,2250505,prothioconazole (Prothioconazole) 150.0 g/L | bixafène (Bixafen) 75.0 g/L,Orge*Trt Part.Aer.*Piétin verse,Autorisé,1.0,L/ha,
STARINTA DUO,2250505,prothioconazole (Prothioconazole) 150.0 g/L | bixafène (Bixafen) 75.0 g/L,Orge*Trt Part.Aer.*Rhynchosporiose,Autorisé,1.0,L/ha,
STARINTA DUO,2250505,prothioconazole (Prothioconazole) 150.0 g/L | bixafène (Bixafen) 75.0 g/L,Orge*Trt Part.Aer.*Rouille(s),Autorisé,1.0,L/ha,
ETAMINE,2010019,quizalofop-P-éthyl (Quizalofop-P-ethyl) 50.0 g/L,Tournesol*Désherbage,Autorisé,1.2,L/ha,90.0
ETAMINE,2010019,quizalofop-P-éthyl (Quizalofop-P-ethyl) 50.0 g/L,Tournesol*Désherbage,Autorisé,3.0,L/ha,90.0
GARDIAN,9600229,fenpropidine (Fenpropidin) 750.0 g/L,Orge*Trt Part.Aer.*Oïdium(s),Autorisé,0.75,L/ha,42.0
GARDIAN,9600229,fenpropidine (Fenpropidin) 750.0 g/L,Orge*Trt Part.Aer.*Oïdium(s),Autorisé,0.36,L/ha,42.0
GARDIAN,9600229,fenpropidine (Fenpropidin) 750.0 g/L,Blé*Trt Part.Aer.*Oïdium(s),Autorisé,0.75,L/ha,35.0
GARDIAN,9600229,fenpropidine (Fenpropidin) 750.0 g/L,Blé*Trt Part.Aer.*Oïdium(s),Autorisé,0.36,L/ha,35.0
FLURICO,2240566,téfluthrine (Tefluthrin) 15.0 g/kg,Maïs doux*Trt Sol*Ravageurs du sol,Autorisé,12.2,kg/ha,
FLURICO,2240566,téfluthrine (Tefluthrin) 15.0 g/kg,Maïs doux*Trt Sol*Ravageurs du sol,Autorisé,10.0,kg/ha,
FLURICO,2240566,téfluthrine (Tefluthrin) 15.0 g/kg,Maïs*Trt Sol*Ravageurs du sol,Autorisé,12.2,kg/ha,
FLURICO,2240566,téfluthrine (Tefluthrin) 15.0 g/kg,Maïs*Trt Sol*Ravageurs du sol,Autorisé,10.0,kg/ha,
FLURICO,2240566,téfluthrine (Tefluthrin) 15.0 g/kg,Tournesol*Trt Sol*Ravageurs du sol,Autorisé,10.0,kg/ha,
RACING,2080125,metsulfuron-méthyl (Metsulfuron-methyl) 200.0 g/kg,Orge*Désherbage,Autorisé,0.02,kg/ha,
RACING,2080125,metsulfuron-méthyl (Metsulfuron-methyl) 200.0 g/kg,Orge*Désherbage,Autorisé,0.03,kg/ha,
RACING,2080125,metsulfuron-méthyl (Metsulfuron-methyl) 200.0 g/kg,Blé*Désherbage,Autorisé,0.02,kg/ha,
RACING,2080125,metsulfuron-méthyl (Metsulfuron-methyl) 200.0 g/kg,Blé*Désherbage,Autorisé,0.03,kg/ha,
GAL-GONE XL,2200734,fluroxypyr-méptyl (Fluroxypyr) 144.0 g/L | florasulame (Florasulam) 2.5 g/L,Blé*Désherbage,Autorisé,1.5,L/ha,
GAL-GONE XL,2200734,fluroxypyr-méptyl (Fluroxypyr) 144.0 g/L | florasulame (Florasulam) 2.5 g/L,Orge*Désherbage,Autorisé,1.8,L/ha,
GAL-GONE XL,2200734,fluroxypyr-méptyl (Fluroxypyr) 144.0 g/L | florasulame (Florasulam) 2.5 g/L,Orge*Désherbage,Autorisé,1.5,L/ha,
GAL-GONE XL,2200734,fluroxypyr-méptyl (Fluroxypyr) 144.0 g/L | florasulame (Florasulam) 2.5 g/L,Blé*Désherbage,Autorisé,1.8,L/ha,
PROCLUS XTRA,2250821,diflufénican (Diflufenican) 100.0 g/L | aclonifène (Aclonifen) 500.0 g/L,Orge*Désherbage,Autorisé,1.2,L/ha,
PROCLUS XTRA,2250821,diflufénican (Diflufenican) 100.0 g/L | aclonifène (Aclonifen) 500.0 g/L,Blé*Désherbage,Autorisé,1.2,L/ha,
PROCLUS XTRA,2250821,diflufénican (Diflufenican) 100.0 g/L | aclonifène (Aclonifen) 500.0 g/L,Blé*Désherbage,Autorisé,1.2,L/ha,
PROCLUS XTRA,2250821,diflufénican (Diflufenican) 100.0 g/L | aclonifène (Aclonifen) 500.0 g/L,Orge*Désherbage,Autorisé,1.2,L/ha,
CARAMBA STAR,2010280,metconazole (Metconazole) 90.0 g/L,Orge*Trt Part.Aer.*Oïdium(s),Autorisé,1.0,L/ha,35.0
CARAMBA STAR,2010280,metconazole (Metconazole) 90.0 g/L,Orge*Trt Part.Aer.*Rhynchosporiose,Autorisé,1.0,L/ha,35.0
CARAMBA STAR,2010280,metconazole (Metconazole) 90.0 g/L,Orge*Trt Part.Aer.*Rouille(s),Autorisé,1.0,L/ha,35.0
CARAMBA STAR,2010280,metconazole (Metconazole) 90.0 g/L,Blé*Trt Part.Aer.*Fusarioses,Autorisé,1.0,L/ha,35.0
CARAMBA STAR,2010280,metconazole (Metconazole) 90.0 g/L,Blé*Trt Part.Aer.*Oïdium(s),Autorisé,1.0,L/ha,35.0
CARAMBA STAR,2010280,metconazole (Metconazole) 90.0 g/L,Blé*Trt Part.Aer.*Rouille(s),Autorisé,1.0,L/ha,35.0
CARAMBA STAR,2010280,metconazole (Metconazole) 90.0 g/L,Blé*Trt Part.Aer.*Septoriose(s),Autorisé,1.0,L/ha,35.0
DAKOTA-P,2090113,pendiméthaline (Pendimethalin) 250.0 g/L | diméthénamide-P (Dimethenamid-P) 212.5 g/L,Maïs*Désherbage,Autorisé,4.0,L/ha,100.0
DAKOTA-P,2090113,pendiméthaline (Pendimethalin) 250.0 g/L | diméthénamide-P (Dimethenamid-P) 212.5 g/L,Tournesol*Désherbage,Autorisé,4.0,L/ha,
DAKOTA-P,2090113,pendiméthaline (Pendimethalin) 250.0 g/L | diméthénamide-P (Dimethenamid-P) 212.5 g/L,Maïs*Désherbage,Autorisé,4.0,L/ha,100.0
DAKOTA-P,2090113,pendiméthaline (Pendimethalin) 250.0 g/L | diméthénamide-P (Dimethenamid-P) 212.5 g/L,Maïs*Désherbage,Autorisé,4.0,L/ha,90.0
MEDAX TOP,2010030,prohexadione-calcium (Prohexadione) 50.0 g/L | mépiquat (Mepiquat) 300.0 g/L,Orge*Trt Part.Aer.*Régul. Croiss. Org. Aériens,Autorisé,1.0,L/ha,56.0
MEDAX TOP,2010030,prohexadione-calcium (Prohexadione) 50.0 g/L | mépiquat (Mepiquat) 300.0 g/L,Orge*Trt Part.Aer.*Régul. Croiss. Org. Aériens,Autorisé,1.5,L/ha,56.0
MEDAX TOP,2010030,prohexadione-calcium (Prohexadione) 50.0 g/L | mépiquat (Mepiquat) 300.0 g/L,Blé*Trt Part.Aer.*Régul. Croiss. Org. Aériens,Autorisé,1.0,L/ha,56.0
SICUNO,2230402,pyraclostrobine (Pyraclostrobin) 100.0 g/L | méfentrifluconazole (Mefentrifluconazole) 95.0 g/L,Orge*Trt Part.Aer.*Helminthosporiose et ramulariose,Autorisé,1.5,L/ha,35.0
SICUNO,2230402,pyraclostrobine (Pyraclostrobin) 100.0 g/L | méfentrifluconazole (Mefentrifluconazole) 95.0 g/L,Blé*Trt Part.Aer.*Septoriose(s),Autorisé,1.5,L/ha,35.0
SICUNO,2230402,pyraclostrobine (Pyraclostrobin) 100.0 g/L | méfentrifluconazole (Mefentrifluconazole) 95.0 g/L,Blé*Trt Part.Aer.*Rouille(s),Autorisé,1.5,L/ha,35.0
SICUNO,2230402,pyraclostrobine (Pyraclostrobin) 100.0 g/L | méfentrifluconazole (Mefentrifluconazole) 95.0 g/L,Orge*Trt Part.Aer.*Rhynchosporiose,Autorisé,1.5,L/ha,35.0
DICAVEL SL,2150022,dicamba (Dicamba) 480.0 g/L,Maïs*Désherbage,Autorisé,0.6,L/ha,
EVALTRO,2240594,pyraclostrobine (Pyraclostrobin) 200.0 g/L,Orge*Trt Part.Aer.*Helminthosporiose et ramulariose,Autorisé,1.1,L/ha,35.0
EVALTRO,2240594,pyraclostrobine (Pyraclostrobin) 200.0 g/L,Blé*Trt Part.Aer.*Rouille(s),Autorisé,1.1,L/ha,35.0
EVALTRO,2240594,pyraclostrobine (Pyraclostrobin) 200.0 g/L,Orge*Trt Part.Aer.*Rhynchosporiose,Autorisé,1.1,L/ha,35.0
EVALTRO,2240594,pyraclostrobine (Pyraclostrobin) 200.0 g/L,Orge*Trt Part.Aer.*Rouille(s),Autorisé,1.1,L/ha,35.0
EVALTRO,2240594,pyraclostrobine (Pyraclostrobin) 200.0 g/L,Orge*Trt Part.Aer.*Rouille(s),Autorisé,1.1,L/ha,35.0
EVALTRO,2240594,pyraclostrobine (Pyraclostrobin) 200.0 g/L,Blé*Trt Part.Aer.*Rouille(s),Autorisé,1.1,L/ha,35.0
EVALTRO,2240594,pyraclostrobine (Pyraclostrobin) 200.0 g/L,Orge*Trt Part.Aer.*Helminthosporiose et ramulariose,Autorisé,1.1,L/ha,35.0
EVALTRO,2240594,pyraclostrobine (Pyraclostrobin) 200.0 g/L,Orge*Trt Part.Aer.*Rhynchosporiose,Autorisé,1.1,L/ha,35.0
IMPERIS,2230736,fluxapyroxade (Fluxapyroxad) 75.0 g/L | pyraclostrobine (Pyraclostrobin) 150.0 g/L,Orge*Trt Part.Aer.*Helminthosporiose et ramulariose,Autorisé,1.5,L/ha,35.0
IMPERIS,2230736,fluxapyroxade (Fluxapyroxad) 75.0 g/L | pyraclostrobine (Pyraclostrobin) 150.0 g/L,Orge*Trt Part.Aer.*Rhynchosporiose,Autorisé,1.5,L/ha,35.0
IMPERIS,2230736,fluxapyroxade (Fluxapyroxad) 75.0 g/L | pyraclostrobine (Pyraclostrobin) 150.0 g/L,Blé*Trt Part.Aer.*Oïdium(s),Autorisé,1.5,L/ha,35.0
IMPERIS,2230736,fluxapyroxade (Fluxapyroxad) 75.0 g/L | pyraclostrobine (Pyraclostrobin) 150.0 g/L,Blé*Trt Part.Aer.*Septoriose(s),Autorisé,1.5,L/ha,35.0
IMPERIS,2230736,fluxapyroxade (Fluxapyroxad) 75.0 g/L | pyraclostrobine (Pyraclostrobin) 150.0 g/L,Blé*Trt Part.Aer.*Rouille(s),Autorisé,1.5,L/ha,35.0
IMPERIS,2230736,fluxapyroxade (Fluxapyroxad) 75.0 g/L | pyraclostrobine (Pyraclostrobin) 150.0 g/L,Orge*Trt Part.Aer.*Oïdium(s),Autorisé,1.5,L/ha,35.0
IMPERIS,2230736,fluxapyroxade (Fluxapyroxad) 75.0 g/L | pyraclostrobine (Pyraclostrobin) 150.0 g/L,Orge*Trt Part.Aer.*Rouille(s),Autorisé,1.5,L/ha,35.0
DEFT PREMIUM,2110192,metsulfuron-méthyle (Metsulfuron-methyl) 200.0 g/kg,Orge*Désherbage,Autorisé,30.0,g/ha,
DEFT PREMIUM,2110192,metsulfuron-méthyle (Metsulfuron-methyl) 200.0 g/kg,Orge*Désherbage,Autorisé,25.0,g/ha,
DEFT PREMIUM,2110192,metsulfuron-méthyle (Metsulfuron-methyl) 200.0 g/kg,Orge*Désherbage,Autorisé,20.0,g/ha,
DEFT PREMIUM,2110192,metsulfuron-méthyle (Metsulfuron-methyl) 200.0 g/kg,Blé*Désherbage,Autorisé,30.0,g/ha,
DEFT PREMIUM,2110192,metsulfuron-méthyle (Metsulfuron-methyl) 200.0 g/kg,Blé*Désherbage,Autorisé,25.0,g/ha,
DEFT PREMIUM,2110192,metsulfuron-méthyle (Metsulfuron-methyl) 200.0 g/kg,Orge*Désherbage,Autorisé,15.0,g/ha,
DEFT PREMIUM,2110192,metsulfuron-méthyle (Metsulfuron-methyl) 200.0 g/kg,Blé*Désherbage,Autorisé,15.0,g/ha,
DEFT PREMIUM,2110192,metsulfuron-méthyle (Metsulfuron-methyl) 200.0 g/kg,Blé*Désherbage,Autorisé,0.02,kg/ha,
DEFT PREMIUM,2110192,metsulfuron-méthyle (Metsulfuron-methyl) 200.0 g/kg,Blé*Désherbage,Autorisé,0.03,kg/ha,
VALENTIA,2210226,florasulame (Florasulam) 2.0 g/L | fluroxypyr-méptyl (Fluroxypyr) 144.0 g/L,Orge*Désherbage,Autorisé,1.5,L/ha,
VALENTIA,2210226,florasulame (Florasulam) 2.0 g/L | fluroxypyr-méptyl (Fluroxypyr) 144.0 g/L,Orge*Désherbage,Autorisé,1.6,L/ha,
VALENTIA,2210226,florasulame (Florasulam) 2.0 g/L | fluroxypyr-méptyl (Fluroxypyr) 144.0 g/L,Orge*Désherbage,Autorisé,1.6,L/ha,
VALENTIA,2210226,florasulame (Florasulam) 2.0 g/L | fluroxypyr-méptyl (Fluroxypyr) 144.0 g/L,Blé*Désherbage,Autorisé,1.5,L/ha,
VALENTIA,2210226,florasulame (Florasulam) 2.0 g/L | fluroxypyr-méptyl (Fluroxypyr) 144.0 g/L,Blé*Désherbage,Autorisé,1.6,L/ha,
VALENTIA,2210226,florasulame (Florasulam) 2.0 g/L | fluroxypyr-méptyl (Fluroxypyr) 144.0 g/L,Blé*Désherbage,Autorisé,1.6,L/ha,
VALENTIA,2210226,florasulame (Florasulam) 2.0 g/L | fluroxypyr-méptyl (Fluroxypyr) 144.0 g/L,Blé*Désherbage,Autorisé,1.5,L/ha,
UNIVOQ,2210013,fenpicoxamide (Fenpicoxamid) 50.0 g/L | prothioconazole (Prothioconazole) 100.0 g/L,Blé*Trt Part.Aer.*Fusariose à microdochium,Autorisé,2.0,L/ha,
UNIVOQ,2210013,fenpicoxamide (Fenpicoxamid) 50.0 g/L | prothioconazole (Prothioconazole) 100.0 g/L,Blé*Trt Part.Aer.*Fusarioses,Autorisé,2.0,L/ha,
UNIVOQ,2210013,fenpicoxamide (Fenpicoxamid) 50.0 g/L | prothioconazole (Prothioconazole) 100.0 g/L,Blé*Trt Part.Aer.*Helminthosporiose,Autorisé,2.0,L/ha,
UNIVOQ,2210013,fenpicoxamide (Fenpicoxamid) 50.0 g/L | prothioconazole (Prothioconazole) 100.0 g/L,Blé*Trt Part.Aer.*Oïdium(s),Autorisé,2.0,L/ha,
UNIVOQ,2210013,fenpicoxamide (Fenpicoxamid) 50.0 g/L | prothioconazole (Prothioconazole) 100.0 g/L,Blé*Trt Part.Aer.*Piétin verse,Autorisé,2.0,L/ha,
UNIVOQ,2210013,fenpicoxamide (Fenpicoxamid) 50.0 g/L | prothioconazole (Prothioconazole) 100.0 g/L,Blé*Trt Part.Aer.*Rouille(s),Autorisé,2.0,L/ha,
UNIVOQ,2210013,fenpicoxamide (Fenpicoxamid) 50.0 g/L | prothioconazole (Prothioconazole) 100.0 g/L,Blé*Trt Part.Aer.*Septoriose(s),Autorisé,1.5,L/ha,
ELUMIS,2100111,mésotrione (Mesotrione) 75.0 g/L | nicosulfuron (Nicosulfuron) 30.0 g/L,Maïs*Désherbage,Autorisé,1.5,L/ha,
MAGNELLO,2110191,tébuconazole (Tebuconazole) 250.0 g/L | difénoconazole (Difenoconazole) 100.0 g/L,Blé*Trt Part.Aer.*Fusarioses,Autorisé,1.0,L/ha,
MAGNELLO,2110191,tébuconazole (Tebuconazole) 250.0 g/L | difénoconazole (Difenoconazole) 100.0 g/L,Blé*Trt Part.Aer.*Fusarioses,Autorisé,1.0,L/ha,
MAGNELLO,2110191,tébuconazole (Tebuconazole) 250.0 g/L | difénoconazole (Difenoconazole) 100.0 g/L,Blé*Trt Part.Aer.*Rouille(s),Autorisé,1.0,L/ha,
MAGNELLO,2110191,tébuconazole (Tebuconazole) 250.0 g/L | difénoconazole (Difenoconazole) 100.0 g/L,Blé*Trt Part.Aer.*Rouille(s),Autorisé,1.0,L/ha,
MAGNELLO,2110191,tébuconazole (Tebuconazole) 250.0 g/L | difénoconazole (Difenoconazole) 100.0 g/L,Blé*Trt Part.Aer.*Septoriose(s),Autorisé,1.0,L/ha,
FLEXITY,2060051,métrafénone (Metrafenone) 300.0 g/L,Orge*Trt Part.Aer.*Oïdium(s),Autorisé,0.5,L/ha,35.0
FLEXITY,2060051,métrafénone (Metrafenone) 300.0 g/L,Orge*Trt Part.Aer.*Piétin verse,Autorisé,0.5,L/ha,35.0
FLEXITY,2060051,métrafénone (Metrafenone) 300.0 g/L,Blé*Trt Part.Aer.*Oïdium(s),Autorisé,0.5,L/ha,35.0
FLEXITY,2060051,métrafénone (Metrafenone) 300.0 g/L,Blé*Trt Part.Aer.*Piétin verse,Autorisé,0.5,L/ha,35.0
CALLISTO PLUS,2160248,dicamba (Dicamba) 120.0 g/L | mésotrione (Mesotrione) 50.0 g/L,Maïs*Désherbage,Autorisé,2.0,L/ha,
ELYPSE 50 WG,2160398,mésotrione (Mesotrione) 500.0 g/kg,Maïs*Désherbage,Autorisé,0.3,kg/ha,
ELYPSE 50 WG,2160398,mésotrione (Mesotrione) 500.0 g/kg,Maïs doux*Désherbage,Autorisé,0.15,kg/ha,
KUMULUS DF,9200214,soufre (Sulphur) 800.0 g/kg,Orge*Trt Part.Aer.*Oïdium(s),Autorisé,10.0,kg/ha,
KUMULUS DF,9200214,soufre (Sulphur) 800.0 g/kg,Blé*Trt Part.Aer.*Oïdium(s),Autorisé,10.0,kg/ha,
PALLITOP,2210386,pyraclostrobine (Pyraclostrobin) 200.0 g/kg,Maïs*Trt Part.Aer.*Rouille(s),Autorisé,1.0,kg/ha,
PALLITOP,2210386,pyraclostrobine (Pyraclostrobin) 200.0 g/kg,Maïs doux*Trt Part.Aer.*Rouille(s),Autorisé,1.0,kg/ha,
PALLITOP,2210386,pyraclostrobine (Pyraclostrobin) 200.0 g/kg,Maïs*Trt Part.Aer.*Maladies des taches foliaires,Autorisé,1.0,kg/ha,
PALLITOP,2210386,pyraclostrobine (Pyraclostrobin) 200.0 g/kg,Maïs doux*Trt Part.Aer.*Maladies des taches foliaires,Autorisé,1.0,kg/ha,
MODAN,2150756,trinéxapac (Trinexapac) 250.0 g/L,Orge*Trt Part.Aer.*Régul. Croiss. Org. Aériens,Autorisé,0.8,L/ha,
MODAN,2150756,trinéxapac (Trinexapac) 250.0 g/L,Orge*Trt Part.Aer.*Régul. Croiss. Org. Aériens,Autorisé,0.6,L/ha,
MODAN,2150756,trinéxapac (Trinexapac) 250.0 g/L,Blé*Trt Part.Aer.*Régul. Croiss. Org. Aériens,Autorisé,0.5,L/ha,
CLAYTON TEBUCON,2240569,tébuconazole (Tebuconazole) 250.0 g/L,Blé*Trt Part.Aer.*Fusarioses,Autorisé,1.0,L/ha,
CLAYTON TEBUCON,2240569,tébuconazole (Tebuconazole) 250.0 g/L,Blé*Trt Part.Aer.*Oïdium(s),Autorisé,1.0,L/ha,
CLAYTON TEBUCON,2240569,tébuconazole (Tebuconazole) 250.0 g/L,Blé*Trt Part.Aer.*Rouille(s),Autorisé,1.0,L/ha,
CLAYTON TEBUCON,2240569,tébuconazole (Tebuconazole) 250.0 g/L,Orge*Trt Part.Aer.*Fusarioses,Autorisé,1.0,L/ha,
CLAYTON TEBUCON,2240569,tébuconazole (Tebuconazole) 250.0 g/L,Orge*Trt Part.Aer.*Oïdium(s),Autorisé,1.0,L/ha,
CLAYTON TEBUCON,2240569,tébuconazole (Tebuconazole) 250.0 g/L,Orge*Trt Part.Aer.*Rouille(s),Autorisé,1.0,L/ha,
MODDUS EVO,2160384,trinéxapac (Trinexapac) 250.0 g/L,Orge*Trt Part.Aer.*Régul. Croiss. Org. Aériens,Autorisé,0.5,L/ha,
MODDUS EVO,2160384,trinéxapac (Trinexapac) 250.0 g/L,Orge*Trt Part.Aer.*Régul. Croiss. Org. Aériens,Autorisé,0.6,L/ha,
MODDUS EVO,2160384,trinéxapac (Trinexapac) 250.0 g/L,Blé*Trt Part.Aer.*Régul. Croiss. Org. Aériens,Autorisé,0.4,L/ha,
MODDUS EVO,2160384,trinéxapac (Trinexapac) 250.0 g/L,Blé*Trt Part.Aer.*Régul. Croiss. Org. Aériens,Autorisé,0.5,L/ha,
PROBE,2250547,bixafène (Bixafen) 75.0 g/L | prothioconazole (Prothioconazole) 150.0 g/L,Blé*Trt Part.Aer.*Fusariose à microdochium,Autorisé,1.25,L/ha,
PROBE,2250547,bixafène (Bixafen) 75.0 g/L | prothioconazole (Prothioconazole) 150.0 g/L,Blé*Trt Part.Aer.*Fusarioses,Autorisé,1.25,L/ha,
PROBE,2250547,bixafène (Bixafen) 75.0 g/L | prothioconazole (Prothioconazole) 150.0 g/L,Blé*Trt Part.Aer.*Helminthosporiose,Autorisé,1.25,L/ha,
PROBE,2250547,bixafène (Bixafen) 75.0 g/L | prothioconazole (Prothioconazole) 150.0 g/L,Blé*Trt Part.Aer.*Oïdium(s),Autorisé,1.25,L/ha,
PROBE,2250547,bixafène (Bixafen) 75.0 g/L | prothioconazole (Prothioconazole) 150.0 g/L,Blé*Trt Part.Aer.*Piétin verse,Autorisé,1.25,L/ha,
PROBE,2250547,bixafène (Bixafen) 75.0 g/L | prothioconazole (Prothioconazole) 150.0 g/L,Blé*Trt Part.Aer.*Rouille(s),Autorisé,1.25,L/ha,
PROBE,2250547,bixafène (Bixafen) 75.0 g/L | prothioconazole (Prothioconazole) 150.0 g/L,Blé*Trt Part.Aer.*Septoriose(s),Autorisé,1.25,L/ha,
PROBE,2250547,bixafène (Bixafen) 75.0 g/L | prothioconazole (Prothioconazole) 150.0 g/L,Orge*Trt Part.Aer.*Fusariose à microdochium,Autorisé,1.0,L/ha,
PROBE,2250547,bixafène (Bixafen) 75.0 g/L | prothioconazole (Prothioconazole) 150.0 g/L,Orge*Trt Part.Aer.*Fusarioses,Autorisé,1.0,L/ha,
PROBE,2250547,bixafène (Bixafen) 75.0 g/L | prothioconazole (Prothioconazole) 150.0 g/L,Orge*Trt Part.Aer.*Helminthosporiose et ramulariose,Autorisé,1.0,L/ha,
PROBE,2250547,bixafène (Bixafen) 75.0 g/L | prothioconazole (Prothioconazole) 150.0 g/L,Orge*Trt Part.Aer.*Oïdium(s),Autorisé,1.0,L/ha,
PROBE,2250547,bixafène (Bixafen) 75.0 g/L | prothioconazole (Prothioconazole) 150.0 g/L,Orge*Trt Part.Aer.*Piétin verse,Autorisé,1.0,L/ha,
PROBE,2250547,bixafène (Bixafen) 75.0 g/L | prothioconazole (Prothioconazole) 150.0 g/L,Orge*Trt Part.Aer.*Rhynchosporiose,Autorisé,1.0,L/ha,
PROBE,2250547,bixafène (Bixafen) 75.0 g/L | prothioconazole (Prothioconazole) 150.0 g/L,Orge*Trt Part.Aer.*Rouille(s),Autorisé,1.0,L/ha,
PREMIS 25 FS,2100002,triticonazole (Triticonazole) 25.0 g/L,Orge*Trt Sem.*Champignons (autres que pythiacées),Autorisé,0.2,L/q,
PREMIS 25 FS,2100002,triticonazole (Triticonazole) 25.0 g/L,Blé*Trt Sem.*Champignons (autres que pythiacées),Autorisé,0.2,L/q,
PROPULSE,2130202,fluopyram (Fluopyram) 125.0 g/L | prothioconazole (Prothioconazole) 125.0 g/L,Maïs*Trt Part.Aer.*Fusarioses,Autorisé,1.0,L/ha,
PROPULSE,2130202,fluopyram (Fluopyram) 125.0 g/L | prothioconazole (Prothioconazole) 125.0 g/L,Maïs*Trt Part.Aer.*Maladies des taches foliaires,Autorisé,1.0,L/ha,
PROPULSE,2130202,fluopyram (Fluopyram) 125.0 g/L | prothioconazole (Prothioconazole) 125.0 g/L,Maïs doux*Trt Part.Aer.*Maladies des taches foliaires,Autorisé,1.0,L/ha,28.0
TRINITY,2160208,chlorotoluron (Chlorotoluron) 250.0 g/L | diflufénican (Diflufenican) 40.0 g/L | pendiméthaline (Pendimethalin) 300.0 g/L,Orge*Désherbage,Autorisé,2.0,L/ha,
TRINITY,2160208,chlorotoluron (Chlorotoluron) 250.0 g/L | diflufénican (Diflufenican) 40.0 g/L | pendiméthaline (Pendimethalin) 300.0 g/L,Blé*Désherbage,Autorisé,2.0,L/ha,
TRINITY,2160208,chlorotoluron (Chlorotoluron) 250.0 g/L | diflufénican (Diflufenican) 40.0 g/L | pendiméthaline (Pendimethalin) 300.0 g/L,Blé*Désherbage,Autorisé,2.0,L/ha,
TRINITY,2160208,chlorotoluron (Chlorotoluron) 250.0 g/L | diflufénican (Diflufenican) 40.0 g/L | pendiméthaline (Pendimethalin) 300.0 g/L,Orge*Désherbage,Autorisé,2.0,L/ha,
COSAYR,2250461,Chlorantraniliprole (Chlorantraniliprole) 200.0 g/L,Maïs*Trt Part.Aer.*Chenilles phytophages,Autorisé,0.14,L/ha,14.0
COSAYR,2250461,Chlorantraniliprole (Chlorantraniliprole) 200.0 g/L,Maïs doux*Trt Part.Aer.*Chenilles phytophages,Autorisé,0.14,L/ha,7.0
TIDEX,2210058,fluroxypyr (Fluroxypyr) 288.0 g/L,Maïs*Désherbage,Autorisé,1.0,L/ha,
TIDEX,2210058,fluroxypyr (Fluroxypyr) 288.0 g/L,Orge*Désherbage,Autorisé,1.0,L/ha,
TIDEX,2210058,fluroxypyr (Fluroxypyr) 288.0 g/L,Blé*Désherbage,Autorisé,1.0,L/ha,
KRATOS,2260091,picolinafène (Picolinafen) 750.0 g/kg,Blé*Désherbage,Autorisé,133.0,g/ha,
KRATOS,2260091,picolinafène (Picolinafen) 750.0 g/kg,Orge*Désherbage,Autorisé,133.0,g/ha,
KRATOS,2260091,picolinafène (Picolinafen) 750.0 g/kg,Blé*Désherbage,Autorisé,133.0,g/ha,
KRATOS,2260091,picolinafène (Picolinafen) 750.0 g/kg,Orge*Désherbage,Autorisé,133.0,g/ha,
THIOVIT GOLD,2250183,soufre (Sulphur) 800.0 g/kg,Blé*Trt Part.Aer.*Oïdium(s),Autorisé,10.0,kg/ha,3.0
THIOVIT GOLD,2250183,soufre (Sulphur) 800.0 g/kg,Orge*Trt Part.Aer.*Oïdium(s),Autorisé,10.0,kg/ha,3.0
NOVALL,9000833,quinmérac (Quinmerac) 100.0 g/L | métazachlore (Metazachlor) 400.0 g/L,Tournesol*Désherbage,Autorisé,1.87,L/ha,
MODDUS,9100046,trinéxapac (Trinexapac) 250.0 g/L,Orge*Trt Part.Aer.*Régul. Croiss. Org. Aériens,Autorisé,0.8,L/ha,
MODDUS,9100046,trinéxapac (Trinexapac) 250.0 g/L,Blé*Trt Part.Aer.*Régul. Croiss. Org. Aériens,Autorisé,0.5,L/ha,
MODDUS,9100046,trinéxapac (Trinexapac) 250.0 g/L,Orge*Trt Part.Aer.*Régul. Croiss. Org. Aériens,Autorisé,0.6,L/ha,
CELEST NET,2030323,fludioxonil (Fludioxonil) 25.0 g/L,Orge*Trt Sem.*Champignons (autres que pythiacées),Autorisé,0.2,L/q,
CELEST NET,2030323,fludioxonil (Fludioxonil) 25.0 g/L,Tournesol*Trt Sem.*Champignons (autres que pythiacées),Autorisé,0.6,L/q,
CELEST NET,2030323,fludioxonil (Fludioxonil) 25.0 g/L,Blé*Trt Sem.*Champignons (autres que pythiacées),Autorisé,0.2,L/q,
VIBRANCE TRIO,2170753,fludioxonil (Fludioxonil) 25.0 g/L | tébuconazole (Tebuconazole) 10.0 g/L | sédaxane (Sedaxane) 25.0 g/L,Orge*Trt Sem.*Champignons (autres que pythiacées),Autorisé,0.2,L/q,
CODIX,2130140,pendiméthaline (Pendimethalin) 400.0 g/L | diflufénican (Diflufenican) 40.0 g/L,Orge*Désherbage,Autorisé,2.5,L/ha,
CODIX,2130140,pendiméthaline (Pendimethalin) 400.0 g/L | diflufénican (Diflufenican) 40.0 g/L,Blé*Désherbage,Autorisé,2.5,L/ha,
CODIX,2130140,pendiméthaline (Pendimethalin) 400.0 g/L | diflufénican (Diflufenican) 40.0 g/L,Blé*Désherbage,Autorisé,2.5,L/ha,
CODIX,2130140,pendiméthaline (Pendimethalin) 400.0 g/L | diflufénican (Diflufenican) 40.0 g/L,Orge*Désherbage,Autorisé,2.5,L/ha,
CODIX,2130140,pendiméthaline (Pendimethalin) 400.0 g/L | diflufénican (Diflufenican) 40.0 g/L,Blé*Désherbage,Autorisé,2.0,L/ha,
CODIX,2130140,pendiméthaline (Pendimethalin) 400.0 g/L | diflufénican (Diflufenican) 40.0 g/L,Orge*Désherbage,Autorisé,2.0,L/ha,
LUCIFERE,2190198,soufre (Sulphur) 800.0 g/L,Blé*Trt Part.Aer.*Oïdium(s),Autorisé,10.0,L/ha,35.0
LUCIFERE,2190198,soufre (Sulphur) 800.0 g/L,Orge*Trt Part.Aer.*Oïdium(s),Autorisé,10.0,L/ha,35.0
LUCIFERE,2190198,soufre (Sulphur) 800.0 g/L,Blé*Trt Part.Aer.*Septoriose(s),Autorisé,10.0,L/ha,
ROXY 800 EC,2090186,prosulfocarbe (Prosulfocarb) 800.0 g/L,Orge*Désherbage,Autorisé,3.0,L/ha,
ROXY 800 EC,2090186,prosulfocarbe (Prosulfocarb) 800.0 g/L,Blé*Désherbage,Autorisé,3.0,L/ha,
BOXETTE,2180523,metconazole (Metconazole) 90.0 g/L,Orge*Trt Part.Aer.*Oïdium(s),Autorisé,1.0,L/ha,35.0
BOXETTE,2180523,metconazole (Metconazole) 90.0 g/L,Orge*Trt Part.Aer.*Rhynchosporiose,Autorisé,1.0,L/ha,35.0
BOXETTE,2180523,metconazole (Metconazole) 90.0 g/L,Orge*Trt Part.Aer.*Rouille(s),Autorisé,1.0,L/ha,35.0
BOXETTE,2180523,metconazole (Metconazole) 90.0 g/L,Blé*Trt Part.Aer.*Fusarioses,Autorisé,1.0,L/ha,35.0
BOXETTE,2180523,metconazole (Metconazole) 90.0 g/L,Blé*Trt Part.Aer.*Rouille(s),Autorisé,1.0,L/ha,35.0
BOXETTE,2180523,metconazole (Metconazole) 90.0 g/L,Blé*Trt Part.Aer.*Septoriose(s),Autorisé,1.0,L/ha,35.0
BOXETTE,2180523,metconazole (Metconazole) 90.0 g/L,Blé*Trt Part.Aer.*Oïdium(s),Autorisé,1.0,L/ha,35.0
FLORDIMEX EXTRA,2210012,éthéphon (Ethephon) 660.0 g/L,Blé*Trt Part.Aer.*Régul. Croiss. Org. Aériens,Autorisé,0.75,L/ha,
FLORDIMEX EXTRA,2210012,éthéphon (Ethephon) 660.0 g/L,Orge*Trt Part.Aer.*Régul. Croiss. Org. Aériens,Autorisé,0.75,L/ha,
FLORDIMEX EXTRA,2210012,éthéphon (Ethephon) 660.0 g/L,Orge*Trt Part.Aer.*Régul. Croiss. Org. Aériens,Autorisé,0.5,L/ha,
TARTAROS,2230011,prothioconazole (Prothioconazole) 300.0 g/L,Orge*Trt Part.Aer.*Rouille(s),Autorisé,0.65,L/ha,
TARTAROS,2230011,prothioconazole (Prothioconazole) 300.0 g/L,Orge*Trt Part.Aer.*Helminthosporiose et ramulariose,Autorisé,0.65,L/ha,
TARTAROS,2230011,prothioconazole (Prothioconazole) 300.0 g/L,Orge*Trt Part.Aer.*Rhynchosporiose,Autorisé,0.65,L/ha,
TARTAROS,2230011,prothioconazole (Prothioconazole) 300.0 g/L,Blé*Trt Part.Aer.*Septoriose(s),Autorisé,0.65,L/ha,
TARTAROS,2230011,prothioconazole (Prothioconazole) 300.0 g/L,Blé*Trt Part.Aer.*Fusarioses,Autorisé,0.65,L/ha,
TARTAROS,2230011,prothioconazole (Prothioconazole) 300.0 g/L,Blé*Trt Part.Aer.*Fusarioses,Autorisé,0.65,L/ha,
TARTAROS,2230011,prothioconazole (Prothioconazole) 300.0 g/L,Blé*Trt Part.Aer.*Helminthosporiose,Autorisé,0.65,L/ha,
TARTAROS,2230011,prothioconazole (Prothioconazole) 300.0 g/L,Blé*Trt Part.Aer.*Rouille(s),Autorisé,0.65,L/ha,
EQUIP,2000301,foramsulfuron (Foramsulfuron) 22.5 g/L | isoxadifène-éthyl (Isoxadifen-ethyl) 22.5 g/L,Maïs*Désherbage,Autorisé,2.66,L/ha,60.0
EQUIP,2000301,foramsulfuron (Foramsulfuron) 22.5 g/L | isoxadifène-éthyl (Isoxadifen-ethyl) 22.5 g/L,Maïs*Désherbage,Autorisé,2.66,L/ha,100.0
ACTIOL,8300063,soufre (Sulphur) 800.0 g/L,Orge*Trt Part.Aer.*Oïdium(s),Autorisé,10.0,L/ha,35.0
ACTIOL,8300063,soufre (Sulphur) 800.0 g/L,Blé*Trt Part.Aer.*Oïdium(s),Autorisé,10.0,L/ha,35.0
ACTIOL,8300063,soufre (Sulphur) 800.0 g/L,Blé*Trt Part.Aer.*Septoriose(s),Autorisé,10.0,L/ha,
ROXY EC,2250396,prosulfocarbe (Prosulfocarb) 800.0 g/L,Blé*Désherbage,Autorisé,3.0,L/ha,
ROXY EC,2250396,prosulfocarbe (Prosulfocarb) 800.0 g/L,Blé*Désherbage,Autorisé,3.0,L/ha,
ROXY EC,2250396,prosulfocarbe (Prosulfocarb) 800.0 g/L,Orge*Désherbage,Autorisé,3.0,L/ha,
STARINTA,2250545,bixafène (Bixafen) 125.0 g/L,Blé*Trt Part.Aer.*Rouille(s),Autorisé,1.0,L/ha,
STARINTA,2250545,bixafène (Bixafen) 125.0 g/L,Orge*Trt Part.Aer.*Rhynchosporiose,Autorisé,1.0,L/ha,
STARINTA,2250545,bixafène (Bixafen) 125.0 g/L,Orge*Trt Part.Aer.*Rouille(s),Autorisé,1.0,L/ha,
PICOSOLO,2060063,picolinafène (Picolinafen) 750.0 g/kg,Orge*Désherbage,Autorisé,133.0,g/ha,
PICOSOLO,2060063,picolinafène (Picolinafen) 750.0 g/kg,Orge*Désherbage,Autorisé,133.0,g/ha,
PICOSOLO,2060063,picolinafène (Picolinafen) 750.0 g/kg,Blé*Désherbage,Autorisé,133.0,g/ha,
PICOSOLO,2060063,picolinafène (Picolinafen) 750.0 g/kg,Blé*Désherbage,Autorisé,133.0,g/ha,
ERCOLE,2150483,lambda-cyhalothrine (Lambda-Cyhalothrin) 4.0 g/kg,Tournesol*Trt Sol*Ravageurs du sol,Autorisé,15.0,kg/ha,
ERCOLE,2150483,lambda-cyhalothrine (Lambda-Cyhalothrin) 4.0 g/kg,Maïs doux*Trt Sol*Ravageurs du sol,Autorisé,15.0,kg/ha,
ERCOLE,2150483,lambda-cyhalothrine (Lambda-Cyhalothrin) 4.0 g/kg,Maïs*Trt Sol*Ravageurs du sol,Autorisé,15.0,kg/ha,
MAVRIK JET,2190016,tau-fluvalinate (Tau-Fluvalinate) 18.0 g/L | pirimicarbe (Pirimicarb) 50.0 g/L,Tournesol*Trt Part.Aer.*Pucerons,Autorisé,3.0,L/ha,
KARIS 10 CS,2130251,lambda-cyhalothrine (Lambda-Cyhalothrin) 100.0 g/L,Maïs doux*Trt Part.Aer.*Chenilles phytophages,Autorisé,0.075,L/ha,7.0
KARIS 10 CS,2130251,lambda-cyhalothrine (Lambda-Cyhalothrin) 100.0 g/L,Maïs doux*Trt Part.Aer.*Coléoptères phytophages,Autorisé,0.05,L/ha,7.0
KARIS 10 CS,2130251,lambda-cyhalothrine (Lambda-Cyhalothrin) 100.0 g/L,Maïs*Trt Part.Aer.*Pucerons,Autorisé,0.075,L/ha,7.0
KARIS 10 CS,2130251,lambda-cyhalothrine (Lambda-Cyhalothrin) 100.0 g/L,Maïs*Trt Sol*Ravageurs du sol,Autorisé,0.075,L/ha,28.0
FORAPRO,2240001,prothioconazole (Prothioconazole) 175.0 g/L | fenpropidine (Fenpropidin) 250.0 g/L,Orge*Trt Part.Aer.*Rhynchosporiose,Autorisé,1.0,L/ha,20.0
FORAPRO,2240001,prothioconazole (Prothioconazole) 175.0 g/L | fenpropidine (Fenpropidin) 250.0 g/L,Orge*Trt Part.Aer.*Oïdium(s),Autorisé,1.0,L/ha,35.0
FORAPRO,2240001,prothioconazole (Prothioconazole) 175.0 g/L | fenpropidine (Fenpropidin) 250.0 g/L,Orge*Trt Part.Aer.*Rouille(s),Autorisé,1.0,L/ha,35.0
FORAPRO,2240001,prothioconazole (Prothioconazole) 175.0 g/L | fenpropidine (Fenpropidin) 250.0 g/L,Blé*Trt Part.Aer.*Septoriose(s),Autorisé,1.0,L/ha,35.0
FORAPRO,2240001,prothioconazole (Prothioconazole) 175.0 g/L | fenpropidine (Fenpropidin) 250.0 g/L,Blé*Trt Part.Aer.*Oïdium(s),Autorisé,1.0,L/ha,35.0
FORAPRO,2240001,prothioconazole (Prothioconazole) 175.0 g/L | fenpropidine (Fenpropidin) 250.0 g/L,Orge*Trt Part.Aer.*Helminthosporiose et ramulariose,Autorisé,1.0,L/ha,35.0
FORAPRO,2240001,prothioconazole (Prothioconazole) 175.0 g/L | fenpropidine (Fenpropidin) 250.0 g/L,Blé*Trt Part.Aer.*Rouille(s),Autorisé,1.0,L/ha,35.0
BOTIGA,2250536,mésotrione (Mesotrione) 90.0 g/L | pyridate (Pyridate) 300.0 g/L,Maïs*Désherbage,Autorisé,1.0,L/ha,
BOTIGA,2250536,mésotrione (Mesotrione) 90.0 g/L | pyridate (Pyridate) 300.0 g/L,Maïs*Désherbage,Autorisé,0.5,L/ha,
BOTIGA,2250536,mésotrione (Mesotrione) 90.0 g/L | pyridate (Pyridate) 300.0 g/L,Maïs doux*Désherbage,Autorisé,1.0,L/ha,
BOTIGA,2250536,mésotrione (Mesotrione) 90.0 g/L | pyridate (Pyridate) 300.0 g/L,Maïs doux*Désherbage,Autorisé,0.5,L/ha,
SYSTIVA,2140051,fluxapyroxade (Fluxapyroxad) 333.0 g/L,Orge*Trt Sem.*Champignons (autres que pythiacées),Autorisé,0.15,L/q,
SYSTIVA,2140051,fluxapyroxade (Fluxapyroxad) 333.0 g/L,Blé*Trt Sem.*Champignons (autres que pythiacées),Autorisé,0.15,L/q,
COMET 200,2100151,pyraclostrobine (Pyraclostrobin) 200.0 g/L,Orge*Trt Part.Aer.*Rhynchosporiose,Autorisé,1.1,L/ha,35.0
COMET 200,2100151,pyraclostrobine (Pyraclostrobin) 200.0 g/L,Orge*Trt Part.Aer.*Rouille(s),Autorisé,1.1,L/ha,35.0
COMET 200,2100151,pyraclostrobine (Pyraclostrobin) 200.0 g/L,Orge*Trt Part.Aer.*Helminthosporiose et ramulariose,Autorisé,1.1,L/ha,35.0
COMET 200,2100151,pyraclostrobine (Pyraclostrobin) 200.0 g/L,Orge*Trt Part.Aer.*Helminthosporiose et ramulariose,Autorisé,1.1,L/ha,35.0
COMET 200,2100151,pyraclostrobine (Pyraclostrobin) 200.0 g/L,Orge*Trt Part.Aer.*Rhynchosporiose,Autorisé,1.1,L/ha,35.0
COMET 200,2100151,pyraclostrobine (Pyraclostrobin) 200.0 g/L,Orge*Trt Part.Aer.*Rouille(s),Autorisé,1.1,L/ha,35.0
COMET 200,2100151,pyraclostrobine (Pyraclostrobin) 200.0 g/L,Blé*Trt Part.Aer.*Rouille(s),Autorisé,1.1,L/ha,35.0
COMET 200,2100151,pyraclostrobine (Pyraclostrobin) 200.0 g/L,Blé*Trt Part.Aer.*Rouille(s),Autorisé,1.1,L/ha,35.0
LIBRAX,2140173,fluxapyroxade (Fluxapyroxad) 62.5 g/L | metconazole (Metconazole) 45.0 g/L,Orge*Trt Part.Aer.*Helminthosporiose et ramulariose,Autorisé,2.0,L/ha,35.0
LIBRAX,2140173,fluxapyroxade (Fluxapyroxad) 62.5 g/L | metconazole (Metconazole) 45.0 g/L,Orge*Trt Part.Aer.*Oïdium(s),Autorisé,2.0,L/ha,35.0
LIBRAX,2140173,fluxapyroxade (Fluxapyroxad) 62.5 g/L | metconazole (Metconazole) 45.0 g/L,Orge*Trt Part.Aer.*Piétin verse,Autorisé,2.0,L/ha,35.0
LIBRAX,2140173,fluxapyroxade (Fluxapyroxad) 62.5 g/L | metconazole (Metconazole) 45.0 g/L,Orge*Trt Part.Aer.*Rhynchosporiose,Autorisé,2.0,L/ha,35.0
LIBRAX,2140173,fluxapyroxade (Fluxapyroxad) 62.5 g/L | metconazole (Metconazole) 45.0 g/L,Orge*Trt Part.Aer.*Rouille(s),Autorisé,2.0,L/ha,35.0
LIBRAX,2140173,fluxapyroxade (Fluxapyroxad) 62.5 g/L | metconazole (Metconazole) 45.0 g/L,Blé*Trt Part.Aer.*Fusarioses,Autorisé,2.0,L/ha,35.0
LIBRAX,2140173,fluxapyroxade (Fluxapyroxad) 62.5 g/L | metconazole (Metconazole) 45.0 g/L,Blé*Trt Part.Aer.*Oïdium(s),Autorisé,2.0,L/ha,35.0
LIBRAX,2140173,fluxapyroxade (Fluxapyroxad) 62.5 g/L | metconazole (Metconazole) 45.0 g/L,Blé*Trt Part.Aer.*Piétin verse,Autorisé,2.0,L/ha,35.0
LIBRAX,2140173,fluxapyroxade (Fluxapyroxad) 62.5 g/L | metconazole (Metconazole) 45.0 g/L,Blé*Trt Part.Aer.*Rouille(s),Autorisé,2.0,L/ha,35.0
LIBRAX,2140173,fluxapyroxade (Fluxapyroxad) 62.5 g/L | metconazole (Metconazole) 45.0 g/L,Blé*Trt Part.Aer.*Septoriose(s),Autorisé,2.0,L/ha,35.0
BASAGRAN SG,9500628,bentazone (Bentazone) 870.0 g/kg,Maïs*Désherbage,Autorisé,1.1,kg/ha,
BASAGRAN SG,9500628,bentazone (Bentazone) 870.0 g/kg,Maïs doux*Désherbage,Autorisé,1.1,kg/ha,
BELANTY,2210797,méfentrifluconazole (Mefentrifluconazole) 75.0 g/L,Tournesol*Trt Part.Aer.*Sclérotiniose,Autorisé,1.5,L/ha,
BELANTY,2210797,méfentrifluconazole (Mefentrifluconazole) 75.0 g/L,Maïs*Trt Part.Aer.*Fusarioses,Autorisé,1.25,L/ha,
BELANTY,2210797,méfentrifluconazole (Mefentrifluconazole) 75.0 g/L,Maïs*Trt Part.Aer.*Rouille(s),Autorisé,1.25,L/ha,
BELANTY,2210797,méfentrifluconazole (Mefentrifluconazole) 75.0 g/L,Maïs*Trt Part.Aer.*Maladies des taches foliaires,Autorisé,1.25,L/ha,
BELANTY,2210797,méfentrifluconazole (Mefentrifluconazole) 75.0 g/L,Maïs doux*Trt Part.Aer.*Rouille(s),Autorisé,1.25,L/ha,
BELANTY,2210797,méfentrifluconazole (Mefentrifluconazole) 75.0 g/L,Porte graine - Maïs*Trt Part.Aer.*Fusarioses,Autorisé,1.25,L/ha,
BELANTY,2210797,méfentrifluconazole (Mefentrifluconazole) 75.0 g/L,Maïs doux*Trt Part.Aer.*Fusarioses,Autorisé,1.25,L/ha,
BELANTY,2210797,méfentrifluconazole (Mefentrifluconazole) 75.0 g/L,Maïs doux*Trt Part.Aer.*Maladies des taches foliaires,Autorisé,1.25,L/ha,
BELANTY,2210797,méfentrifluconazole (Mefentrifluconazole) 75.0 g/L,Tournesol*Trt Part.Aer.*Maladies des taches brunes,Autorisé,1.5,L/ha,
ROMBLE,2250480,azoxystrobine (Azoxystrobin) 250.0 g/L,Blé*Trt Part.Aer.*Helminthosporiose,Autorisé,1.0,L/ha,
ROMBLE,2250480,azoxystrobine (Azoxystrobin) 250.0 g/L,Blé*Trt Part.Aer.*Rouille(s),Autorisé,1.0,L/ha,
ROMBLE,2250480,azoxystrobine (Azoxystrobin) 250.0 g/L,Maïs doux*Trt Part.Aer.*Maladies des taches foliaires,Autorisé,1.0,L/ha,
ROMBLE,2250480,azoxystrobine (Azoxystrobin) 250.0 g/L,Maïs*Trt Part.Aer.*Rouille(s),Autorisé,1.0,L/ha,
ROMBLE,2250480,azoxystrobine (Azoxystrobin) 250.0 g/L,Maïs*Trt Sol*Champignons (autres que pythiacées),Autorisé,1.0,L/ha,
ROMBLE,2250480,azoxystrobine (Azoxystrobin) 250.0 g/L,Orge*Trt Part.Aer.*Helminthosporiose et ramulariose,Autorisé,1.0,L/ha,
ROMBLE,2250480,azoxystrobine (Azoxystrobin) 250.0 g/L,Maïs*Trt Part.Aer.*Maladies des taches foliaires,Autorisé,1.0,L/ha,
ROMBLE,2250480,azoxystrobine (Azoxystrobin) 250.0 g/L,Orge*Trt Part.Aer.*Rhynchosporiose,Autorisé,1.0,L/ha,
ROMBLE,2250480,azoxystrobine (Azoxystrobin) 250.0 g/L,Orge*Trt Part.Aer.*Rouille(s),Autorisé,1.0,L/ha,
RAPSAN TDI,2070221,métazachlore (Metazachlor) 400.0 g/L | quinmérac (Quinmerac) 100.0 g/L,Tournesol*Désherbage,Autorisé,1.87,L/ha,
EUSKATEL,2210166,prothioconazole (Prothioconazole) 250.0 g/L,Orge*Trt Part.Aer.*Fusarioses,Autorisé,0.8,L/ha,35.0
EUSKATEL,2210166,prothioconazole (Prothioconazole) 250.0 g/L,Orge*Trt Part.Aer.*Helminthosporiose et ramulariose,Autorisé,0.8,L/ha,35.0
EUSKATEL,2210166,prothioconazole (Prothioconazole) 250.0 g/L,Orge*Trt Part.Aer.*Piétin verse,Autorisé,0.8,L/ha,35.0
EUSKATEL,2210166,prothioconazole (Prothioconazole) 250.0 g/L,Orge*Trt Part.Aer.*Oïdium(s),Autorisé,0.8,L/ha,35.0
EUSKATEL,2210166,prothioconazole (Prothioconazole) 250.0 g/L,Orge*Trt Part.Aer.*Rhynchosporiose,Autorisé,0.8,L/ha,35.0
EUSKATEL,2210166,prothioconazole (Prothioconazole) 250.0 g/L,Orge*Trt Part.Aer.*Rouille(s),Autorisé,0.8,L/ha,35.0
EUSKATEL,2210166,prothioconazole (Prothioconazole) 250.0 g/L,Blé*Trt Part.Aer.*Fusarioses,Autorisé,0.8,L/ha,35.0
EUSKATEL,2210166,prothioconazole (Prothioconazole) 250.0 g/L,Blé*Trt Part.Aer.*Oïdium(s),Autorisé,0.8,L/ha,35.0
EUSKATEL,2210166,prothioconazole (Prothioconazole) 250.0 g/L,Blé*Trt Part.Aer.*Piétin verse,Autorisé,0.8,L/ha,35.0
EUSKATEL,2210166,prothioconazole (Prothioconazole) 250.0 g/L,Blé*Trt Part.Aer.*Rouille(s),Autorisé,0.8,L/ha,35.0
EUSKATEL,2210166,prothioconazole (Prothioconazole) 250.0 g/L,Blé*Trt Part.Aer.*Septoriose(s),Autorisé,0.8,L/ha,35.0
LIBERATOR XTRA,2250820,aclonifène (Aclonifen) 500.0 g/L | diflufénican (Diflufenican) 100.0 g/L,Blé*Désherbage,Autorisé,1.2,L/ha,
LIBERATOR XTRA,2250820,aclonifène (Aclonifen) 500.0 g/L | diflufénican (Diflufenican) 100.0 g/L,Orge*Désherbage,Autorisé,1.2,L/ha,
LIBERATOR XTRA,2250820,aclonifène (Aclonifen) 500.0 g/L | diflufénican (Diflufenican) 100.0 g/L,Orge*Désherbage,Autorisé,1.2,L/ha,
LIBERATOR XTRA,2250820,aclonifène (Aclonifen) 500.0 g/L | diflufénican (Diflufenican) 100.0 g/L,Blé*Désherbage,Autorisé,1.2,L/ha,
ISARD,9900251,diméthénamide-P (Dimethenamid-P) 720.0 g/L,Maïs*Désherbage,Autorisé,1.4,L/ha,100.0
ISARD,9900251,diméthénamide-P (Dimethenamid-P) 720.0 g/L,Maïs*Désherbage,Autorisé,1.2,L/ha,100.0
ISARD,9900251,diméthénamide-P (Dimethenamid-P) 720.0 g/L,Maïs*Désherbage,Autorisé,1.2,L/ha,90.0
ISARD,9900251,diméthénamide-P (Dimethenamid-P) 720.0 g/L,Maïs doux*Désherbage,Autorisé,1.4,L/ha,60.0
ISARD,9900251,diméthénamide-P (Dimethenamid-P) 720.0 g/L,Maïs*Désherbage,Autorisé,1.4,L/ha,90.0
CELEST GOLD NET,2110018,difénoconazole (Difenoconazole) 25.0 g/L | fludioxonil (Fludioxonil) 25.0 g/L,Orge*Trt Sem.*Champignons (autres que pythiacées),Autorisé,0.2,L/q,
CELEST GOLD NET,2110018,difénoconazole (Difenoconazole) 25.0 g/L | fludioxonil (Fludioxonil) 25.0 g/L,Blé*Trt Sem.*Champignons (autres que pythiacées),Autorisé,0.2,L/q,
ETHEVERSE,7800132,éthéphon (Ethephon) 480.0 g/L,Orge*Trt Part.Aer.*Régul. Croiss. Org. Aériens,Autorisé,0.75,L/ha,
ETHEVERSE,7800132,éthéphon (Ethephon) 480.0 g/L,Orge*Trt Part.Aer.*Régul. Croiss. Org. Aériens,Autorisé,1.0,L/ha,
ETHEVERSE,7800132,éthéphon (Ethephon) 480.0 g/L,Blé*Trt Part.Aer.*Régul. Croiss. Org. Aériens,Autorisé,1.0,L/ha,
ETHEVERSE,7800132,éthéphon (Ethephon) 480.0 g/L,Blé*Trt Part.Aer.*Régul. Croiss. Org. Aériens,Autorisé,0.6,L/ha,
LS PROTIM,2240545,metconazole (Metconazole) 48.0 g/L | prothioconazole (Prothioconazole) 100.0 g/L,Blé*Trt Part.Aer.*Rouille(s),Autorisé,1.0,L/ha,
LS PROTIM,2240545,metconazole (Metconazole) 48.0 g/L | prothioconazole (Prothioconazole) 100.0 g/L,Blé*Trt Part.Aer.*Septoriose(s),Autorisé,1.0,L/ha,
LS PROTIM,2240545,metconazole (Metconazole) 48.0 g/L | prothioconazole (Prothioconazole) 100.0 g/L,Blé*Trt Part.Aer.*Septoriose(s),Autorisé,1.0,L/ha,
LS PROTIM,2240545,metconazole (Metconazole) 48.0 g/L | prothioconazole (Prothioconazole) 100.0 g/L,Blé*Trt Part.Aer.*Rouille(s),Autorisé,1.0,L/ha,
DAGDA 250,2210840,prothioconazole (Prothioconazole) 250.0 g/L,Orge*Trt Part.Aer.*Fusarioses,Autorisé,0.8,L/ha,35.0
DAGDA 250,2210840,prothioconazole (Prothioconazole) 250.0 g/L,Orge*Trt Part.Aer.*Helminthosporiose et ramulariose,Autorisé,0.8,L/ha,35.0
DAGDA 250,2210840,prothioconazole (Prothioconazole) 250.0 g/L,Orge*Trt Part.Aer.*Oïdium(s),Autorisé,0.8,L/ha,35.0
DAGDA 250,2210840,prothioconazole (Prothioconazole) 250.0 g/L,Orge*Trt Part.Aer.*Piétin verse,Autorisé,0.8,L/ha,35.0
DAGDA 250,2210840,prothioconazole (Prothioconazole) 250.0 g/L,Orge*Trt Part.Aer.*Rouille(s),Autorisé,0.8,L/ha,35.0
DAGDA 250,2210840,prothioconazole (Prothioconazole) 250.0 g/L,Orge*Trt Part.Aer.*Rhynchosporiose,Autorisé,0.8,L/ha,35.0
DAGDA 250,2210840,prothioconazole (Prothioconazole) 250.0 g/L,Blé*Trt Part.Aer.*Fusarioses,Autorisé,0.8,L/ha,35.0
DAGDA 250,2210840,prothioconazole (Prothioconazole) 250.0 g/L,Blé*Trt Part.Aer.*Piétin verse,Autorisé,0.8,L/ha,35.0
DAGDA 250,2210840,prothioconazole (Prothioconazole) 250.0 g/L,Blé*Trt Part.Aer.*Oïdium(s),Autorisé,0.8,L/ha,35.0
DAGDA 250,2210840,prothioconazole (Prothioconazole) 250.0 g/L,Blé*Trt Part.Aer.*Rouille(s),Autorisé,0.8,L/ha,35.0
DAGDA 250,2210840,prothioconazole (Prothioconazole) 250.0 g/L,Blé*Trt Part.Aer.*Septoriose(s),Autorisé,0.8,L/ha,35.0
VIBALLA,2230008,halauxifène-méthyl (Halauxifen-methyl) 3.13 g/L,Tournesol*Désherbage,Autorisé,1.0,L/ha,
MOXA,2130247,trinéxapac-éthyl (Trinexapac) 250.0 g/L,Orge*Trt Part.Aer.*Régul. Croiss. Org. Aériens,Autorisé,0.6,L/ha,
MOXA,2130247,trinéxapac-éthyl (Trinexapac) 250.0 g/L,Orge*Trt Part.Aer.*Régul. Croiss. Org. Aériens,Autorisé,0.8,L/ha,
MOXA,2130247,trinéxapac-éthyl (Trinexapac) 250.0 g/L,Blé*Trt Part.Aer.*Régul. Croiss. Org. Aériens,Autorisé,0.5,L/ha,
CLAYTON GENEVA,2250100,chlorantraniliprole (Chlorantraniliprole) 200.0 g/L,Maïs doux*Trt Part.Aer.*Chenilles phytophages,Autorisé,125.0,mL/ha,7.0
CLAYTON GENEVA,2250100,chlorantraniliprole (Chlorantraniliprole) 200.0 g/L,Maïs doux*Trt Part.Aer.*Chenilles phytophages,Autorisé,125.0,mL/ha,
CLAYTON GENEVA,2250100,chlorantraniliprole (Chlorantraniliprole) 200.0 g/L,Maïs*Trt Part.Aer.*Chenilles phytophages,Autorisé,125.0,mL/ha,
CLAYTON GENEVA,2250100,chlorantraniliprole (Chlorantraniliprole) 200.0 g/L,Maïs*Trt Part.Aer.*Chenilles phytophages,Autorisé,125.0,mL/ha,
CLAYTON GENEVA,2250100,chlorantraniliprole (Chlorantraniliprole) 200.0 g/L,Maïs*Trt Part.Aer.*Chenilles phytophages,Autorisé,125.0,mL/ha,
ACOIDAL 800 FLO,2170029,soufre triture (Sulphur) 800.0 g/L,Blé*Trt Part.Aer.*Oïdium(s),Autorisé,10.0,L/ha,35.0
ANTILOPE XTRA,2250823,aclonifène (Aclonifen) 500.0 g/L | diflufénican (Diflufenican) 100.0 g/L,Orge*Désherbage,Autorisé,1.2,L/ha,
ANTILOPE XTRA,2250823,aclonifène (Aclonifen) 500.0 g/L | diflufénican (Diflufenican) 100.0 g/L,Orge*Désherbage,Autorisé,1.2,L/ha,
ANTILOPE XTRA,2250823,aclonifène (Aclonifen) 500.0 g/L | diflufénican (Diflufenican) 100.0 g/L,Blé*Désherbage,Autorisé,1.2,L/ha,
ANTILOPE XTRA,2250823,aclonifène (Aclonifen) 500.0 g/L | diflufénican (Diflufenican) 100.0 g/L,Blé*Désherbage,Autorisé,1.2,L/ha,
FUSILADE MAX,2000044,fluazifop-P (Fluazifop-P) 125.0 g/L,Tournesol*Désherbage,Autorisé,3.0,L/ha,90.0
FUSILADE MAX,2000044,fluazifop-P (Fluazifop-P) 125.0 g/L,Tournesol*Désherbage,Autorisé,1.5,L/ha,90.0
LAUREAT,9000198,diflufénican (Diflufenican) 25.0 g/L | chlorotoluron (Chlorotoluron) 400.0 g/L,Orge*Désherbage,Autorisé,4.5,L/ha,
LAUREAT,9000198,diflufénican (Diflufenican) 25.0 g/L | chlorotoluron (Chlorotoluron) 400.0 g/L,Blé*Désherbage,Autorisé,4.5,L/ha,
AMISTAR GOLD,2160724,difénoconazole (Difenoconazole) 125.0 g/L | azoxystrobine (Azoxystrobin) 125.0 g/L,Tournesol*Trt Part.Aer.*Phomopsis (1),Autorisé,1.0,L/ha,
AMISTAR GOLD,2160724,difénoconazole (Difenoconazole) 125.0 g/L | azoxystrobine (Azoxystrobin) 125.0 g/L,Tournesol*Trt Part.Aer.*Sclérotiniose,Autorisé,1.0,L/ha,
AMISTAR GOLD,2160724,difénoconazole (Difenoconazole) 125.0 g/L | azoxystrobine (Azoxystrobin) 125.0 g/L,Tournesol*Trt Part.Aer.*Phoma (1),Autorisé,1.0,L/ha,
AMISTAR GOLD,2160724,difénoconazole (Difenoconazole) 125.0 g/L | azoxystrobine (Azoxystrobin) 125.0 g/L,Blé*Trt Part.Aer.*Rouille(s),Autorisé,1.0,L/ha,
AMISTAR GOLD,2160724,difénoconazole (Difenoconazole) 125.0 g/L | azoxystrobine (Azoxystrobin) 125.0 g/L,Blé*Trt Part.Aer.*Septoriose(s),Autorisé,1.0,L/ha,
PROTENDO 250 EC,2190395,prothioconazole (Prothioconazole) 250.0 g/L,Orge*Trt Part.Aer.*Piétin verse,Autorisé,0.8,L/ha,35.0
PROTENDO 250 EC,2190395,prothioconazole (Prothioconazole) 250.0 g/L,Orge*Trt Part.Aer.*Rouille(s),Autorisé,0.8,L/ha,35.0
PROTENDO 250 EC,2190395,prothioconazole (Prothioconazole) 250.0 g/L,Orge*Trt Part.Aer.*Oïdium(s),Autorisé,0.8,L/ha,35.0
PROTENDO 250 EC,2190395,prothioconazole (Prothioconazole) 250.0 g/L,Orge*Trt Part.Aer.*Helminthosporiose et ramulariose,Autorisé,0.8,L/ha,35.0
PROTENDO 250 EC,2190395,prothioconazole (Prothioconazole) 250.0 g/L,Orge*Trt Part.Aer.*Fusarioses,Autorisé,0.8,L/ha,35.0
PROTENDO 250 EC,2190395,prothioconazole (Prothioconazole) 250.0 g/L,Orge*Trt Part.Aer.*Rhynchosporiose,Autorisé,0.8,L/ha,35.0
PROTENDO 250 EC,2190395,prothioconazole (Prothioconazole) 250.0 g/L,Blé*Trt Part.Aer.*Fusarioses,Autorisé,0.8,L/ha,35.0
PROTENDO 250 EC,2190395,prothioconazole (Prothioconazole) 250.0 g/L,Blé*Trt Part.Aer.*Piétin verse,Autorisé,0.8,L/ha,35.0
PROTENDO 250 EC,2190395,prothioconazole (Prothioconazole) 250.0 g/L,Blé*Trt Part.Aer.*Oïdium(s),Autorisé,0.8,L/ha,35.0
PROTENDO 250 EC,2190395,prothioconazole (Prothioconazole) 250.0 g/L,Blé*Trt Part.Aer.*Rouille(s),Autorisé,0.8,L/ha,35.0
PROTENDO 250 EC,2190395,prothioconazole (Prothioconazole) 250.0 g/L,Blé*Trt Part.Aer.*Septoriose(s),Autorisé,0.8,L/ha,35.0
LEPINOX WG,2260041,Bacillus thuringiensis subsp. kurstaki EG2348 (Bacillus thuringiensis subsp. Kurstaki strain EG 2348) 8500000000000 UFC/kg,Maïs*Trt Part.Aer.*Chenilles phytophages,Autorisé,1.0,kg/ha,2.0
LEPINOX WG,2260041,Bacillus thuringiensis subsp. kurstaki EG2348 (Bacillus thuringiensis subsp. Kurstaki strain EG 2348) 8500000000000 UFC/kg,Maïs doux*Trt Part.Aer.*Chenilles phytophages,Autorisé,1.0,kg/ha,2.0
LATITUDE XL,2150019,silthiofame (Silthiofam) 125.0 g/L,Orge*Trt Sem.*Champignons (autres que pythiacées),Autorisé,0.2,L/q,
LATITUDE XL,2150019,silthiofame (Silthiofam) 125.0 g/L,Blé*Trt Sem.*Champignons (autres que pythiacées),Autorisé,0.2,L/q,
ZOOM,2210568,fluxapyroxade (Fluxapyroxad) 63.3 g/L | méfentrifluconazole (Mefentrifluconazole) 66.7 g/L,Orge*Trt Part.Aer.*Helminthosporiose et ramulariose,Autorisé,1.5,L/ha,35.0
ZOOM,2210568,fluxapyroxade (Fluxapyroxad) 63.3 g/L | méfentrifluconazole (Mefentrifluconazole) 66.7 g/L,Orge*Trt Part.Aer.*Rhynchosporiose,Autorisé,1.5,L/ha,35.0
ZOOM,2210568,fluxapyroxade (Fluxapyroxad) 63.3 g/L | méfentrifluconazole (Mefentrifluconazole) 66.7 g/L,Blé*Trt Part.Aer.*Rouille(s),Autorisé,1.5,L/ha,35.0
ZOOM,2210568,fluxapyroxade (Fluxapyroxad) 63.3 g/L | méfentrifluconazole (Mefentrifluconazole) 66.7 g/L,Blé*Trt Part.Aer.*Septoriose(s),Autorisé,1.5,L/ha,35.0
IMTREX XE,2200891,fluxapyroxade (Fluxapyroxad) 62.5 g/L,Orge*Trt Part.Aer.*Piétin verse,Autorisé,2.0,L/ha,35.0
IMTREX XE,2200891,fluxapyroxade (Fluxapyroxad) 62.5 g/L,Orge*Trt Part.Aer.*Helminthosporiose et ramulariose,Autorisé,2.0,L/ha,35.0
IMTREX XE,2200891,fluxapyroxade (Fluxapyroxad) 62.5 g/L,Orge*Trt Part.Aer.*Rhynchosporiose,Autorisé,2.0,L/ha,35.0
IMTREX XE,2200891,fluxapyroxade (Fluxapyroxad) 62.5 g/L,Orge*Trt Part.Aer.*Rouille(s),Autorisé,2.0,L/ha,35.0
IMTREX XE,2200891,fluxapyroxade (Fluxapyroxad) 62.5 g/L,Orge*Trt Part.Aer.*Oïdium(s),Autorisé,2.0,L/ha,35.0
IMTREX XE,2200891,fluxapyroxade (Fluxapyroxad) 62.5 g/L,Blé*Trt Part.Aer.*Septoriose(s),Autorisé,2.0,L/ha,35.0
IMTREX XE,2200891,fluxapyroxade (Fluxapyroxad) 62.5 g/L,Blé*Trt Part.Aer.*Oïdium(s),Autorisé,2.0,L/ha,35.0
IMTREX XE,2200891,fluxapyroxade (Fluxapyroxad) 62.5 g/L,Blé*Trt Part.Aer.*Rouille(s),Autorisé,2.0,L/ha,35.0
IMTREX XE,2200891,fluxapyroxade (Fluxapyroxad) 62.5 g/L,Blé*Trt Part.Aer.*Piétin verse,Autorisé,2.0,L/ha,35.0
RUBIN PLUS,2190311,fludioxonil (Fludioxonil) 33.3 g/L | fluxapyroxade (Fluxapyroxad) 33.3 g/L | triticonazole (Triticonazole) 33.3 g/L,Orge*Trt Sem.*Champignons (autres que pythiacées),Autorisé,150.0,mL/q,
RUBIN PLUS,2190311,fludioxonil (Fludioxonil) 33.3 g/L | fluxapyroxade (Fluxapyroxad) 33.3 g/L | triticonazole (Triticonazole) 33.3 g/L,Blé*Trt Sem.*Champignons (autres que pythiacées),Autorisé,150.0,mL/q,
BEFLEX,2170455,béflubutamide (Beflubutamid) 500.0 g/L,Orge*Désherbage,Autorisé,0.5,L/ha,
BEFLEX,2170455,béflubutamide (Beflubutamid) 500.0 g/L,Blé*Désherbage,Autorisé,0.5,L/ha,
MAVRIK FLO,8900564,tau-fluvalinate (Tau-Fluvalinate) 240.0 g/L,Tournesol*Trt Part.Aer.*Pucerons,Autorisé,0.3,L/ha,
ISIX,2210567,méfentrifluconazole (Mefentrifluconazole) 95.0 g/L | pyraclostrobine (Pyraclostrobin) 100.0 g/L,Orge*Trt Part.Aer.*Helminthosporiose et ramulariose,Autorisé,1.5,L/ha,35.0
ISIX,2210567,méfentrifluconazole (Mefentrifluconazole) 95.0 g/L | pyraclostrobine (Pyraclostrobin) 100.0 g/L,Orge*Trt Part.Aer.*Rhynchosporiose,Autorisé,1.5,L/ha,35.0
ISIX,2210567,méfentrifluconazole (Mefentrifluconazole) 95.0 g/L | pyraclostrobine (Pyraclostrobin) 100.0 g/L,Blé*Trt Part.Aer.*Rouille(s),Autorisé,1.5,L/ha,35.0
ISIX,2210567,méfentrifluconazole (Mefentrifluconazole) 95.0 g/L | pyraclostrobine (Pyraclostrobin) 100.0 g/L,Blé*Trt Part.Aer.*Septoriose(s),Autorisé,1.5,L/ha,35.0
ARAPAHO,2171142,metconazole (Metconazole) 90.0 g/L,Orge*Trt Part.Aer.*Rhynchosporiose,Autorisé,1.0,L/ha,35.0
ARAPAHO,2171142,metconazole (Metconazole) 90.0 g/L,Orge*Trt Part.Aer.*Rouille(s),Autorisé,1.0,L/ha,35.0
ARAPAHO,2171142,metconazole (Metconazole) 90.0 g/L,Orge*Trt Part.Aer.*Oïdium(s),Autorisé,1.0,L/ha,35.0
ARAPAHO,2171142,metconazole (Metconazole) 90.0 g/L,Blé*Trt Part.Aer.*Oïdium(s),Autorisé,1.0,L/ha,35.0
ARAPAHO,2171142,metconazole (Metconazole) 90.0 g/L,Blé*Trt Part.Aer.*Fusarioses,Autorisé,1.0,L/ha,35.0
ARAPAHO,2171142,metconazole (Metconazole) 90.0 g/L,Blé*Trt Part.Aer.*Rouille(s),Autorisé,1.0,L/ha,35.0
ARAPAHO,2171142,metconazole (Metconazole) 90.0 g/L,Blé*Trt Part.Aer.*Septoriose(s),Autorisé,1.0,L/ha,35.0
VANOSTA ERA,2210785,prothioconazole (Prothioconazole) 150.0 g/L | benzovindiflupyr (Benzovindiflupyr) 75.0 g/L,Blé*Trt Part.Aer.*Rouille(s),Autorisé,1.0,L/ha,
VANOSTA ERA,2210785,prothioconazole (Prothioconazole) 150.0 g/L | benzovindiflupyr (Benzovindiflupyr) 75.0 g/L,Blé*Trt Part.Aer.*Fusarioses,Autorisé,1.0,L/ha,
VANOSTA ERA,2210785,prothioconazole (Prothioconazole) 150.0 g/L | benzovindiflupyr (Benzovindiflupyr) 75.0 g/L,Blé*Trt Part.Aer.*Septoriose(s),Autorisé,1.0,L/ha,
MEDAX MAX,2170933,trinéxapac (Trinexapac) 75.0 g/kg | prohexadione-calcium (Prohexadione) 50.0 g/kg,Orge*Trt Part.Aer.*Régul. Croiss. Org. Aériens,Autorisé,1.0,kg/ha,
MEDAX MAX,2170933,trinéxapac (Trinexapac) 75.0 g/kg | prohexadione-calcium (Prohexadione) 50.0 g/kg,Orge*Trt Part.Aer.*Régul. Croiss. Org. Aériens,Autorisé,0.75,kg/ha,
MEDAX MAX,2170933,trinéxapac (Trinexapac) 75.0 g/kg | prohexadione-calcium (Prohexadione) 50.0 g/kg,Blé*Trt Part.Aer.*Régul. Croiss. Org. Aériens,Autorisé,0.75,kg/ha,
MEDAX MAX,2170933,trinéxapac (Trinexapac) 75.0 g/kg | prohexadione-calcium (Prohexadione) 50.0 g/kg,Blé*Trt Part.Aer.*Régul. Croiss. Org. Aériens,Autorisé,0.5,kg/ha,
REVYSTAR,2190509,méfentrifluconazole (Mefentrifluconazole) 100.0 g/L,Orge*Trt Part.Aer.*Rouille(s),Autorisé,1.5,L/ha,35.0
REVYSTAR,2190509,méfentrifluconazole (Mefentrifluconazole) 100.0 g/L,Orge*Trt Part.Aer.*Rhynchosporiose,Autorisé,1.5,L/ha,35.0
REVYSTAR,2190509,méfentrifluconazole (Mefentrifluconazole) 100.0 g/L,Orge*Trt Part.Aer.*Helminthosporiose et ramulariose,Autorisé,1.5,L/ha,35.0
REVYSTAR,2190509,méfentrifluconazole (Mefentrifluconazole) 100.0 g/L,Blé*Trt Part.Aer.*Rouille(s),Autorisé,1.5,L/ha,35.0
REVYSTAR,2190509,méfentrifluconazole (Mefentrifluconazole) 100.0 g/L,Blé*Trt Part.Aer.*Septoriose(s),Autorisé,1.5,L/ha,35.0
REVYDAS,2230414,boscalide (Boscalid) 200.0 g/L | méfentrifluconazole (Mefentrifluconazole) 100.0 g/L,Tournesol*Trt Part.Aer.*Phoma (1),Autorisé,1.0,L/ha,
REVYDAS,2230414,boscalide (Boscalid) 200.0 g/L | méfentrifluconazole (Mefentrifluconazole) 100.0 g/L,Tournesol*Trt Part.Aer.*Phomopsis (1),Autorisé,1.0,L/ha,
REVYDAS,2230414,boscalide (Boscalid) 200.0 g/L | méfentrifluconazole (Mefentrifluconazole) 100.0 g/L,Tournesol*Trt Part.Aer.*Sclérotiniose,Autorisé,1.0,L/ha,
PICTOR ACTIVE,2200123,pyraclostrobine (Pyraclostrobin) 250.0 g/L | boscalide (Boscalid) 150.0 g/L,Tournesol*Trt Part.Aer.*Phoma (1),Autorisé,1.0,L/ha,
PICTOR ACTIVE,2200123,pyraclostrobine (Pyraclostrobin) 250.0 g/L | boscalide (Boscalid) 150.0 g/L,Tournesol*Trt Part.Aer.*Phomopsis (1),Autorisé,1.0,L/ha,
YANILA,2240297,méfentrifluconazole (Mefentrifluconazole) 50.0 g/L | prothioconazole (Prothioconazole) 95.0 g/L,Blé*Trt Part.Aer.*Fusarioses,Autorisé,1.5,L/ha,35.0
YANILA,2240297,méfentrifluconazole (Mefentrifluconazole) 50.0 g/L | prothioconazole (Prothioconazole) 95.0 g/L,Orge*Trt Part.Aer.*Rhynchosporiose,Autorisé,1.5,L/ha,35.0
YANILA,2240297,méfentrifluconazole (Mefentrifluconazole) 50.0 g/L | prothioconazole (Prothioconazole) 95.0 g/L,Orge*Trt Part.Aer.*Helminthosporiose et ramulariose,Autorisé,1.5,L/ha,35.0
YANILA,2240297,méfentrifluconazole (Mefentrifluconazole) 50.0 g/L | prothioconazole (Prothioconazole) 95.0 g/L,Orge*Trt Part.Aer.*Rouille(s),Autorisé,1.5,L/ha,35.0
YANILA,2240297,méfentrifluconazole (Mefentrifluconazole) 50.0 g/L | prothioconazole (Prothioconazole) 95.0 g/L,Blé*Trt Part.Aer.*Septoriose(s),Autorisé,1.5,L/ha,35.0
YANILA,2240297,méfentrifluconazole (Mefentrifluconazole) 50.0 g/L | prothioconazole (Prothioconazole) 95.0 g/L,Blé*Trt Part.Aer.*Fusariose à microdochium,Autorisé,1.5,L/ha,35.0
YANILA,2240297,méfentrifluconazole (Mefentrifluconazole) 50.0 g/L | prothioconazole (Prothioconazole) 95.0 g/L,Blé*Trt Part.Aer.*Rouille(s),Autorisé,1.5,L/ha,35.0
KARIKO,2240781,méfentrifluconazole (Mefentrifluconazole) 95.0 g/L,Blé*Trt Part.Aer.*Septoriose(s),Autorisé,1.5,L/ha,35.0
KARIKO,2240781,méfentrifluconazole (Mefentrifluconazole) 95.0 g/L,Orge*Trt Part.Aer.*Helminthosporiose et ramulariose,Autorisé,1.5,L/ha,35.0
KARIKO,2240781,méfentrifluconazole (Mefentrifluconazole) 95.0 g/L,Orge*Trt Part.Aer.*Rhynchosporiose,Autorisé,1.5,L/ha,35.0
KARIKO,2240781,méfentrifluconazole (Mefentrifluconazole) 95.0 g/L,Orge*Trt Part.Aer.*Rouille(s),Autorisé,1.5,L/ha,35.0
KARIKO,2240781,méfentrifluconazole (Mefentrifluconazole) 95.0 g/L,Blé*Trt Part.Aer.*Rouille(s),Autorisé,1.5,L/ha,35.0
STRATOS ULTRA,9000490,cycloxydime (Cycloxydim) 100.0 g/L,Tournesol*Désherbage,Autorisé,4.0,L/ha,
STRATOS ULTRA,9000490,cycloxydime (Cycloxydim) 100.0 g/L,Maïs*Désherbage,Autorisé,4.0,L/ha,
CYTHRINE MAX,2100026,cyperméthrine (Cypermethrin) 500.0 g/L,Maïs*Trt Part.Aer.*Chenilles phytophages,Autorisé,0.15,L/ha,
CYTHRINE MAX,2100026,cyperméthrine (Cypermethrin) 500.0 g/L,Maïs*Trt Part.Aer.*Pyrale(s) (1),Autorisé,0.15,L/ha,
FLORASTAR 50,2150130,florasulame (Florasulam) 50.0 g/L,Orge*Désherbage,Autorisé,75.0,mL/ha,
FLORASTAR 50,2150130,florasulame (Florasulam) 50.0 g/L,Orge*Désherbage,Autorisé,125.0,mL/ha,
FLORASTAR 50,2150130,florasulame (Florasulam) 50.0 g/L,Blé*Désherbage,Autorisé,75.0,mL/ha,
FLORASTAR 50,2150130,florasulame (Florasulam) 50.0 g/L,Blé*Désherbage,Autorisé,125.0,mL/ha,
FLORASTAR 50,2150130,florasulame (Florasulam) 50.0 g/L,Blé*Désherbage,Autorisé,125.0,mL/ha,
FLORASTAR 50,2150130,florasulame (Florasulam) 50.0 g/L,Orge*Désherbage,Autorisé,125.0,mL/ha,
FLORASTAR 50,2150130,florasulame (Florasulam) 50.0 g/L,Blé*Désherbage,Autorisé,125.0,mL/ha,
FLUROSTAR FORTE,2230675,fluroxypyr-méptyl (Fluroxypyr) 576.0 g/L,Blé*Désherbage,Autorisé,0.5,L/ha,
FLUROSTAR FORTE,2230675,fluroxypyr-méptyl (Fluroxypyr) 576.0 g/L,Orge*Désherbage,Autorisé,0.5,L/ha,
FLUROSTAR FORTE,2230675,fluroxypyr-méptyl (Fluroxypyr) 576.0 g/L,Maïs*Désherbage,Autorisé,0.28,L/ha,
INCELO,2211123,thiencarbazone-méthyl (Thiencarbazone) 15.0 g/kg | mésosulfuron-méthyl (Mesosulfuron) 45.0 g/kg | méfenpyr-diéthyl (Mefenpyr) 112.5 g/kg,Blé*Désherbage,Autorisé,333.0,g/ha,
VALMAX XTRA,2250822,aclonifène (Aclonifen) 500.0 g/L | diflufénican (Diflufenican) 100.0 g/L,Blé*Désherbage,Autorisé,1.2,L/ha,
VALMAX XTRA,2250822,aclonifène (Aclonifen) 500.0 g/L | diflufénican (Diflufenican) 100.0 g/L,Orge*Désherbage,Autorisé,1.2,L/ha,
VALMAX XTRA,2250822,aclonifène (Aclonifen) 500.0 g/L | diflufénican (Diflufenican) 100.0 g/L,Blé*Désherbage,Autorisé,1.2,L/ha,
VALMAX XTRA,2250822,aclonifène (Aclonifen) 500.0 g/L | diflufénican (Diflufenican) 100.0 g/L,Orge*Désherbage,Autorisé,1.2,L/ha,
FLUROSTAR 200,2100053,fluroxypyr-méptyl (Fluroxypyr) 288.0 g/L,Maïs*Désherbage,Autorisé,1.0,L/ha,
FLUROSTAR 200,2100053,fluroxypyr-méptyl (Fluroxypyr) 288.0 g/L,Orge*Désherbage,Autorisé,1.0,L/ha,
FLUROSTAR 200,2100053,fluroxypyr-méptyl (Fluroxypyr) 288.0 g/L,Orge*Désherbage,Autorisé,1.0,L/ha,
FLUROSTAR 200,2100053,fluroxypyr-méptyl (Fluroxypyr) 288.0 g/L,Blé*Désherbage,Autorisé,1.0,L/ha,
FLUROSTAR 200,2100053,fluroxypyr-méptyl (Fluroxypyr) 288.0 g/L,Blé*Désherbage,Autorisé,1.0,L/ha,
KALENKOA,2100234,diflufénican (Diflufenican) 120.0 g/L | mésosulfuron-méthyl (Mesosulfuron) 9.0 g/L | iodosulfuron-méthyl-sodium (Iodosulfuron) 7.5 g/L | méfenpyr-diéthyl (Mefenpyr) 27.0 g/L,Blé*Désherbage,Autorisé,1.0,L/ha,
KALENKOA,2100234,diflufénican (Diflufenican) 120.0 g/L | mésosulfuron-méthyl (Mesosulfuron) 9.0 g/L | iodosulfuron-méthyl-sodium (Iodosulfuron) 7.5 g/L | méfenpyr-diéthyl (Mefenpyr) 27.0 g/L,Blé*Désherbage,Autorisé,1.0,L/ha,
TOMIGAN 200,2210113,fluroxypyr (Fluroxypyr) 288.0 g/L,Orge*Désherbage,Autorisé,1.0,L/ha,
TOMIGAN 200,2210113,fluroxypyr (Fluroxypyr) 288.0 g/L,Maïs*Désherbage,Autorisé,1.0,L/ha,
TOMIGAN 200,2210113,fluroxypyr (Fluroxypyr) 288.0 g/L,Orge*Désherbage,Autorisé,1.0,L/ha,
TOMIGAN 200,2210113,fluroxypyr (Fluroxypyr) 288.0 g/L,Blé*Désherbage,Autorisé,1.0,L/ha,
TOMIGAN 200,2210113,fluroxypyr (Fluroxypyr) 288.0 g/L,Blé*Désherbage,Autorisé,1.0,L/ha,
FORCE 20 CS,2040146,téfluthrine (Tefluthrin) 200.0 g/L,Maïs*Trt Sem.*Ravageurs du sol,Autorisé,0.05,L/unité,
GRETEG,2220752,difénoconazole (Difenoconazole) 250.0 g/L,Blé*Trt Part.Aer.*Rouille(s),Autorisé,0.5,L/ha,
GRETEG,2220752,difénoconazole (Difenoconazole) 250.0 g/L,Blé*Trt Part.Aer.*Septoriose(s),Autorisé,0.5,L/ha,
STEMPER,2220625,trinéxapac (Trinexapac) 175.0 g/L,Blé*Trt Part.Aer.*Régul. Croiss. Org. Aériens,Autorisé,0.5,L/ha,70.0
STEMPER,2220625,trinéxapac (Trinexapac) 175.0 g/L,Blé*Trt Part.Aer.*Régul. Croiss. Org. Aériens,Autorisé,0.5,L/ha,60.0
STEMPER,2220625,trinéxapac (Trinexapac) 175.0 g/L,Orge*Trt Part.Aer.*Régul. Croiss. Org. Aériens,Autorisé,0.8,L/ha,70.0
STEMPER,2220625,trinéxapac (Trinexapac) 175.0 g/L,Orge*Trt Part.Aer.*Régul. Croiss. Org. Aériens,Autorisé,0.6,L/ha,
DAVAI,2200317,imazamox (Imazamox) 80.0 g/L,Tournesol*Désherbage,Autorisé,0.65,L/ha,
LENTAGRAN,2080136,pyridate (Pyridate) 450.0 g/kg,Maïs doux*Désherbage,Autorisé,2.0,kg/ha,
LENTAGRAN,2080136,pyridate (Pyridate) 450.0 g/kg,Maïs doux*Désherbage,Autorisé,1.0,kg/ha,
LENTAGRAN,2080136,pyridate (Pyridate) 450.0 g/kg,Maïs doux*Désherbage,Autorisé,0.5,kg/ha,
LS PYRAC,2230561,pyraclostrobine (Pyraclostrobin) 200.0 g/L,Blé*Trt Part.Aer.*Rouille(s),Autorisé,1.1,L/ha,35.0
LS PYRAC,2230561,pyraclostrobine (Pyraclostrobin) 200.0 g/L,Blé*Trt Part.Aer.*Rouille(s),Autorisé,1.1,L/ha,35.0
LS PYRAC,2230561,pyraclostrobine (Pyraclostrobin) 200.0 g/L,Orge*Trt Part.Aer.*Helminthosporiose et ramulariose,Autorisé,1.1,L/ha,35.0
LS PYRAC,2230561,pyraclostrobine (Pyraclostrobin) 200.0 g/L,Orge*Trt Part.Aer.*Helminthosporiose et ramulariose,Autorisé,1.1,L/ha,35.0
LS PYRAC,2230561,pyraclostrobine (Pyraclostrobin) 200.0 g/L,Orge*Trt Part.Aer.*Rhynchosporiose,Autorisé,1.1,L/ha,35.0
LS PYRAC,2230561,pyraclostrobine (Pyraclostrobin) 200.0 g/L,Orge*Trt Part.Aer.*Rhynchosporiose,Autorisé,1.1,L/ha,35.0
LS PYRAC,2230561,pyraclostrobine (Pyraclostrobin) 200.0 g/L,Orge*Trt Part.Aer.*Rouille(s),Autorisé,1.1,L/ha,35.0
LS PYRAC,2230561,pyraclostrobine (Pyraclostrobin) 200.0 g/L,Orge*Trt Part.Aer.*Rouille(s),Autorisé,1.1,L/ha,35.0
PRIAXOR EC,2161101,fluxapyroxade (Fluxapyroxad) 75.0 g/L | pyraclostrobine (Pyraclostrobin) 150.0 g/L,Orge*Trt Part.Aer.*Rhynchosporiose,Autorisé,1.5,L/ha,35.0
PRIAXOR EC,2161101,fluxapyroxade (Fluxapyroxad) 75.0 g/L | pyraclostrobine (Pyraclostrobin) 150.0 g/L,Orge*Trt Part.Aer.*Helminthosporiose et ramulariose,Autorisé,1.5,L/ha,35.0
PRIAXOR EC,2161101,fluxapyroxade (Fluxapyroxad) 75.0 g/L | pyraclostrobine (Pyraclostrobin) 150.0 g/L,Orge*Trt Part.Aer.*Rouille(s),Autorisé,1.5,L/ha,35.0
PRIAXOR EC,2161101,fluxapyroxade (Fluxapyroxad) 75.0 g/L | pyraclostrobine (Pyraclostrobin) 150.0 g/L,Orge*Trt Part.Aer.*Oïdium(s),Autorisé,1.5,L/ha,35.0
PRIAXOR EC,2161101,fluxapyroxade (Fluxapyroxad) 75.0 g/L | pyraclostrobine (Pyraclostrobin) 150.0 g/L,Blé*Trt Part.Aer.*Oïdium(s),Autorisé,1.5,L/ha,35.0
PRIAXOR EC,2161101,fluxapyroxade (Fluxapyroxad) 75.0 g/L | pyraclostrobine (Pyraclostrobin) 150.0 g/L,Blé*Trt Part.Aer.*Rouille(s),Autorisé,1.5,L/ha,35.0
PRIAXOR EC,2161101,fluxapyroxade (Fluxapyroxad) 75.0 g/L | pyraclostrobine (Pyraclostrobin) 150.0 g/L,Blé*Trt Part.Aer.*Septoriose(s),Autorisé,1.5,L/ha,35.0
ELDORADO,2260229,prothioconazole (Prothioconazole) 125.0 g/L | fluopyram (Fluopyram) 125.0 g/L,Maïs doux*Trt Part.Aer.*Maladies des taches foliaires,Autorisé,1.0,L/ha,28.0
ELDORADO,2260229,prothioconazole (Prothioconazole) 125.0 g/L | fluopyram (Fluopyram) 125.0 g/L,Maïs*Trt Part.Aer.*Fusarioses,Autorisé,1.0,L/ha,
ELDORADO,2260229,prothioconazole (Prothioconazole) 125.0 g/L | fluopyram (Fluopyram) 125.0 g/L,Maïs*Trt Part.Aer.*Maladies des taches foliaires,Autorisé,1.0,L/ha,
MIRALON ,2250037,fluxapyroxade (Fluxapyroxad) 50.0 g/L | azoxystrobine (Azoxystrobin) 75.0 g/L,Orge*Trt Part.Aer.*Rhynchosporiose,Autorisé,2.0,L/ha,35.0
MIRALON ,2250037,fluxapyroxade (Fluxapyroxad) 50.0 g/L | azoxystrobine (Azoxystrobin) 75.0 g/L,Orge*Trt Part.Aer.*Rouille(s),Autorisé,2.0,L/ha,35.0
MIRALON ,2250037,fluxapyroxade (Fluxapyroxad) 50.0 g/L | azoxystrobine (Azoxystrobin) 75.0 g/L,Orge*Trt Part.Aer.*Helminthosporiose et ramulariose,Autorisé,2.0,L/ha,35.0
MIRALON ,2250037,fluxapyroxade (Fluxapyroxad) 50.0 g/L | azoxystrobine (Azoxystrobin) 75.0 g/L,Blé*Trt Part.Aer.*Rouille(s),Autorisé,2.0,L/ha,35.0
MIRALON ,2250037,fluxapyroxade (Fluxapyroxad) 50.0 g/L | azoxystrobine (Azoxystrobin) 75.0 g/L,Blé*Trt Part.Aer.*Septoriose(s),Autorisé,2.0,L/ha,35.0
JUBILE,2170997,soufre (Sulphur) 800.0 g/kg,Orge*Trt Part.Aer.*Oïdium(s),Autorisé,10.0,kg/ha,
JUBILE,2170997,soufre (Sulphur) 800.0 g/kg,Blé*Trt Part.Aer.*Oïdium(s),Autorisé,10.0,kg/ha,
JUBILE,2170997,soufre (Sulphur) 800.0 g/kg,Blé*Trt Part.Aer.*Septoriose(s),Autorisé,6.0,kg/ha,
ROUBAIX,2220109,azoxystrobine (Azoxystrobin) 250.0 g/L,Blé*Trt Part.Aer.*Helminthosporiose,Autorisé,1.0,L/ha,
ROUBAIX,2220109,azoxystrobine (Azoxystrobin) 250.0 g/L,Blé*Trt Part.Aer.*Rouille(s),Autorisé,1.0,L/ha,
ROUBAIX,2220109,azoxystrobine (Azoxystrobin) 250.0 g/L,Maïs*Trt Part.Aer.*Maladies des taches foliaires,Autorisé,1.0,L/ha,
ROUBAIX,2220109,azoxystrobine (Azoxystrobin) 250.0 g/L,Maïs*Trt Sol*Champignons (autres que pythiacées),Autorisé,1.0,L/ha,
ROUBAIX,2220109,azoxystrobine (Azoxystrobin) 250.0 g/L,Orge*Trt Part.Aer.*Helminthosporiose et ramulariose,Autorisé,1.0,L/ha,
ROUBAIX,2220109,azoxystrobine (Azoxystrobin) 250.0 g/L,Orge*Trt Part.Aer.*Rhynchosporiose,Autorisé,1.0,L/ha,
ROUBAIX,2220109,azoxystrobine (Azoxystrobin) 250.0 g/L,Orge*Trt Part.Aer.*Rouille(s),Autorisé,1.0,L/ha,
DEFT SG,2250647,metsulfuron-méthyle (Metsulfuron-methyl) 200.0 g/kg,Blé*Désherbage,Autorisé,15.0,g/ha,
DEFT SG,2250647,metsulfuron-méthyle (Metsulfuron-methyl) 200.0 g/kg,Orge*Désherbage,Autorisé,30.0,g/ha,
DEFT SG,2250647,metsulfuron-méthyle (Metsulfuron-methyl) 200.0 g/kg,Blé*Désherbage,Autorisé,30.0,g/ha,
DEFT SG,2250647,metsulfuron-méthyle (Metsulfuron-methyl) 200.0 g/kg,Orge*Désherbage,Autorisé,25.0,g/ha,
DEFT SG,2250647,metsulfuron-méthyle (Metsulfuron-methyl) 200.0 g/kg,Blé*Désherbage,Autorisé,25.0,g/ha,
DEFT SG,2250647,metsulfuron-méthyle (Metsulfuron-methyl) 200.0 g/kg,Orge*Désherbage,Autorisé,15.0,g/ha,
DEFT SG,2250647,metsulfuron-méthyle (Metsulfuron-methyl) 200.0 g/kg,Orge*Désherbage,Autorisé,20.0,g/ha,
DUGARA,2260110,aclonifène (Aclonifen) 475.0 g/L | diflufénican (Diflufenican) 105.0 g/L,Blé*Désherbage,Autorisé,0.7,L/ha,
DUGARA,2260110,aclonifène (Aclonifen) 475.0 g/L | diflufénican (Diflufenican) 105.0 g/L,Blé*Désherbage,Autorisé,0.7,L/ha,
DUGARA,2260110,aclonifène (Aclonifen) 475.0 g/L | diflufénican (Diflufenican) 105.0 g/L,Blé*Désherbage,Autorisé,0.35,L/ha,
DUGARA,2260110,aclonifène (Aclonifen) 475.0 g/L | diflufénican (Diflufenican) 105.0 g/L,Orge*Désherbage,Autorisé,0.7,L/ha,
DUGARA,2260110,aclonifène (Aclonifen) 475.0 g/L | diflufénican (Diflufenican) 105.0 g/L,Orge*Désherbage,Autorisé,0.7,L/ha,
DUGARA,2260110,aclonifène (Aclonifen) 475.0 g/L | diflufénican (Diflufenican) 105.0 g/L,Orge*Désherbage,Autorisé,0.35,L/ha,
CLAYTON AUGUSTA,2220298,azoxystrobine (Azoxystrobin) 250.0 g/L,Blé*Trt Part.Aer.*Helminthosporiose,Autorisé,1.0,L/ha,
CLAYTON AUGUSTA,2220298,azoxystrobine (Azoxystrobin) 250.0 g/L,Blé*Trt Part.Aer.*Rouille(s),Autorisé,1.0,L/ha,
CLAYTON AUGUSTA,2220298,azoxystrobine (Azoxystrobin) 250.0 g/L,Maïs*Trt Part.Aer.*Maladies des taches foliaires,Autorisé,1.0,L/ha,
CLAYTON AUGUSTA,2220298,azoxystrobine (Azoxystrobin) 250.0 g/L,Maïs*Trt Sol*Champignons (autres que pythiacées),Autorisé,1.0,L/ha,
CLAYTON AUGUSTA,2220298,azoxystrobine (Azoxystrobin) 250.0 g/L,Orge*Trt Part.Aer.*Helminthosporiose et ramulariose,Autorisé,1.0,L/ha,
CLAYTON AUGUSTA,2220298,azoxystrobine (Azoxystrobin) 250.0 g/L,Orge*Trt Part.Aer.*Rhynchosporiose,Autorisé,1.0,L/ha,
CLAYTON AUGUSTA,2220298,azoxystrobine (Azoxystrobin) 250.0 g/L,Orge*Trt Part.Aer.*Rouille(s),Autorisé,1.0,L/ha,
CLAYTON TUSKAR,2210839,prothioconazole (Prothioconazole) 250.0 g/L,Orge*Trt Part.Aer.*Helminthosporiose et ramulariose,Autorisé,0.8,L/ha,35.0
CLAYTON TUSKAR,2210839,prothioconazole (Prothioconazole) 250.0 g/L,Orge*Trt Part.Aer.*Fusarioses,Autorisé,0.8,L/ha,35.0
CLAYTON TUSKAR,2210839,prothioconazole (Prothioconazole) 250.0 g/L,Orge*Trt Part.Aer.*Oïdium(s),Autorisé,0.8,L/ha,35.0
CLAYTON TUSKAR,2210839,prothioconazole (Prothioconazole) 250.0 g/L,Orge*Trt Part.Aer.*Piétin verse,Autorisé,0.8,L/ha,35.0
CLAYTON TUSKAR,2210839,prothioconazole (Prothioconazole) 250.0 g/L,Orge*Trt Part.Aer.*Rhynchosporiose,Autorisé,0.8,L/ha,35.0
CLAYTON TUSKAR,2210839,prothioconazole (Prothioconazole) 250.0 g/L,Orge*Trt Part.Aer.*Rouille(s),Autorisé,0.8,L/ha,35.0
CLAYTON TUSKAR,2210839,prothioconazole (Prothioconazole) 250.0 g/L,Blé*Trt Part.Aer.*Fusarioses,Autorisé,0.8,L/ha,35.0
CLAYTON TUSKAR,2210839,prothioconazole (Prothioconazole) 250.0 g/L,Blé*Trt Part.Aer.*Oïdium(s),Autorisé,0.8,L/ha,35.0
CLAYTON TUSKAR,2210839,prothioconazole (Prothioconazole) 250.0 g/L,Blé*Trt Part.Aer.*Rouille(s),Autorisé,0.8,L/ha,35.0
CLAYTON TUSKAR,2210839,prothioconazole (Prothioconazole) 250.0 g/L,Blé*Trt Part.Aer.*Piétin verse,Autorisé,0.8,L/ha,35.0
CLAYTON TUSKAR,2210839,prothioconazole (Prothioconazole) 250.0 g/L,Blé*Trt Part.Aer.*Septoriose(s),Autorisé,0.8,L/ha,35.0
QUESTAR,2200066,fenpicoxamide (Fenpicoxamid) 50.0 g/L,Blé*Trt Part.Aer.*Rouille(s),Autorisé,2.0,L/ha,
QUESTAR,2200066,fenpicoxamide (Fenpicoxamid) 50.0 g/L,Blé*Trt Part.Aer.*Septoriose(s),Autorisé,1.5,L/ha,
ELATUS PLUS,2160617,benzovindiflupyr (Benzovindiflupyr) 100.0 g/L,Orge*Trt Part.Aer.*Rhynchosporiose,Autorisé,0.75,L/ha,
ELATUS PLUS,2160617,benzovindiflupyr (Benzovindiflupyr) 100.0 g/L,Orge*Trt Part.Aer.*Rouille(s),Autorisé,0.75,L/ha,
ELATUS PLUS,2160617,benzovindiflupyr (Benzovindiflupyr) 100.0 g/L,Orge*Trt Part.Aer.*Helminthosporiose et ramulariose,Autorisé,0.75,L/ha,
ELATUS PLUS,2160617,benzovindiflupyr (Benzovindiflupyr) 100.0 g/L,Blé*Trt Part.Aer.*Rouille(s),Autorisé,0.75,L/ha,
ELATUS PLUS,2160617,benzovindiflupyr (Benzovindiflupyr) 100.0 g/L,Blé*Trt Part.Aer.*Septoriose(s),Autorisé,0.75,L/ha,
ELATUS ERA,2160959,prothioconazole (Prothioconazole) 150.0 g/L | benzovindiflupyr (Benzovindiflupyr) 75.0 g/L,Orge*Trt Part.Aer.*Rhynchosporiose,Autorisé,1.0,L/ha,
ELATUS ERA,2160959,prothioconazole (Prothioconazole) 150.0 g/L | benzovindiflupyr (Benzovindiflupyr) 75.0 g/L,Orge*Trt Part.Aer.*Rouille(s),Autorisé,1.0,L/ha,
ELATUS ERA,2160959,prothioconazole (Prothioconazole) 150.0 g/L | benzovindiflupyr (Benzovindiflupyr) 75.0 g/L,Orge*Trt Part.Aer.*Helminthosporiose et ramulariose,Autorisé,1.0,L/ha,
ELATUS ERA,2160959,prothioconazole (Prothioconazole) 150.0 g/L | benzovindiflupyr (Benzovindiflupyr) 75.0 g/L,Blé*Trt Part.Aer.*Fusarioses,Autorisé,1.0,L/ha,
ELATUS ERA,2160959,prothioconazole (Prothioconazole) 150.0 g/L | benzovindiflupyr (Benzovindiflupyr) 75.0 g/L,Blé*Trt Part.Aer.*Rouille(s),Autorisé,1.0,L/ha,
ELATUS ERA,2160959,prothioconazole (Prothioconazole) 150.0 g/L | benzovindiflupyr (Benzovindiflupyr) 75.0 g/L,Blé*Trt Part.Aer.*Septoriose(s),Autorisé,1.0,L/ha,
ELEDURA,2250015,halauxifène-méthyl (Halauxifen-methyl) 1.33 g/L | diflufénican (Diflufenican) 14.0 g/L | prosulfocarbe (Prosulfocarb) 667.0 g/L | cloquintocet-mexyl (Cloquintocet mexyl) 1.33 g/L,Blé*Désherbage,Autorisé,3.0,L/ha,
ELEDURA,2250015,halauxifène-méthyl (Halauxifen-methyl) 1.33 g/L | diflufénican (Diflufenican) 14.0 g/L | prosulfocarbe (Prosulfocarb) 667.0 g/L | cloquintocet-mexyl (Cloquintocet mexyl) 1.33 g/L,Orge*Désherbage,Autorisé,3.0,L/ha,
ERADICOAT MAX,2190191,maltodextrine (Maltodextrine) 476.0 g/L,Maïs doux*Trt Part.Aer.*Acariens,Autorisé,30.0,L/ha,3.0
ERADICOAT MAX,2190191,maltodextrine (Maltodextrine) 476.0 g/L,Maïs doux*Trt Part.Aer.*Aleurodes,Autorisé,30.0,L/ha,3.0
ERADICOAT MAX,2190191,maltodextrine (Maltodextrine) 476.0 g/L,Maïs doux*Trt Part.Aer.*Pucerons,Autorisé,30.0,L/ha,3.0
OPAL SL,2120210,dicamba sel de diméthylamine (Dicamba) 656.7 g/L,Maïs*Désherbage,Autorisé,0.6,L/ha,
INTER DICAMBA,2170055,dicamba sel de diméthylamine (Dicamba) 575.9 g/L,Maïs*Désherbage,Autorisé,0.6,L/ha,
REVYSTAR XL,2190686,méfentrifluconazole (Mefentrifluconazole) 100.0 g/L | fluxapyroxade (Fluxapyroxad) 50.0 g/L,Orge*Trt Part.Aer.*Rouille(s),Autorisé,1.5,L/ha,35.0
REVYSTAR XL,2190686,méfentrifluconazole (Mefentrifluconazole) 100.0 g/L | fluxapyroxade (Fluxapyroxad) 50.0 g/L,Orge*Trt Part.Aer.*Helminthosporiose et ramulariose,Autorisé,1.5,L/ha,35.0
REVYSTAR XL,2190686,méfentrifluconazole (Mefentrifluconazole) 100.0 g/L | fluxapyroxade (Fluxapyroxad) 50.0 g/L,Orge*Trt Part.Aer.*Rhynchosporiose,Autorisé,1.5,L/ha,35.0
REVYSTAR XL,2190686,méfentrifluconazole (Mefentrifluconazole) 100.0 g/L | fluxapyroxade (Fluxapyroxad) 50.0 g/L,Blé*Trt Part.Aer.*Rouille(s),Autorisé,1.5,L/ha,35.0
REVYSTAR XL,2190686,méfentrifluconazole (Mefentrifluconazole) 100.0 g/L | fluxapyroxade (Fluxapyroxad) 50.0 g/L,Blé*Trt Part.Aer.*Septoriose(s),Autorisé,1.5,L/ha,35.0
REVYSTAR XL,2190686,méfentrifluconazole (Mefentrifluconazole) 100.0 g/L | fluxapyroxade (Fluxapyroxad) 50.0 g/L,Blé*Trt Part.Aer.*Oïdium(s),Autorisé,1.5,L/ha,35.0
DIFEND EXTRA,2160484,difénoconazole (Difenoconazole) 25.0 g/L | fludioxonil (Fludioxonil) 25.0 g/L,Orge*Trt Sem.*Champignons (autres que pythiacées),Autorisé,0.2,L/q,
DIFEND EXTRA,2160484,difénoconazole (Difenoconazole) 25.0 g/L | fludioxonil (Fludioxonil) 25.0 g/L,Blé*Trt Sem.*Champignons (autres que pythiacées),Autorisé,0.2,L/q,
HURLER,2100028,fluroxypyr (Fluroxypyr) 288.0 g/L,Maïs*Désherbage,Autorisé,1.0,L/ha,
HURLER,2100028,fluroxypyr (Fluroxypyr) 288.0 g/L,Orge*Désherbage,Autorisé,1.0,L/ha,
HURLER,2100028,fluroxypyr (Fluroxypyr) 288.0 g/L,Blé*Désherbage,Autorisé,1.0,L/ha,
BELLALI,2250086,folpet (Folpet) 375.0 g/L | azoxystrobine (Azoxystrobin) 75.0 g/L,Orge*Trt Part.Aer.*Helminthosporiose et ramulariose,Autorisé,2.0,L/ha,
BELLALI,2250086,folpet (Folpet) 375.0 g/L | azoxystrobine (Azoxystrobin) 75.0 g/L,Orge*Trt Part.Aer.*Rouille(s),Autorisé,2.0,L/ha,
BELLALI,2250086,folpet (Folpet) 375.0 g/L | azoxystrobine (Azoxystrobin) 75.0 g/L,Orge*Trt Part.Aer.*Rhynchosporiose,Autorisé,2.0,L/ha,
BELLALI,2250086,folpet (Folpet) 375.0 g/L | azoxystrobine (Azoxystrobin) 75.0 g/L,Blé*Trt Part.Aer.*Helminthosporiose,Autorisé,2.0,L/ha,
BELLALI,2250086,folpet (Folpet) 375.0 g/L | azoxystrobine (Azoxystrobin) 75.0 g/L,Blé*Trt Part.Aer.*Rouille(s),Autorisé,2.0,L/ha,
BELLALI,2250086,folpet (Folpet) 375.0 g/L | azoxystrobine (Azoxystrobin) 75.0 g/L,Blé*Trt Part.Aer.*Septoriose(s),Autorisé,2.0,L/ha,
MAXENTIS,2230815,prothioconazole (Prothioconazole) 150.0 g/L | azoxystrobine (Azoxystrobin) 200.0 g/L,Blé*Trt Part.Aer.*Fusariose à microdochium,Autorisé,1.0,L/ha,35.0
MAXENTIS,2230815,prothioconazole (Prothioconazole) 150.0 g/L | azoxystrobine (Azoxystrobin) 200.0 g/L,Orge*Trt Part.Aer.*Fusarioses,Autorisé,1.0,L/ha,35.0
MAXENTIS,2230815,prothioconazole (Prothioconazole) 150.0 g/L | azoxystrobine (Azoxystrobin) 200.0 g/L,Blé*Trt Part.Aer.*Rouille(s),Autorisé,1.0,L/ha,35.0
MAXENTIS,2230815,prothioconazole (Prothioconazole) 150.0 g/L | azoxystrobine (Azoxystrobin) 200.0 g/L,Blé*Trt Part.Aer.*Helminthosporiose,Autorisé,1.0,L/ha,35.0
MAXENTIS,2230815,prothioconazole (Prothioconazole) 150.0 g/L | azoxystrobine (Azoxystrobin) 200.0 g/L,Orge*Trt Part.Aer.*Oïdium(s),Autorisé,1.0,L/ha,35.0
MAXENTIS,2230815,prothioconazole (Prothioconazole) 150.0 g/L | azoxystrobine (Azoxystrobin) 200.0 g/L,Orge*Trt Part.Aer.*Rouille(s),Autorisé,1.0,L/ha,35.0
MAXENTIS,2230815,prothioconazole (Prothioconazole) 150.0 g/L | azoxystrobine (Azoxystrobin) 200.0 g/L,Blé*Trt Part.Aer.*Fusarioses,Autorisé,1.0,L/ha,35.0
MAXENTIS,2230815,prothioconazole (Prothioconazole) 150.0 g/L | azoxystrobine (Azoxystrobin) 200.0 g/L,Orge*Trt Part.Aer.*Rhynchosporiose,Autorisé,1.0,L/ha,35.0
MAXENTIS,2230815,prothioconazole (Prothioconazole) 150.0 g/L | azoxystrobine (Azoxystrobin) 200.0 g/L,Orge*Trt Part.Aer.*Helminthosporiose et ramulariose,Autorisé,1.0,L/ha,35.0
MAXENTIS,2230815,prothioconazole (Prothioconazole) 150.0 g/L | azoxystrobine (Azoxystrobin) 200.0 g/L,Blé*Trt Part.Aer.*Septoriose(s),Autorisé,1.0,L/ha,35.0
MAXENTIS,2230815,prothioconazole (Prothioconazole) 150.0 g/L | azoxystrobine (Azoxystrobin) 200.0 g/L,Blé*Trt Part.Aer.*Oïdium(s),Autorisé,1.0,L/ha,35.0
NOPISTAR,2260025,spinosad (Spinosad) 480.0 g/L,Maïs doux*Trt Part.Aer.*Chenilles phytophages,Autorisé,0.2,L/ha,3.0
NOPISTAR,2260025,spinosad (Spinosad) 480.0 g/L,Maïs*Trt Part.Aer.*Chenilles phytophages,Autorisé,0.2,L/ha,
NOPISTAR,2260025,spinosad (Spinosad) 480.0 g/L,Maïs*Trt Part.Aer.*Pyrale(s) (1),Autorisé,0.2,L/ha,
NOPISTAR,2260025,spinosad (Spinosad) 480.0 g/L,Porte graine - Maïs*Trt Part.Aer.*Chenilles phytophages,Autorisé,0.2,L/ha,
PROTENDO EXTRA,2210742,prothioconazole (Prothioconazole) 125.0 g/L | tébuconazole (Tebuconazole) 125.0 g/L,Orge*Trt Part.Aer.*Rouille(s),Autorisé,1.0,L/ha,35.0
PROTENDO EXTRA,2210742,prothioconazole (Prothioconazole) 125.0 g/L | tébuconazole (Tebuconazole) 125.0 g/L,Orge*Trt Part.Aer.*Oïdium(s),Autorisé,1.0,L/ha,35.0
PROTENDO EXTRA,2210742,prothioconazole (Prothioconazole) 125.0 g/L | tébuconazole (Tebuconazole) 125.0 g/L,Orge*Trt Part.Aer.*Rhynchosporiose,Autorisé,1.0,L/ha,35.0
PROTENDO EXTRA,2210742,prothioconazole (Prothioconazole) 125.0 g/L | tébuconazole (Tebuconazole) 125.0 g/L,Orge*Trt Part.Aer.*Helminthosporiose et ramulariose,Autorisé,1.0,L/ha,35.0
PROTENDO EXTRA,2210742,prothioconazole (Prothioconazole) 125.0 g/L | tébuconazole (Tebuconazole) 125.0 g/L,Orge*Trt Part.Aer.*Fusarioses,Autorisé,1.0,L/ha,35.0
PROTENDO EXTRA,2210742,prothioconazole (Prothioconazole) 125.0 g/L | tébuconazole (Tebuconazole) 125.0 g/L,Blé*Trt Part.Aer.*Fusarioses,Autorisé,1.0,L/ha,35.0
PROTENDO EXTRA,2210742,prothioconazole (Prothioconazole) 125.0 g/L | tébuconazole (Tebuconazole) 125.0 g/L,Blé*Trt Part.Aer.*Oïdium(s),Autorisé,1.0,L/ha,35.0
PROTENDO EXTRA,2210742,prothioconazole (Prothioconazole) 125.0 g/L | tébuconazole (Tebuconazole) 125.0 g/L,Blé*Trt Part.Aer.*Rouille(s),Autorisé,1.0,L/ha,35.0
PROTENDO EXTRA,2210742,prothioconazole (Prothioconazole) 125.0 g/L | tébuconazole (Tebuconazole) 125.0 g/L,Blé*Trt Part.Aer.*Septoriose(s),Autorisé,1.0,L/ha,35.0
TRIKA PERFECT,2220986,lambda-cyhalothrine (Lambda-Cyhalothrin) 1.5 g/kg,Maïs*Trt Sol*Ravageurs du sol,Autorisé,40.0,kg/ha,
TRIKA PERFECT,2220986,lambda-cyhalothrine (Lambda-Cyhalothrin) 1.5 g/kg,Tournesol*Trt Sol*Ravageurs du sol,Autorisé,40.0,kg/ha,
TRIKA SUPER,2220987,lambda-cyhalothrine (Lambda-Cyhalothrin) 2.4 g/kg,Maïs*Trt Sol*Ravageurs du sol,Autorisé,25.0,kg/ha,
TRIKA SUPER,2220987,lambda-cyhalothrine (Lambda-Cyhalothrin) 2.4 g/kg,Tournesol*Trt Sol*Ravageurs du sol,Autorisé,25.0,kg/ha,
FORCE EVO,2250546,téfluthrine (Tefluthrin) 5.0 g/kg,Maïs*Trt Sol*Ravageurs du sol,Autorisé,16.0,kg/ha,
FORCE EVO,2250546,téfluthrine (Tefluthrin) 5.0 g/kg,Maïs doux*Trt Sol*Ravageurs du sol,Autorisé,16.0,kg/ha,
FORCE EVO,2250546,téfluthrine (Tefluthrin) 5.0 g/kg,Maïs*Trt Sol*Ravageurs du sol,Autorisé,20.0,kg/ha,
TRIKA LAMBDA 1,2150964,lambda-cyhalothrine (Lambda-Cyhalothrin) 4.0 g/kg,Maïs*Trt Sol*Ravageurs du sol,Autorisé,15.0,kg/ha,
TRIKA LAMBDA 1,2150964,lambda-cyhalothrine (Lambda-Cyhalothrin) 4.0 g/kg,Maïs doux*Trt Sol*Ravageurs du sol,Autorisé,15.0,kg/ha,
TRIKA LAMBDA 1,2150964,lambda-cyhalothrine (Lambda-Cyhalothrin) 4.0 g/kg,Tournesol*Trt Sol*Ravageurs du sol,Autorisé,15.0,kg/ha,
REVYSTAR XL + PRIAXOR EC,2190686/2161101,méfentrifluconazole (Mefentrifluconazole) 100.0 g/L | fluxapyroxade (Fluxapyroxad) 50.0 g/L | pyraclostrobine (Pyraclostrobin) 150.0 g/L | fluxapyroxade (Fluxapyroxad) 75.0 g/L,Blé*Trt Part.Aer.*Septoriose(s),Autorisé,1.5,L/ha,35.0
REVYSTAR XL + PRIAXOR EC,2190686/2161101,méfentrifluconazole (Mefentrifluconazole) 100.0 g/L | fluxapyroxade (Fluxapyroxad) 50.0 g/L | pyraclostrobine (Pyraclostrobin) 150.0 g/L | fluxapyroxade (Fluxapyroxad) 75.0 g/L,Blé*Trt Part.Aer.*Rouille(s),Autorisé,1.5,L/ha,35.0
REVYSTAR XL + PRIAXOR EC,2190686/2161101,méfentrifluconazole (Mefentrifluconazole) 100.0 g/L | fluxapyroxade (Fluxapyroxad) 50.0 g/L | pyraclostrobine (Pyraclostrobin) 150.0 g/L | fluxapyroxade (Fluxapyroxad) 75.0 g/L,Orge*Trt Part.Aer.*Helminthosporiose et ramulariose,Autorisé,1.5,L/ha,35.0
REVYSTAR XL + PRIAXOR EC,2190686/2161101,méfentrifluconazole (Mefentrifluconazole) 100.0 g/L | fluxapyroxade (Fluxapyroxad) 50.0 g/L | pyraclostrobine (Pyraclostrobin) 150.0 g/L | fluxapyroxade (Fluxapyroxad) 75.0 g/L,Orge*Trt Part.Aer.*Rouille(s),Autorisé,1.5,L/ha,35.0
REVYSTAR XL + PRIAXOR EC,2190686/2161101,méfentrifluconazole (Mefentrifluconazole) 100.0 g/L | fluxapyroxade (Fluxapyroxad) 50.0 g/L | pyraclostrobine (Pyraclostrobin) 150.0 g/L | fluxapyroxade (Fluxapyroxad) 75.0 g/L,Orge*Trt Part.Aer.*Rhynchosporiose,Autorisé,1.5,L/ha,35.0
REVYSTAR XL + PRIAXOR EC,2190686/2161101,méfentrifluconazole (Mefentrifluconazole) 100.0 g/L | fluxapyroxade (Fluxapyroxad) 50.0 g/L | pyraclostrobine (Pyraclostrobin) 150.0 g/L | fluxapyroxade (Fluxapyroxad) 75.0 g/L,Blé*Trt Part.Aer.*Septoriose(s),Autorisé,1.5,L/ha,35.0
REVYSTAR XL + PRIAXOR EC,2190686/2161101,méfentrifluconazole (Mefentrifluconazole) 100.0 g/L | fluxapyroxade (Fluxapyroxad) 50.0 g/L | pyraclostrobine (Pyraclostrobin) 150.0 g/L | fluxapyroxade (Fluxapyroxad) 75.0 g/L,Blé*Trt Part.Aer.*Rouille(s),Autorisé,1.5,L/ha,35.0
REVYSTAR XL + PRIAXOR EC,2190686/2161101,méfentrifluconazole (Mefentrifluconazole) 100.0 g/L | fluxapyroxade (Fluxapyroxad) 50.0 g/L | pyraclostrobine (Pyraclostrobin) 150.0 g/L | fluxapyroxade (Fluxapyroxad) 75.0 g/L,Orge*Trt Part.Aer.*Helminthosporiose et ramulariose,Autorisé,1.5,L/ha,35.0
REVYSTAR XL + PRIAXOR EC,2190686/2161101,méfentrifluconazole (Mefentrifluconazole) 100.0 g/L | fluxapyroxade (Fluxapyroxad) 50.0 g/L | pyraclostrobine (Pyraclostrobin) 150.0 g/L | fluxapyroxade (Fluxapyroxad) 75.0 g/L,Orge*Trt Part.Aer.*Rouille(s),Autorisé,1.5,L/ha,35.0
REVYSTAR XL + PRIAXOR EC,2190686/2161101,méfentrifluconazole (Mefentrifluconazole) 100.0 g/L | fluxapyroxade (Fluxapyroxad) 50.0 g/L | pyraclostrobine (Pyraclostrobin) 150.0 g/L | fluxapyroxade (Fluxapyroxad) 75.0 g/L,Orge*Trt Part.Aer.*Rhynchosporiose,Autorisé,1.5,L/ha,35.0
REVYSTAR XL + COMET 200,2190686 - 2100151,méfentrifluconazole (Mefentrifluconazole) 100.0 g/L | fluxapyroxade (Fluxapyroxad) 50.0 g/L | pyraclostrobine (Pyraclostrobin) 200.0 g/L,Blé*Trt Part.Aer.*Rouille(s),Autorisé,1.8,L/ha,35.0
REVYSTAR XL + COMET 200,2190686 - 2100151,méfentrifluconazole (Mefentrifluconazole) 100.0 g/L | fluxapyroxade (Fluxapyroxad) 50.0 g/L | pyraclostrobine (Pyraclostrobin) 200.0 g/L,Orge*Trt Part.Aer.*Helminthosporiose et ramulariose,Autorisé,1.8,L/ha,35.0
REVYSTAR XL + COMET 200,2190686 - 2100151,méfentrifluconazole (Mefentrifluconazole) 100.0 g/L | fluxapyroxade (Fluxapyroxad) 50.0 g/L | pyraclostrobine (Pyraclostrobin) 200.0 g/L,Orge*Trt Part.Aer.*Rouille(s),Autorisé,1.8,L/ha,35.0
REVYSTAR XL + COMET 200,2190686 - 2100151,méfentrifluconazole (Mefentrifluconazole) 100.0 g/L | fluxapyroxade (Fluxapyroxad) 50.0 g/L | pyraclostrobine (Pyraclostrobin) 200.0 g/L,Orge*Trt Part.Aer.*Rhynchosporiose,Autorisé,1.8,L/ha,35.0
COMET 200 + ZOOM,2100151 - 2210568,pyraclostrobine (Pyraclostrobin) 200.0 g/L | fluxapyroxade (Fluxapyroxad) 63.3 g/L | méfentrifluconazole (Mefentrifluconazole) 66.7 g/L,Blé*Trt Part.Aer.*Rouille(s),Autorisé,1.4,L/ha,35.0
COMET 200 + ZOOM,2100151 - 2210568,pyraclostrobine (Pyraclostrobin) 200.0 g/L | fluxapyroxade (Fluxapyroxad) 63.3 g/L | méfentrifluconazole (Mefentrifluconazole) 66.7 g/L,Orge*Trt Part.Aer.*Helminthosporiose et ramulariose,Autorisé,1.4,L/ha,35.0
COMET 200 + ZOOM,2100151 - 2210568,pyraclostrobine (Pyraclostrobin) 200.0 g/L | fluxapyroxade (Fluxapyroxad) 63.3 g/L | méfentrifluconazole (Mefentrifluconazole) 66.7 g/L,Orge*Trt Part.Aer.*Rouille(s),Autorisé,1.4,L/ha,35.0
COMET 200 + ZOOM,2100151 - 2210568,pyraclostrobine (Pyraclostrobin) 200.0 g/L | fluxapyroxade (Fluxapyroxad) 63.3 g/L | méfentrifluconazole (Mefentrifluconazole) 66.7 g/L,Orge*Trt Part.Aer.*Rhynchosporiose,Autorisé,1.4,L/ha,35.0
